Uniprot_Entry,Resid,label,depth,pKa,sasa
A0FGR8,25,0,2.8252195896159726,10.2395,49.34893425447508
A0FGR8,56,0,1.9002524018393139,10.3305,60.175382865028745
A0FGR8,63,0,2.072013187907954,9.322,33.11615320752838
A0FGR8,68,0,1.9393188004366855,10.692,61.17844103944242
A0FGR8,69,0,1.8901353285587994,10.422,71.53153181316262
A0FGR8,98,0,3.220104478622048,8.818000000000001,24.060479658632325
A0FGR8,106,0,1.9057950913929709,10.2985,74.18168447345289
A0FGR8,108,0,1.8951195989160532,10.4705,69.35257714475648
A0FGR8,113,0,2.4948376962612806,10.49,34.28042580870258
A0FGR8,125,0,1.9213634157522232,10.5475,69.33589725126133
B9A064,4,0,1.9258497124037928,10.24,64.48050199153751
B9A064,23,0,2.203532245175394,9.74,50.542924358656826
B9A064,50,0,1.8829502006801573,10.24,68.28572336827469
B9A064,60,0,1.9496922764662328,11.14,52.84250473123761
B9A064,65,0,3.828532176302332,10.14,9.18238445259084
B9A064,98,0,2.07500430999572,10.13,36.45055783773989
P04075,12,0,2.3443283442988063,10.303333333333333,49.742821796311325
P04075,13,0,2.3998045373103687,9.565454545454545,38.65686622843114
P04075,14,1,2.058603004189106,10.8925,63.445011781714065
P04075,27,0,2.5864787458905902,9.91,34.29284000842278
P04075,28,0,2.674455653629022,9.775,31.68912237829721
P04075,41,0,1.9166111372618613,10.36,60.86188903676203
P04075,42,0,1.9890511314004353,10.13125,60.4198134996936
P04075,86,0,2.0741710329597143,10.206666666666667,48.73333426526563
P04075,87,0,1.9688058663171437,10.26875,54.15155893884944
P04075,98,0,2.043094809802738,9.816666666666668,40.34439830724707
P04075,99,0,2.0398041234379023,10.0175,49.54521916360057
P04075,100,0,2.072246270836081,9.68,27.322693107658225
P04075,101,0,2.0482025149545446,9.98375,25.667261947526384
P04075,107,0,2.295652240057805,9.306666666666667,22.957024691490037
P04075,108,1,2.511164455499829,10.64875,16.348786810049766
P04075,110,0,1.9124296704815993,10.446666666666667,37.50118059759353
P04075,111,0,1.9264557842264343,10.12875,43.511299598529256
P04075,138,0,2.242895079164265,11.566666666666668,24.829555721031273
P04075,139,0,2.1380311555158253,10.627272727272727,34.723886750447996
P04075,140,1,1.922292016885075,10.40375,63.838230371572955
P04075,146,0,4.422921402619207,12.6,13.805816182662943
P04075,147,0,5.097674386679583,13.66125,9.238200900192705
P04075,152,0,2.3438509169303656,9.386666666666667,42.79288798994643
P04075,153,1,2.2531817093859914,10.28125,47.81016826465432
P04075,199,0,1.9708199899040448,10.176666666666668,66.51534864151422
P04075,200,0,1.9794169207048466,9.93125,56.67995197636667
P04075,207,0,1.9438279081221852,10.719999999999999,55.94960531548486
P04075,208,0,2.00752362688531,10.1425,47.900137260517674
P04075,214,0,2.0740860965212433,10.923333333333332,61.592396595184255
P04075,215,0,2.064326070403534,10.44875,48.271704222882484
P04075,229,0,4.759305563933949,8.94,7.9165189627350045
P04075,230,1,6.176583239680623,7.9350000000000005,4.241489603427272
P04075,242,0,1.8707126252691306,10.44,77.25966096663826
P04075,243,0,1.8844786681257497,10.4275,75.45619179747536
P04075,288,0,2.0169692366640035,10.316666666666668,47.85469188658038
P04075,289,0,1.9484272740586333,10.3575,50.07434845126613
P04075,293,0,2.1225922195599747,9.74,16.59359787195001
P04075,294,0,2.1749787387552066,8.82375,13.601263594329208
P04075,311,0,1.9246734827455783,10.353333333333333,53.53049170575812
P04075,312,0,1.9605506940526947,10.5975,50.382077269162295
P04075,316,0,2.244289686451761,10.906666666666666,51.333176719036395
P04075,317,0,2.1203493783042884,10.446363636363635,57.42860525693964
P04075,318,0,1.9145600215906984,10.3025,58.84004645325115
P04075,321,0,1.9425018587294691,10.396666666666667,79.28963160301724
P04075,322,0,1.9724030910851187,10.53375,71.27211398166935
P04075,329,0,1.9974982303746887,10.886666666666665,38.05979504130996
P04075,330,0,2.0364081832085343,10.86,53.44587050780596
P04075,341,0,1.921190934332343,10.353333333333333,58.50438554963068
P04075,342,0,1.924228193208891,10.31625,56.53384337428214
P04083,8,0,3.1636789080436887,10.297727272727274,63.73346190094221
P04083,13,0,2.0778039214450845,10.445238095238095,62.2319693829182
P04083,18,0,1.9137153979808363,10.447142857142858,74.5372122495743
P04083,25,0,1.8325086003769666,10.4855,81.02778755178585
P04083,26,0,2.114299749945108,10.14,62.08189600052171
P04083,31,0,1.943229055969401,10.443636363636363,53.3230895699212
P04083,41,0,2.2204471202087053,9.644285714285715,27.926424312538714
P04083,44,0,2.164977447299793,8.63,18.114423240598743
P04083,50,0,2.294523408732131,10.326666666666668,57.49369654639455
P04083,54,0,2.436679197431817,10.32,64.2401701535379
P04083,57,0,2.1999592629073583,10.854285714285714,56.75057898412667
P04083,58,0,1.9288551884869245,10.486666666666666,69.8177889689722
P04083,63,0,2.305168756094518,10.49,70.41110897319861
P04083,70,0,1.9289309235801888,10.8,62.29598244989448
P04083,71,0,1.9148734025982288,10.36,77.6764346837067
P04083,73,0,1.8780935707610933,10.58,74.60150893255403
P04083,86,0,2.255911693202173,10.0,14.289697809470546
P04083,101,0,1.8707239138478853,10.18,50.004370293030505
P04083,120,0,1.9322955002361328,10.46,80.04764991377402
P04083,134,0,1.9281549256307025,10.48,80.61935432688041
P04083,139,0,1.9038501285774272,10.5,69.11965259318539
P04083,158,0,1.2562213576422347,10.48,70.54390671265972
P04083,187,0,1.910712776233852,10.46,85.12207472256145
P04083,212,0,2.010533137663211,10.26,55.249357402969096
P04083,215,0,1.9405151928036448,10.36,77.72395127259223
P04083,218,0,1.9063709005753584,10.49,83.48674484667407
P04083,223,0,2.1697574805377573,10.21,53.64266183512224
P04083,230,0,1.8706787518886656,10.52,83.75721633919406
P04083,235,0,1.9409916068084871,10.54,75.5211712236502
P04083,242,0,2.06715621997398,10.09,41.89474155687016
P04083,247,0,2.489971455187009,9.9,36.25561546859996
P04083,254,0,2.275519519658395,10.75,22.478848109674885
P04083,260,0,1.930474206121449,10.42,63.25056846765712
P04083,267,0,1.9211604570727192,10.59,84.3030353378318
P04083,285,0,2.2040265418024902,10.46,48.20672479670765
P04083,290,0,1.91521897152874,10.42,75.70636156559462
P04083,305,0,2.027869438915176,10.55,78.92250159486022
P04083,310,0,2.012736842617488,10.64,59.23338776157307
P04275,12,0,1.923683151219809,10.269473684210526,66.31360580362762
P04275,20,0,2.3025484543467662,10.7325,69.33323344249047
P04275,26,0,2.473535331477308,10.185,23.259632058862376
P04275,29,0,2.1250702279199043,10.208947368421052,39.63553512803543
P04275,30,0,2.2106690496534043,11.004999999999999,44.681546952606894
P04275,35,0,2.1733352558793415,10.625454545454545,54.92489573670161
P04275,46,0,1.9806969262993177,10.480500000000001,43.988050191803985
P04275,58,0,1.9307798427035698,10.584,61.48554808379256
P04275,65,0,2.237338423020085,10.683,59.317040847205774
P04275,66,0,2.0700589107024694,10.165,50.37262385689348
P04275,68,0,1.9265629579524823,10.824,52.964104001885616
P04275,73,0,2.061916783719136,10.61578947368421,58.13845315884856
P04275,82,0,1.933649102572247,10.256842105263157,58.08867510551447
P04275,94,0,2.1181824948365424,10.504736842105263,63.01845919727166
P04275,109,0,2.146472531138685,9.870000000000001,14.652633573268853
P04275,165,0,1.904855911020909,8.83,34.768954920059
P04275,185,0,1.9331804087076232,8.38,34.88437572515495
P04406,2,0,1.8707818547443673,9.879999999999999,39.70658954872139
P04406,3,0,1.890203819137121,10.488272727272728,54.27376585182652
P04406,4,0,2.242164089960254,10.115,38.68560466122818
P04406,5,1,2.5739867754572665,10.457027027027028,49.598520214381836
P04406,26,0,2.614005469241003,10.025,40.25941168098277
P04406,27,0,1.9788637381962184,10.706846846846847,43.82050129594853
P04406,54,0,2.032557966502115,11.09,45.57717902072952
P04406,55,1,1.9597743865315542,9.607196261682244,44.72964448534422
P04406,60,0,2.2463793679536446,10.79,51.59493247360424
P04406,61,1,2.288690290713978,10.816126126126125,49.961611200452296
P04406,65,0,1.9734155622077365,9.774999999999999,30.513520408616003
P04406,66,0,2.5272294898377003,10.157387387387388,43.95283381082187
P04406,71,0,2.3773374899295714,9.49,30.703766751237286
P04406,84,0,1.951592610290133,10.81072072072072,53.23481376722681
P04406,85,0,2.0524472376998175,10.11,33.116558996579464
P04406,86,0,2.1464060148494672,10.515945945945946,58.34206639136565
P04406,106,0,1.9923653463738427,10.375,45.385607318707486
P04406,107,1,2.0403461203530635,10.462432432432431,50.71682283308763
P04406,112,0,1.901618014765962,10.515,73.3100135942986
P04406,116,0,2.213510343690544,10.15,61.16689077770195
P04406,117,0,1.9981751139419288,10.407431192660551,57.1679329002206
P04406,138,0,1.938228434441815,7.85,33.24160092917703
P04406,139,0,1.908330591434957,10.122702702702702,56.66238775814892
P04406,144,0,2.3455549471307657,9.955,59.59627443798617
P04406,145,1,2.2739752195731753,10.01609090909091,54.224823943773984
P04406,161,0,2.392712705951122,10.44,50.534366791168154
P04406,162,1,2.3460853185553003,10.538648648648648,41.03454630599345
P04406,185,0,2.136862707410411,9.114999999999998,34.633228299946886
P04406,186,1,2.2511091682375084,9.487722772277227,35.92927929161688
P04406,193,0,1.8998313096771935,10.215,77.01501489289387
P04406,194,1,1.9085974265629968,10.397142857142857,77.29696176941277
P04406,214,0,2.169153270890459,9.96,56.08089770846614
P04406,215,1,2.080414503729896,10.06918918918919,61.38914769704517
P04406,218,0,1.9930476475357364,10.24,50.465840801411716
P04406,219,1,1.9411668278634926,9.964954954954955,53.242594928535574
P04406,226,0,1.9535866689809267,10.12,30.94148059535892
P04406,227,1,2.128581993681178,10.131250000000001,34.087953667824635
P04406,229,0,2.3006464272926928,9.48,36.99622139299114
P04406,250,0,2.102059322936647,10.33,63.20061387197269
P04406,251,0,2.2941654451348494,10.48045045045045,63.20387619306018
P04406,253,0,2.3151346584354613,11.055,56.35806144783675
P04406,254,0,2.1355642332247786,11.059279279279279,60.224362125325015
P04406,258,0,3.296367224980534,10.34,33.50320396743533
P04406,259,0,2.2927428814435453,10.732743362831858,33.59265349133866
P04406,260,1,1.9819728166324326,10.541711711711713,65.99642392840937
P04406,262,0,2.088564054477996,10.305,44.777954577163925
P04406,263,1,2.368099082676543,10.806396396396396,49.023238171127986
P04406,270,0,1.9663224070438439,10.395,64.99600134857579
P04406,271,0,1.9485835027307745,10.324259259259259,64.68604935694319
P04406,308,0,2.6526063678559444,11.024999999999999,31.71331427797602
P04406,309,0,4.428215772012098,8.691171171171172,11.615803570982196
P04406,333,0,1.9718877724800747,9.985,30.8917059867536
P04406,334,1,1.9858744944778493,10.394545454545455,34.38504486030773
P04632,8,0,1.9919898378994285,10.088333333333333,54.343177001179725
P04632,9,0,2.009250940628136,10.37,61.87657983064023
P04632,31,0,1.989487251907012,10.271666666666667,67.4277795036873
P04632,32,0,1.9554416518973108,10.33,72.84384705939873
P04632,40,0,2.1148036338161624,10.415000000000001,63.67515798728213
P04632,41,0,2.0952378692373923,10.4,75.73224698006327
P04632,63,0,2.7572682342992896,10.2725,33.405201002858895
P04632,70,0,2.487163513723108,10.125,36.24206735028134
P04632,71,0,2.280044635539475,10.86,31.27134782398585
P04632,77,0,1.9136802302827203,10.131666666666666,60.64020495098919
P04632,78,0,1.992175799237497,9.8025,58.84639508840528
P04632,79,0,1.9238404759125456,10.254999999999999,71.22527234433048
P04632,84,0,2.149369276283397,10.188333333333334,35.15763974447814
P04632,85,0,2.0851499030226943,9.82,30.559842537794704
P04632,153,0,1.9182161266124573,9.92,69.13967479219812
P04632,154,0,1.9417652145198905,10.04,54.80712914959112
P05019,27,0,2.25749206623081,9.974,40.06878791091073
P05019,28,0,1.9364556515807823,10.378888888888888,66.77020670943409
P05019,29,0,1.9371512306407475,10.48,69.88554670219182
P05019,31,0,2.117991262054832,11.245000000000001,56.94895902856117
P05019,40,0,2.0506559711933456,10.174666666666667,49.38252475217588
P05019,52,0,1.927124604251644,10.52,71.24628174520137
P05019,55,0,2.3878312273210174,10.36,53.54000375018149
P05019,65,0,1.9094124979338238,10.436666666666666,68.12849238282412
P05019,66,0,1.902389507560962,10.440000000000001,69.00319186274346
P05019,68,0,2.0473058357087486,10.190000000000001,51.33822835639013
P05019,69,0,1.8947367818124619,10.426666666666668,74.7392073591663
P05019,78,0,1.9432709314794414,10.238,55.66683579672301
P05019,81,0,1.9015908083176611,10.455333333333334,76.4761281238789
P05089,4,0,1.9676763223837337,10.055645161290323,74.68218599806262
P05089,17,0,2.447809681794611,10.352039800995026,37.63081655589105
P05089,33,0,2.665657017895741,10.167609756097562,60.54817796982651
P05089,39,1,2.8947791002602883,10.019951219512196,43.197173716583066
P05089,41,0,2.525546308515644,10.296995073891626,51.41219891901822
P05089,48,0,2.4128520286996493,10.518663366336634,47.110108398945094
P05089,68,0,3.113034947602847,9.61243654822335,44.67225149623457
P05089,75,0,2.6380475672912063,10.634876847290641,54.29588209812635
P05089,83,1,2.5901643637045306,10.555049504950494,32.49436990883018
P05089,88,0,2.777830294060716,7.790995024875622,7.6047005876731495
P05089,89,0,1.9711654560915728,10.271243781094528,63.243482137835
P05089,150,0,2.136636017845961,10.430149253731344,53.54289591705019
P05089,153,0,1.9389861081991069,10.175879396984925,63.30987622469843
P05089,155,0,1.9309376601393125,10.106614583333334,60.37560792311755
P05089,172,0,1.9714251057096632,10.392999999999999,59.08326839286746
P05089,191,0,2.9814612276069843,10.207754010695187,40.792624234099875
P05089,196,0,2.8007382605785325,9.54865,30.98800038307542
P05089,210,0,2.654949575267035,11.07636815920398,40.79389255190514
P05089,223,0,1.995579193101156,10.213233830845772,58.24743954476083
P05089,224,0,1.9121512500129751,10.237860696517412,67.78062345464187
P05089,266,0,2.413147831198858,10.95673469387755,51.829655493469716
P05089,284,0,2.3809045757566123,10.299455445544554,63.667892730261556
P05089,313,0,2.2757069321626937,10.597111111111111,53.94380458036394
P05090,7,0,1.9101169647197516,10.305,65.91632437146022
P05090,21,0,1.9011193175704453,10.594999999999999,53.97709419057391
P05090,31,0,3.3210298824699382,10.695,24.521390570822117
P05090,53,0,2.248664581337659,11.065,25.371502270391165
P05090,55,0,2.1853303426099604,10.295,40.844991461642515
P05090,84,0,2.8356038518695086,10.51,25.457536094206663
P05090,88,0,1.9694871833652277,10.18,44.03630963645241
P05090,144,0,2.361661432841699,10.5,32.149030271582504
P05090,155,0,1.9368221076931764,10.99,70.35583657744951
P05090,156,0,1.908731692848902,10.405000000000001,70.50538947772976
P05090,167,0,1.8929238002741366,10.34,68.52405898594233
P05106,41,0,2.49180757119361,10.224892086330936,55.53674509118346
P05106,46,0,1.9017525690027666,10.49268115942029,66.61123598721544
P05106,72,0,2.2371165782523774,11.01290780141844,53.259064691890984
P05106,98,0,3.0086129061830884,10.094326241134752,32.655941192941846
P05106,125,0,2.0231302362577623,10.348294573643411,43.13931682034901
P05106,131,0,9.511691252415114,10.978333333333333,35.45650828934348
P05106,137,0,2.7423605440856025,9.491560283687942,36.09488526626559
P05106,141,0,5.810522716364357,10.734166666666667,45.711073045127044
P05106,142,0,6.451421239758489,10.206666666666667,43.69598134062134
P05106,144,0,1.9894444150992672,9.785221238938053,49.00036645520875
P05106,159,0,5.483506468063805,10.419922480620155,4.530323741791329
P05106,160,0,8.463362658245972,10.674999999999999,43.256690149125234
P05106,170,0,3.9053515885900794,10.366666666666667,64.3910238695263
P05106,172,0,4.18241880012574,9.438333333333334,37.800619101542715
P05106,179,0,6.434608850169305,10.4,63.46080973852157
P05106,181,0,1.9056284322550516,9.79642857142857,62.27807983898078
P05106,182,0,8.538913002848673,10.2925,67.11612369497415
P05106,191,0,2.5974521034805407,8.711782945736434,22.83994886778362
P05106,208,0,2.025012778558735,10.311395348837209,43.74035925419143
P05106,209,0,1.9036050050904418,10.822558139534882,55.487776735557254
P05106,214,0,8.823870787054206,9.841666666666667,42.24776166885557
P05106,234,0,11.09837901130136,10.6725,61.072353927936895
P05106,235,0,2.076927037338861,9.630697674418604,26.867562482416723
P05106,245,0,13.075131729517269,10.450833333333334,75.84885951778908
P05106,250,0,10.571677358426454,10.644545454545455,64.19028547019
P05106,253,0,2.428565284546167,9.656666666666666,50.062794428696286
P05106,258,0,12.40755747180726,9.945,49.72711110596643
P05106,262,0,11.820379573532717,9.918333333333333,64.76357803374925
P05106,269,0,10.9789804012994,9.4075,29.7925085321554
P05106,276,0,10.571280872112565,10.885,45.143947394230175
P05106,278,0,8.961360769722672,10.525,61.79541383919163
P05106,286,0,9.131471106213489,10.304166666666667,61.895396661638294
P05106,287,0,9.908014111869655,9.593333333333334,28.011320945263453
P05106,291,0,9.806548088084357,10.16,27.451790203689722
P05106,298,0,3.3300878806850966,10.093359375,19.950330564050372
P05106,302,0,2.025993696630857,10.699922480620154,20.90664790903108
P05106,321,0,10.735415302799014,9.715833333333334,46.125970533249564
P05106,327,0,8.427455160652737,10.522499999999999,66.97955713515951
P05106,339,0,12.729900061513641,10.270000000000001,42.907422495031604
P05106,347,0,11.343631686804827,10.699166666666665,59.241528086287445
P05106,349,0,10.6468331080821,11.1475,27.476478431374574
P05106,350,0,1.9704922511654415,9.974108527131783,57.12515940276836
P05106,354,0,2.68979508840443,9.772695035460993,46.38506408047898
P05106,359,0,6.4603162422485765,10.656666666666666,45.77323949142151
P05106,384,0,2.2653370940068904,10.212713178294575,50.30246567986855
P05106,390,0,2.1759780576338654,10.417674418604651,64.56815100595584
P05106,402,0,2.2322354941247102,10.344728682170542,47.208825693795724
P05106,410,0,2.1598917222448284,10.729612403100774,41.49886891863909
P05106,412,0,1.9328233119754832,11.285503875968992,25.05260118898883
P05106,417,0,3.139476036989009,9.433875968992249,23.178219806022582
P05106,422,0,1.9034933309445508,10.598992248062016,52.443196990767994
P05106,452,0,2.0424545639980582,10.035555555555554,49.71559829608283
P05106,456,0,1.9385281107723822,10.661111111111111,58.1803906267162
P05106,469,0,1.870695037802844,10.54,65.7070648483
P05106,517,0,2.289435971478939,10.41,61.17739547813739
P05106,537,0,2.3662004437710165,11.21,16.595888616593253
P05106,548,0,2.5099694634472614,9.899999999999999,24.438236540272406
P05106,549,0,2.631884258494687,10.385,41.295155508963155
P05106,555,0,2.025067783282117,8.145,24.404595318940217
P05106,556,0,1.9485100920567058,10.005,42.229173912321826
P05106,580,0,1.9325896926514312,10.785,72.53667456520164
P05106,583,0,1.8707116758184124,10.615,71.18794956910737
P05106,587,0,1.9007256654979163,10.545,70.49244677049543
P05106,595,0,1.9501136277600688,10.39,52.5869721662839
P05106,613,0,2.216912983002449,10.96,43.15937986209568
P05109,7,1,2.1301639736322415,10.435555555555556,39.713570865729366
P05109,9,0,20.283090083361945,10.64,42.12744848770012
P05109,18,0,1.9606453392691674,10.77764705882353,42.55297323430483
P05109,20,0,30.33947656933746,11.31,47.92738484992596
P05109,23,0,2.248516972945797,11.61,33.191824074743636
P05109,25,0,37.74439495976252,12.105,35.94161982785835
P05109,35,1,2.3121612746797378,10.522115384615384,48.91780088294091
P05109,36,0,2.214233751184392,10.13076923076923,48.87589347180404
P05109,37,0,30.684249420557748,10.66,50.72012981927338
P05109,38,0,31.64772374766857,10.42,66.5675012612254
P05109,48,0,1.944404150823636,9.960181818181818,55.684431095577544
P05109,49,0,1.9857415235338343,9.227962962962962,26.6358805942802
P05109,50,0,21.03584152703129,10.31,65.9342739919862
P05109,51,0,20.356886001700307,10.355,31.12941983087523
P05109,56,0,2.0406751089859605,10.114905660377358,62.994652774118194
P05109,58,0,24.71373940996077,10.36,63.4622659976162
P05109,77,0,2.613576399709411,9.040000000000001,27.96267681494408
P05109,84,0,2.138459183758937,9.53413043478261,51.74761914101291
P05109,85,0,2.031999335450838,9.915,41.94658281553405
P05109,86,0,6.91986000892675,10.295,62.0849066934814
P05109,87,0,11.043340498369655,10.684999999999999,50.26296263832912
P05109,92,0,1.9150922023946941,10.44,78.0028439787531
P05121,28,0,2.3889909826478606,10.272857142857143,61.11650608302328
P05121,65,0,4.063457388741876,10.679285714285713,46.283614281276584
P05121,69,0,4.34488995379029,10.455714285714285,82.24244975637725
P05121,80,0,4.710425575618596,10.140714285714285,67.18339367100103
P05121,88,0,4.755638831266741,10.405714285714286,54.53557773459645
P05121,104,0,4.710709943194396,10.43857142857143,67.27683735248904
P05121,122,0,4.724103471083452,9.357857142857142,38.128932675469436
P05121,141,0,4.388451439781688,10.450714285714286,49.285448136683236
P05121,145,0,4.433630538443089,10.6,43.67851636062873
P05121,154,0,4.488265767268003,10.47,72.84247261261278
P05121,176,0,4.957917304081301,10.643076923076924,46.4163366814908
P05121,191,0,2.7691754069513244,10.93857142857143,32.648223266752126
P05121,207,0,4.772834802060255,9.849285714285713,52.20079235684028
P05121,243,0,2.912628936425132,10.279285714285715,54.22167559363619
P05121,263,0,4.39751363607737,10.31,34.70627662239736
P05121,277,0,3.94981278855821,10.862142857142857,34.63951616024313
P05121,288,0,2.623754946942697,10.432307692307692,65.46082238566046
P05121,323,0,5.176633756784539,10.282142857142857,24.086415562982896
P05121,325,0,4.5525080617966855,9.987857142857143,29.75819644989198
P05165,9,0,1.8900026565203238,10.4705,73.06828276582041
P05165,13,0,1.8872959943580376,10.3795,67.52517323927172
P05165,17,0,1.8877441283509242,10.366499999999998,68.64958524740733
P05165,18,0,1.8891069649344732,10.383500000000002,72.1796047439362
P05165,32,0,1.9848824372779919,10.326,61.59538110820516
P05165,51,0,2.4468500559684667,10.047,22.67509947575383
P05165,59,0,1.8884358436356439,10.4315,79.0975488467736
P05165,94,0,2.0139085790501943,9.768,30.519194910346545
P05546,1,0,1.9235151457258115,10.445555555555556,75.38620236732166
P05546,4,0,2.279914527099619,10.2675,57.72227187771934
P05546,13,0,1.9753237906746073,10.264678899082568,64.70384629173846
P05546,16,0,1.9693890413752282,10.305,67.18776618827619
P06276,9,0,1.9087021076777733,10.16295566502463,62.83836242985
P06276,12,0,2.4622334684339426,10.264334975369458,54.46097240517685
P06276,44,0,2.586209444412759,9.992019704433497,30.326879288598608
P06276,45,0,2.0671317230323547,10.656305418719212,35.87382523208126
P06276,51,0,1.9346698261933237,10.291871921182265,63.88248706237035
P06276,60,0,1.9395594044560476,10.323811881188117,72.4058683479399
P06276,103,0,1.9267738992114443,9.731773399014777,48.01917938871867
P06276,105,0,1.8913295957204772,10.371773399014778,82.6764402760014
P06276,131,0,3.292763736335559,10.23729064039409,31.004777851652747
P06276,176,0,2.307027098710223,10.8025,53.08855524961446
P06276,180,0,1.9488074045853552,9.932713567839196,55.588079272322176
P06276,190,0,1.9213612658278365,10.3464824120603,73.23188456619421
P06276,248,0,2.0133769938093944,10.281822660098522,65.59526183991649
P06276,262,0,2.143136548183033,10.235960591133006,57.836802000673956
P06276,267,0,2.1868117055600687,10.03152709359606,22.64588288976457
P06276,313,0,2.3795052271297257,8.654384236453202,16.188689169664762
P06276,314,0,1.9411658155331981,9.465911330049261,38.46579006059516
P06276,323,0,2.406315640007979,10.46768472906404,49.29270444514587
P06276,339,0,2.0441013899588594,10.220344827586207,22.534927182847966
P06276,348,0,2.0427845662163304,10.49152709359606,66.40161846292463
P06276,355,0,2.0778525388635987,10.865172413793104,50.83166715931263
P06276,366,0,2.3625081159218397,10.017142857142858,26.74991296344667
P06276,407,0,2.602591116210243,9.700443349753694,38.17676111836711
P06276,408,0,2.272514361298239,11.218423645320199,32.57082890333726
P06276,427,0,1.9348096359755742,10.42463054187192,36.11624421088989
P06276,458,0,2.0397109250125247,10.686616915422887,57.95361189989249
P06276,469,0,2.777665912224008,10.504422110552765,36.56249746743363
P06276,476,0,2.0782641490542213,9.120147783251232,31.667539928550845
P06276,494,0,2.365726836931614,10.034384236453201,52.91966413615018
P06276,499,0,3.1811453531887044,10.516748768472906,36.13634215009906
P06276,513,0,2.077373764344137,10.157389162561575,50.66240595598102
P06276,528,0,1.9049034547948416,10.366485148514853,68.54878655373733
P06276,544,0,2.258149054034724,10.4525,37.2871050565286
P06276,558,0,2.8126035218347702,7.710000000000001,23.647640568196366
P06312,24,0,2.0171096992794006,10.552000000000001,50.269363633360804
P06312,36,0,2.2954417454447253,10.212,46.81296376092723
P06312,45,0,2.0295042564228742,10.367999999999999,42.397474921260866
P06312,51,0,2.139497041536108,10.186,57.971841961615915
P06312,109,0,2.2571742804802417,10.666,50.13309050702665
P06312,113,0,1.953252158985371,10.532,62.72015636299134
P06396,1,0,1.8706060243732392,10.42,83.86075799706862
P06396,7,0,1.9604952515690157,10.4285,58.92476800763531
P06396,10,0,1.94832732234377,10.593157894736843,51.855775949165036
P06396,12,0,1.9960823698517622,10.902857142857144,54.2047170707926
P06396,13,0,1.9208010452854016,10.318888888888889,63.28916569684444
P06396,15,0,1.9118884426164884,10.244285714285715,57.31594567038677
P06396,17,0,2.001964468392785,10.14,52.42159676550352
P06396,21,0,1.9196203717878766,10.67025,68.4930259410111
P06396,24,0,2.162137181538709,10.392222222222223,59.33902745065263
P06396,26,0,2.1177145368730446,10.045714285714284,41.94113147339035
P06396,45,0,2.941873729849856,10.25175,32.48173556919778
P06396,48,0,2.77568337178305,9.827222222222222,33.714250635027526
P06396,50,0,2.77255287659499,9.607142857142858,33.264557462994674
P06396,108,0,1.9048405531370698,10.43575,69.49419425109407
P06396,111,0,1.8764966036023327,10.394444444444444,80.96512950441874
P06396,112,0,2.197216261912573,10.4715,58.91981018172886
P06396,113,0,1.8779530838041423,10.375714285714285,82.13240986369838
P06396,114,0,2.1015310016263924,10.46275,51.89066024393907
P06396,115,0,2.0175038117452866,10.514827586206897,62.895152665584206
P06396,117,0,2.1287211354897293,10.282,44.31748021545329
P06396,118,0,1.8843003013822894,10.965882352941176,64.54769395941348
P06396,119,0,2.1594201699091378,10.18142857142857,38.97531373376235
P06396,120,0,2.035820481939187,9.458571428571428,45.94972889954584
P06396,123,0,1.9133883123071302,10.38675,71.04618601873722
P06396,124,0,1.9862602585741265,9.71,39.33771421131239
P06396,126,0,1.8505690139664353,10.184999999999999,57.02604258580628
P06396,127,0,2.053828357568657,4.78,13.082639007099091
P06681,45,0,2.1853559663216475,10.115,31.0238819526687
P06681,61,0,1.917573179673242,10.315,67.48006847724628
P06681,65,1,2.336559916722078,9.774999999999999,25.60420920122113
P06681,152,0,1.8986062877840764,11.055,44.775205683592034
P06702,4,0,2.046156228668049,9.730163934426228,53.765880828540006
P06702,8,0,1.9295296129329822,10.3675,77.98604518470268
P06702,25,0,1.9919394592372042,10.416521739130435,44.011726341946094
P06702,27,0,16.07170860574356,11.04,49.82086528464504
P06702,29,0,1.9961472435264207,10.936666666666667,34.50401757570887
P06702,38,1,2.3493531242672794,10.642575757575758,29.51163745562082
P06702,40,0,26.006492659960344,11.215,24.401846425368326
P06702,42,0,2.2054880088723308,11.786666666666667,23.684756085570807
P06702,43,0,1.9851977603695785,10.891060606060606,44.4031857785364
P06702,45,0,19.867412964832482,10.535,42.53102860645425
P06702,47,0,1.9798350508473126,9.29125,45.160005786887005
P06702,50,0,2.055709102087602,10.11225352112676,55.60170296670795
P06702,51,0,1.9474531797839216,10.255277777777778,66.11257710107763
P06702,52,0,30.80645485220294,10.165,55.60347379989091
P06702,53,0,35.69237097663489,10.43,68.77440465052527
P06702,54,0,1.944742528608981,10.173950617283952,64.29375701372234
P06702,55,0,1.9468282305631186,10.47875,71.57878742078346
P06702,56,0,33.97645735639932,10.09,56.132979424176426
P06702,57,0,1.9969184109543643,10.657142857142857,69.63416038504236
P06702,58,0,1.906285165139744,10.15875,59.548536955867164
P06702,59,0,36.045130330619045,10.675,70.96849623228474
P06702,61,0,1.9390709787624214,10.70125,69.09685968398513
P06702,72,0,2.1543810692173917,10.524925373134328,57.239321413373574
P06702,74,0,27.70940669355562,10.59,73.61049384164505
P06702,76,0,2.0344654166053204,10.85125,66.13482459488665
P06702,93,0,2.04885063879051,10.288103448275862,41.557098773581025
P06702,97,0,2.0569129208959174,10.93,40.173119330271824
P06702,106,0,1.9784402662022753,10.313636363636364,55.07725465042019
P06702,108,0,37.19648710656903,10.425,65.76415347730196
P06702,110,0,1.9573910298020252,10.372,45.62867823280196
P06732,9,0,1.8706768912266152,10.44,72.27976755346197
P06732,11,0,2.164360991026408,10.16,47.475093682579455
P06732,15,0,2.309716189102176,10.79,60.13646474978623
P06732,25,0,1.9783767194528807,10.47,75.91531020198181
P06732,32,0,1.90531946663958,10.65,35.89285969188076
P06732,40,0,2.1508947984396016,10.55,48.33553009550483
P06732,41,0,1.9700507500272897,10.66,49.8904548344144
P06732,45,0,2.08170995709086,10.81,58.5395212091349
P06732,86,0,2.0732209366993186,10.51,55.03340563295826
P06732,101,0,2.4910530702324447,10.49,55.60360469958481
P06732,105,0,1.870741074036732,10.16,51.7779956955228
P06732,107,0,2.179868464633582,10.27,46.6189115097058
P06732,116,0,1.913328561597608,10.44,68.60734391618594
P06732,138,0,2.32300485255588,11.29,37.82029223470504
P06732,156,0,1.9103852342087355,10.72,52.318316907016765
P06732,170,0,1.970171518715676,11.15,52.91227426808608
P06732,172,0,2.170223621359185,10.47,49.0754078903487
P06732,177,0,25.441157670561083,10.524999999999999,72.08451429754902
P06732,182,0,25.551228878650303,10.530000000000001,74.54801381181554
P06732,196,0,2.089658713387525,10.11,32.00386251104787
P06732,223,0,2.098075195165852,9.89,28.974778144364755
P06732,242,0,1.913224867746001,9.93,63.85640497594783
P06732,247,0,2.4432654770324187,10.34,48.17897406160094
P06732,259,0,1.98320927931518,10.19,58.99243415002742
P06732,265,0,2.240582575373929,10.31,61.64600001983614
P06732,266,0,1.9453200621342448,11.25,56.29321701197124
P06732,298,0,2.227380523355698,10.32,45.20591476390685
P06732,304,0,1.9068468399902807,10.36,55.44492154565505
P06732,307,0,2.043064058615905,11.16,46.016445668533
P06732,319,0,2.038117198645698,9.1,25.89693364170405
P06732,358,1,2.076336666892733,11.07,44.44352222171225
P06732,365,1,2.475328756735415,11.0,38.74012438373735
P06732,366,0,2.4036382976980786,10.51,47.85610996659764
P06732,369,0,1.913590649440064,10.37,36.46456410498715
P06732,381,0,3.3620478369825526,10.25,39.70171353512363
P06733,2,0,1.9310312663880904,11.049999999999999,55.74890335981334
P06733,4,0,2.296260164011739,10.155,57.82339352750293
P06733,27,0,1.9155644304126267,10.695,38.34248383859392
P06733,53,0,1.9000331130409813,10.456666666666665,79.08966595812389
P06733,59,0,2.599670589985792,8.564285714285715,36.29481057694475
P06733,63,0,2.04092636925682,10.4,50.860188401130486
P06733,70,0,1.9206740049263786,10.715,60.43606960542976
P06733,79,0,1.9782250326974933,9.69125,34.23061356643527
P06733,80,0,2.0558187495259554,10.3225,61.720666023359534
P06733,88,0,1.9430027247816,10.805,54.648032843502484
P06733,91,0,2.0939025311327075,10.925,48.74734462312832
P06733,102,0,3.135054033360971,10.285,12.867816246948154
P06733,104,0,1.9745704959791095,10.41375,55.19027255363517
P06733,119,0,2.1717422118500775,10.438749999999999,18.501203201763946
P06733,125,0,1.9181152805328106,10.33,25.437835690274774
P06733,161,0,2.4541074291626375,10.45,53.000901542086964
P06733,192,0,2.874368338391355,8.321666666666667,36.939359111376554
P06733,196,0,2.218543796989856,9.215,40.320059145412614
P06733,198,0,1.926629295070492,11.00875,48.895412630005914
P06733,201,0,2.024648363929066,9.751999999999999,60.34638858889299
P06733,220,0,2.0784766342963277,10.61875,49.4014503935445
P06733,227,0,2.150574121422398,10.075,50.05154327021956
P06733,232,0,1.9547541114358067,9.821250000000001,38.79684076673478
P06733,238,0,2.312110167937281,10.52,34.5790521891342
P06733,255,0,2.6474181924967883,10.2025,50.29419039655503
P06733,261,0,2.076881441070573,7.30625,20.92542053601429
P06733,280,0,2.0782850389132017,9.7325,44.25392219632958
P06733,284,0,1.9397666973021896,9.87625,56.768346085287796
P06733,305,0,1.9568562555185574,10.945,54.76961820605802
P06733,325,0,1.8924531152846953,11.213750000000001,59.98534105317917
P06733,329,0,2.0222107080476546,10.2875,47.507061842198986
P06733,334,0,2.0734778508944545,10.29,72.20052415126753
P06733,342,0,6.442219462078119,11.80125,12.429351359769791
P06733,357,0,2.0762191631344313,9.76875,37.95851003961669
P06733,393,0,11.32694978325756,16.89875,5.4745360856532255
P06733,405,0,5.44222988518306,9.43125,4.6908355276610365
P06733,419,0,1.8924987539268563,10.26,70.90717381630822
P06733,421,0,1.949907561199986,11.0725,39.41207341867821
P06733,433,0,1.8236409670820946,10.835,48.755292688917294
P06744,11,0,1.9857191781478072,10.114166666666668,41.11982900436946
P06744,12,0,10.701964052566623,10.2125,40.07373455580166
P06744,33,0,1.91055068251549,10.450833333333334,70.88320962755525
P06744,34,0,14.414878924341032,10.53125,77.74622467363234
P06744,56,0,3.577018594589784,9.160833333333334,24.947812686161715
P06744,57,0,16.535323805681383,9.1475,28.758625934197653
P06744,72,0,2.018588398832392,10.644166666666665,50.2657933442097
P06744,73,0,12.697538688970974,10.625,44.4173381923169
P06744,88,0,1.958130356047045,10.908333333333333,36.44997424327126
P06744,89,0,18.070360939577668,10.875,36.11707859568442
P06744,115,0,2.1001250107373877,10.4275,69.98072714211854
P06744,116,0,12.776403949785134,10.496666666666668,72.17162804383919
P06744,123,0,1.9696875147646313,10.791666666666666,60.92915238988772
P06744,124,0,15.46505640285111,10.81,59.811119014752755
P06744,127,0,2.0063501562105093,9.101666666666667,34.20064571776314
P06744,128,0,17.4125697621718,9.373333333333333,38.65475596669918
P06744,129,0,2.361575912512605,10.678333333333333,46.88029365473065
P06744,130,0,17.35097395634138,10.286666666666667,47.75830062448509
P06744,141,0,1.9775073403157748,10.299166666666666,45.531822276793314
P06744,142,0,1.9634939117228445,10.3575,45.97065531936077
P06744,146,0,2.2633329249672327,10.705,48.32714706094134
P06744,147,0,2.220187147676084,11.217500000000001,47.057572746425016
P06744,171,0,2.196722388216338,9.419166666666667,35.97350208455376
P06744,172,0,11.535784761071632,9.446000000000002,32.215154251955866
P06744,193,0,1.984869106009558,9.061818181818182,47.06248297244278
P06744,194,0,17.873950059612486,9.103333333333333,42.776929135598515
P06744,210,0,2.1254423153865623,8.646666666666667,33.24660784246869
P06744,211,0,22.31155134270013,9.0375,31.19697225415828
P06744,225,0,2.570743241590122,9.495833333333334,32.23801206558769
P06744,226,0,2.484017687160838,8.785,24.512415760559126
P06744,233,0,4.893810397657701,10.356153846153846,64.25615502000447
P06744,234,0,1.9965114024908577,10.2925,59.70959266674885
P06744,240,0,5.9278137986533705,10.120000000000001,49.3446156973622
P06744,241,0,2.406723353946248,10.17,51.83973944488905
P06744,251,0,2.1566965347622715,10.545833333333333,40.86636901790249
P06744,252,1,21.546821697265216,10.477142857142857,39.093623682102226
P06744,253,0,5.643776338766695,10.296153846153846,51.14718000141352
P06744,254,0,2.051513497165814,10.3425,57.047804659917084
P06744,313,0,2.084640606900194,10.280833333333334,60.20542707185566
P06744,314,0,16.74632468860242,10.17375,62.64052271608445
P06744,361,0,2.385618481445156,8.35375,13.466792793155435
P06744,362,0,18.766692862364938,7.248,8.710890300149268
P06744,365,0,2.123594164341385,9.5925,46.13574437706074
P06744,366,0,13.133253504471545,9.271666666666667,46.01666383468952
P06744,399,0,2.6440066772363404,7.031428571428571,22.051895383076083
P06744,400,0,14.333139100145448,8.247499999999999,20.31908497264059
P06744,417,0,5.399174553712835,10.26076923076923,66.82930820092996
P06744,418,0,15.949670239793525,10.385,75.16145886481416
P06744,422,0,2.7322642218959827,8.839166666666667,29.17495650126068
P06744,423,0,16.69599518157622,8.8,23.208208114113926
P06744,439,0,2.0856087131947976,10.605833333333333,26.4585451429954
P06744,440,0,15.865938019387219,9.905,19.969149184692686
P06744,446,0,2.034229149992415,10.581666666666667,58.63354264135523
P06744,447,0,16.7677930535101,10.715,64.19830679518265
P06744,453,0,1.9972445418920914,9.9675,37.13891024057255
P06744,454,0,19.477701996207305,9.54125,36.681047655004434
P06744,465,0,2.4140941822231334,9.179,34.27058706045985
P06744,466,1,17.285677571430323,7.901666666666666,29.395287956863232
P06744,480,0,2.2128621061845877,9.665555555555557,33.00304896340419
P06744,481,0,15.109814479171304,8.976666666666667,23.29258060264768
P06744,496,0,9.343773173096748,9.7575,13.976940261667076
P06744,497,0,21.272390491289514,9.61625,13.162311923914157
P06744,518,0,1.9537782858729555,10.405454545454544,50.28648888331452
P06744,519,0,21.194446049179525,9.773333333333333,64.1713932727015
P06744,522,0,1.9683276791887054,10.3475,57.37260497955932
P06744,523,0,3.8156523209306696,9.992941176470588,58.7093597119786
P06744,524,0,9.91166769021441,10.476666666666667,70.38186925407378
P06744,549,0,2.322596065749094,9.193333333333333,10.541668690659673
P06744,550,0,12.304814573511786,8.34,8.797244828214817
P06899,5,0,1.887081266029161,10.503333333333334,69.06151858468355
P06899,11,0,1.892899483269392,10.426,74.44357549103776
P06899,12,0,1.8802718160119927,10.351,72.96803814398594
P06899,15,0,1.89378000742017,10.404,75.53701335910439
P06899,16,0,1.8941493541988303,10.4,74.8858070169081
P06899,20,0,1.9282658239008004,10.41777777777778,75.65756506859094
P06899,23,0,1.9683219821531897,10.323,65.34491121017274
P06899,24,0,1.905420619725359,10.41,75.35747388422357
P06899,27,0,1.892512421549469,10.375555555555556,68.71946677621615
P06899,28,0,1.909496368186467,10.434999999999999,67.7098236199788
P06899,30,0,1.900476593505438,10.239,64.89571254809462
P06899,34,0,1.9083469570328657,10.12125,63.962895967550566
P06899,43,0,2.081390031995935,9.348,50.57149321685041
P06899,46,0,2.0274018559605738,10.25,58.102129699446515
P06899,57,0,1.9426685819831282,10.297,68.8559551598247
P06899,85,0,1.9610095849296973,10.427777777777777,71.56414256301562
P06899,108,0,2.389275185345922,11.23,28.685424370999748
P06899,116,0,2.1318193278491586,10.026,34.647643628737576
P06899,120,0,2.05194487800471,10.23875,51.51665445665229
P06899,125,0,1.862651013909439,10.321428571428571,68.6090923620973
P07195,4,0,2.1494287342524703,8.932,55.63401269847768
P07195,5,0,2.1505479124864597,9.9475,62.50014506622346
P07195,6,0,2.259812676189067,8.845,50.66437200382607
P07195,7,0,2.0890001333981427,10.05,57.61319316279282
P07195,22,0,3.1763462987988866,9.326666666666666,5.588004303648507
P07195,23,0,2.889086837251163,9.534375,6.495392118760251
P07195,42,0,2.0095302693964854,9.174999999999999,30.180686120260678
P07195,43,0,1.9271811422894543,9.949375,31.019476359845893
P07195,57,0,2.0587406035000675,10.17,32.00714591170317
P07195,58,0,2.2429729294802714,9.932,34.8026397746225
P07195,59,0,2.1306056405757414,9.19,39.1575198743518
P07195,60,1,2.2523698946016473,9.886,48.94956965127991
P07195,76,0,2.194862868907104,10.513333333333334,49.280156828223284
P07195,77,0,2.3133576935759352,10.490714285714287,53.69752283183336
P07195,81,0,1.9442917464250868,10.866666666666667,52.2293269317807
P07195,82,1,1.9419218571166192,10.784375,47.061084539775415
P07195,90,0,1.9718613775501461,8.688333333333334,32.99699848866394
P07195,91,0,2.000778030168629,8.848749999999999,42.33011393878014
P07195,118,0,2.055731155299583,10.468333333333334,43.51129278083687
P07195,119,1,2.1220251750180106,10.34125,35.76375168754143
P07195,126,0,1.9246947583066516,10.343333333333334,55.89433291973577
P07195,127,0,1.9603910447319128,10.245625,62.56876514013488
P07195,149,0,1.9908246731605246,11.113333333333335,36.61888938994084
P07195,150,0,2.0663708036659436,11.0525,29.27882949898543
P07195,155,0,2.1202303787152155,9.701666666666666,52.059991815259856
P07195,156,0,2.155170235588936,9.957333333333334,52.762856630822846
P07195,177,0,1.988472911966213,9.739999999999998,54.16481416910294
P07195,178,0,1.9628624292060413,9.49875,35.71279489107559
P07195,228,0,2.074081638408146,9.978333333333333,52.35026188648217
P07195,229,0,2.183664999099716,10.988125,48.06996325089063
P07195,232,0,2.107181222017212,10.903333333333334,60.053621606009536
P07195,233,0,2.0605680317028225,10.984285714285715,57.03163153523689
P07195,243,0,1.9936615135010183,10.882,47.83889665684984
P07195,244,0,2.0354610834845466,10.66875,61.175943309658194
P07195,245,0,2.217128725472147,7.5625,10.272737996619954
P07195,246,0,2.4506742683352774,8.07090909090909,15.172735244544903
P07195,265,0,2.18979132169372,8.568000000000001,33.48028015854117
P07195,266,0,2.0807902143933834,8.192727272727273,31.936458093668715
P07195,278,0,2.1247847945544396,10.438333333333334,51.32440098539121
P07195,279,0,2.114771299467002,10.473749999999999,51.6976764614691
P07195,307,0,1.9533338038895904,9.821666666666667,64.88524929922892
P07195,308,0,1.9255604086398639,10.065833333333334,69.59370310756576
P07195,309,0,2.0433302411795187,10.41,48.386460984739585
P07195,310,0,2.060600424454452,10.493125,45.839547004074035
P07195,317,0,2.234682090526483,10.611666666666666,41.74677036122451
P07195,318,0,2.1014212450695484,10.36909090909091,53.652703924139466
P07195,319,0,1.9870244442231768,10.281875,59.260606716673315
P07195,328,0,1.9821463753940565,11.273333333333333,42.51812953245123
P07195,329,1,1.960610065119616,11.223125,45.77931473711078
P07195,331,0,1.9017970089156748,10.435,71.0762375886719
P07195,332,0,1.9528457131081067,10.49375,69.46247480089295
P07237,10,0,2.1678664362454567,9.6375,41.4185530141561
P07237,14,0,1.9596006548413616,10.697750000000001,63.763310749892625
P07237,15,0,1.9030126891870018,10.4695,77.75081025353425
P07237,25,0,2.1835249504185925,10.5495,65.96944619432162
P07237,26,0,2.45548081976075,10.203,32.463092998417224
P07237,33,0,1.9287608045787379,10.461,63.19924924266379
P07237,40,0,1.9215081148792201,10.345749999999999,69.3453784797151
P07237,41,0,1.9680681190133134,10.400666666666666,65.14195777976616
P07237,48,0,2.0066819616794436,10.4745,65.52318513954076
P07237,49,0,1.9929976596046441,10.3835,57.458302827493796
P07237,52,0,1.9454553517004993,10.27025,42.77084911752458
P07237,54,0,1.9666040514326415,10.28975,60.087777426763374
P07237,55,0,2.039434939857054,10.666,42.19908498143285
P07237,64,0,2.97263767145485,10.142666666666665,27.214779945422812
P07237,66,0,1.9405854779397782,10.51,55.972159332743765
P07237,71,1,2.0068613716283403,10.523,72.46847582467996
P07237,76,0,1.9412742104812035,10.6495,61.422694959520506
P07237,78,0,2.238150098327698,9.078999999999999,13.19913318968502
P07237,79,0,1.905211680022353,10.512,69.32915100828697
P07237,84,0,3.4234130387543438,9.7575,23.167031979151645
P07237,86,0,3.1715927416188165,9.387,29.514618299483647
P07237,93,0,2.0930095561153066,10.297,45.63345607162929
P07237,97,0,2.0713903861467693,10.04825,55.943100418821146
P07237,101,0,2.2973995468820827,10.363,52.47449333180835
P07237,107,0,2.377400144439046,10.376000000000001,40.02913784821315
P07237,108,0,1.920002353816961,11.012,58.51246424240586
P07237,113,0,2.0730079002527977,10.331,51.28384035169795
P07237,114,0,1.9624603688797861,10.218250000000001,65.53126165065436
P07237,118,0,1.9406761804423742,9.746,47.017170555902915
P07237,125,0,2.0781443638651877,9.055,33.048075549223555
P07237,134,0,1.9080700062037323,10.497,66.28813186201258
P07237,142,0,2.140270737526915,9.475999999999999,26.993729086919206
P07237,147,0,2.171339515808559,10.436,51.5243939010541
P07237,154,0,1.977445346194628,11.077,38.131028473068554
P07237,156,0,1.9112666405492154,10.362,70.96503066288874
P07237,179,0,1.9979411024223697,10.491,67.21843598655684
P07237,180,0,1.9007116855044455,10.453,78.36404095828411
P07237,197,0,2.1317241962288462,9.273,36.66144706208915
P07237,199,0,1.9841908703605426,9.939,55.06643817071382
P07237,221,0,1.935030109225521,10.203,46.9189728780318
P07237,223,0,1.9593074635266539,10.341,59.749685606744116
P07359,1,0,1.8707307648130536,10.18,56.82653508984159
P07359,8,0,1.9285438368091437,10.255714285714287,55.76151648031838
P07359,19,0,2.0659154115830907,10.73857142857143,62.675240938023144
P07359,31,0,2.022609218534169,10.03125,65.48457627482507
P07359,69,0,2.250839943351253,10.2375,62.03891999476831
P07359,132,0,2.6556176063281445,9.3425,24.173782343056363
P07359,137,0,2.177082259614535,10.30375,64.3334648197494
P07359,149,0,1.967126774923347,11.08125,46.385349640250055
P07359,152,0,2.8998003038776288,10.99875,33.33637639817576
P07359,189,0,1.948390417707438,10.311428571428573,60.883331653286525
P07359,231,0,2.057441565859667,10.25625,59.251370107022524
P07359,237,0,2.0430837643436726,10.3875,59.381852558147784
P07359,253,0,1.9209981670726222,10.48375,66.41020482592788
P07359,258,0,1.9738301685357946,10.52,54.32341796509328
P07359,262,0,2.0846555848163786,9.89,68.8698714335324
P07360,19,0,2.0636859426616185,10.303999999999998,33.10257563677864
P07360,71,0,2.2793536883006302,10.224,36.380238522177045
P07360,129,0,3.6816171679263023,7.0,20.494199310647097
P07360,164,0,1.933446610515076,10.336,63.84202564457295
P07451,3,0,1.912371426176629,9.555,50.88205274062716
P07451,24,0,1.9356778974504476,10.158,54.59639700487454
P07451,36,0,1.9461289691883237,10.706,61.09014755966098
P07451,57,0,1.984626647543524,10.4,49.99236679109991
P07451,64,1,2.18423191236378,8.563333333333333,27.207446835487474
P07451,113,0,1.9727516854287281,9.798,39.34431155588493
P07451,126,0,1.8971708923041368,10.328,62.612164115524195
P07451,131,0,1.9673538672829765,10.388,78.80723786939696
P07451,135,0,1.8996899614650828,10.534,57.855851742851506
P07451,148,0,2.3948576390192504,10.251999999999999,51.57360236848331
P07451,165,0,1.9354115190925547,10.34,60.012319480091875
P07451,167,0,2.3510038293224254,10.532,64.85116410976825
P07451,169,0,2.2541459282320098,10.326,47.36218615160637
P07451,171,0,2.0031161858661295,10.812000000000001,33.84138659911723
P07451,177,0,1.9576996592941192,10.456,78.53231578728438
P07451,212,0,2.2932665525758766,11.068000000000001,36.182337819954974
P07451,224,1,2.1853971471353137,10.081999999999999,29.985886649953237
P07451,260,0,1.8601820506849944,10.35,63.5563763325453
P07737,25,0,2.617460398587455,9.903571428571428,42.03179821137208
P07737,26,0,2.01833070700377,10.578,57.10893808946052
P07737,37,0,2.71836616713268,10.392857142857142,44.33237669411884
P07737,38,0,2.0135494013402666,10.324,38.06283627753157
P07737,53,0,2.917582801519557,10.431071428571428,79.88860678568604
P07737,54,1,1.974680022025601,10.38,81.36414904147638
P07737,69,0,3.184410799713828,10.209999999999999,59.75754519836497
P07737,70,0,2.167044546208017,10.334,66.2676886023178
P07737,90,0,3.2371055224192395,9.992857142857144,48.861516621769525
P07737,91,1,2.02169358579701,10.1,50.280391932571845
P07737,104,0,3.3653541267995384,8.339642857142858,15.400864404829694
P07737,105,1,2.667174525206176,9.85,24.930874265771113
P07737,107,0,2.7100164658147787,10.682142857142859,49.747293812937144
P07737,108,1,2.3204292024529636,10.459999999999999,39.91193844352635
P07737,115,0,3.0005235043676914,9.86892857142857,37.68865389253275
P07737,116,0,2.2125945732652013,10.318000000000001,54.68020553389374
P07737,125,0,2.54226890116445,10.651785714285714,64.7550348808102
P07737,126,1,2.735585059014594,10.36969696969697,25.75222799675547
P07737,127,0,2.1395624547285763,10.77,24.52822680733602
P07738,3,1,1.9177244520480332,10.818947368421053,48.270019104619074
P07738,5,1,1.9831784325833604,10.406052631578948,53.92141876155676
P07738,18,1,1.9409638448658892,10.77763157894737,62.14559592524779
P07738,29,0,1.9886584334265553,8.600000000000001,36.648072749475226
P07738,43,1,2.0332665439306448,10.486315789473684,48.15810072751714
P07738,46,0,2.1054184153176654,10.038108108108108,53.47651297635324
P07738,143,0,2.0297866484203415,10.032894736842104,51.717674188554405
P07738,159,1,2.507322325489513,10.890263157894736,46.852709558379004
P07738,181,1,2.034920597211618,10.084473684210526,33.76336710906074
P07738,197,1,2.5355542664797457,10.34421052631579,13.588171902574857
P07738,246,0,2.101975134919608,10.981111111111112,58.780849339249194
P07738,247,0,1.9586893125582614,10.698611111111111,62.287606687536204
P07738,253,0,2.00960455624435,10.740357142857144,50.94015584225683
P07738,255,0,1.8756738767603136,10.62904761904762,71.35688419489806
P07766,15,0,1.9643680371034296,10.355,72.15610006765036
P07766,42,0,2.1682163621036814,10.565,65.14586513562907
P07766,51,0,1.9128759765666983,10.84,67.18677135060254
P07766,63,0,2.280839828065448,10.1,52.430105245606995
P07766,82,0,1.9416802232898955,10.81,51.88978403411304
P07766,131,0,1.9889381819180727,10.015,32.607130112845795
P07766,134,0,1.8798730131485184,10.55,62.7732754587758
P07900,41,0,2.300329077386662,9.945857142857143,28.608778860230295
P07900,50,0,2.278493946813679,9.8025,31.498336074438576
P07900,58,0,2.0612342111758206,10.364604316546764,52.8463975845445
P07900,67,0,2.038344160194915,10.5125,61.44227918997406
P07900,69,0,2.1602092165449607,11.0815,31.095636489875382
P07900,74,0,1.9272724500648803,10.249571428571429,67.39328268143922
P07900,78,0,2.3215270593523574,10.8475,33.68883609584667
P07900,83,0,1.9267015792378746,10.43,79.33787086729617
P07900,84,0,1.9669415495956066,10.911142857142856,49.073789642882865
P07900,93,0,1.8895106035605473,11.3425,47.992810153183136
P07900,100,0,2.13451370048096,11.131214285714284,38.4747240856087
P07900,109,0,2.145784105676254,11.0875,30.946512052343184
P07900,112,0,1.9379031387029855,9.899999999999999,53.50678547786026
P07900,116,0,2.0335583663654586,10.672571428571429,60.99545308484785
P07900,121,0,1.9397108630226696,10.155000000000001,60.69163489530694
P07900,125,0,1.9715180747438064,10.67,54.38479764968588
P07900,147,0,2.676838561016041,10.763642857142857,37.69623158231282
P07900,153,0,3.4714948068388507,10.019785714285714,28.38761751615172
P07900,156,0,2.6529038587769076,10.6075,36.33036737504748
P07900,162,0,3.673913203482311,9.85,26.493525359113104
P07900,185,0,2.922083831612378,9.882142857142858,32.359745586338434
P07900,191,0,2.360959624752328,9.84542857142857,35.8365358910903
P07900,194,0,2.9847935417234988,9.995000000000001,37.45307768716239
P07900,200,0,2.3220177551170913,10.235,41.01524287602065
P07900,204,0,2.039889531710652,10.523,57.36141765280349
P07900,208,0,1.951069872140127,10.320285714285713,68.45434952270338
P07900,209,0,1.929616740884247,10.794714285714285,57.49793761856042
P07900,213,0,2.0044238031660786,11.06,50.02287623725556
P07900,217,0,1.971781723577127,10.28,63.447793400209434
P07900,218,0,1.9720527180506375,10.8125,55.293151531809364
P07900,224,0,1.9063210693560204,10.243827160493828,71.76512692265638
P07900,228,0,1.8911479549064452,10.46,82.87253075797379
P07900,233,0,1.8896767849892726,10.4775,80.01939194235345
P07948,17,0,2.2295763583754447,10.11,54.10444323027646
P07948,20,0,2.3446029019378685,10.34,72.32116458165771
P07948,30,0,2.2490158091634043,10.386500000000002,65.87417957876308
P07948,31,0,2.080159544925063,10.368,62.63905909388204
P07948,34,0,2.1642082051325535,10.2605,51.39393108488292
P07948,36,0,2.5865903201782134,10.1945,55.31505595933729
P07948,40,0,2.0458573910325617,10.52,61.89058609788749
P07948,44,0,2.2002467557427945,10.77,54.94112134875907
P07948,46,0,2.7446031400468165,10.898,43.16198149351194
P07948,47,0,2.29799493352155,10.07,50.76463571519923
P07948,48,0,2.8097942304380528,10.285,44.314779100269675
P07948,53,0,2.0500190689065674,10.265,65.9601561339625
P07948,54,0,2.212968925314817,10.338,59.58705909953564
P07948,64,0,2.076795906331415,9.94,30.236356669245385
P07948,65,0,1.9440516898070388,10.6875,59.605175617171334
P07948,70,0,4.047007648716227,10.09,7.098395875862662
P07948,93,0,1.9884351570591183,10.29,30.5013303746216
P07948,101,0,1.970220708210645,10.17,47.05657463625903
P07948,107,0,1.908340522396356,11.12,53.74531992006297
P07948,112,0,2.2600763281582195,10.21,22.8696164208886
P07948,130,0,2.000999403784901,11.29,32.45039409186279
P07948,151,0,4.116561807044652,10.87,24.34076535570244
P07948,173,0,2.175415114333713,8.09,26.896287354780355
P07948,177,0,2.524002541306202,9.28,19.822533346294293
P07948,192,0,2.7581195648585286,9.69,33.3392030134409
P07948,210,0,2.0207450621130225,10.09,44.66984779246461
P07948,246,0,2.092811529337849,11.22,43.92358863754314
P07948,250,0,2.358299608990745,10.77,50.70887244559802
P07948,252,0,2.161865923157118,10.08,52.15750663306113
P07996,24,0,2.082428279144524,9.746666666666666,52.601289320304176
P07996,25,0,2.095243433503585,10.22,64.87827343637485
P07996,32,0,1.9466171284797005,10.046666666666667,78.31057825080319
P07996,33,0,1.9495260875290934,10.07,77.46886049410546
P07996,41,0,1.870721374686204,10.45,83.989301496478
P07996,56,0,2.194145540301845,10.39,41.585174689105486
P07996,57,0,2.2206670983708223,10.36,35.73355476440497
P07996,65,0,2.0971663070572544,10.38,39.63531466539307
P07996,68,0,2.3435130446434607,10.373333333333333,50.7904011382818
P07996,69,0,2.43125368631746,9.28,35.147222310505306
P07996,77,0,2.38813106330126,10.46,52.0213382264821
P07996,80,0,1.9786010313977254,10.363333333333333,68.34041762370906
P07996,81,0,1.9651951924074065,10.525,53.305881466411236
P07996,82,0,2.003959515658148,10.43,74.78253697589838
P07996,89,0,1.95435611348688,10.09,61.14982473010979
P07996,90,0,2.077131618390929,10.34,74.72314123979143
P07996,92,0,1.9595396368020837,10.563333333333333,29.472578771957018
P07996,93,0,1.9387883303204825,10.8,32.9331848878879
P07996,101,0,1.984125276948596,9.88,25.53630498501073
P07996,106,0,2.1824745133304018,9.299999999999999,45.38002226510111
P07996,107,0,1.9859669392818635,9.95,48.25087071847528
P07996,115,0,1.9840653471739795,9.98,56.69462092331429
P07996,119,0,2.1582352794664827,10.416666666666666,69.02482667326298
P07996,120,0,2.1996798973254164,10.35,59.33355875232972
P07996,128,0,2.058326783053958,10.38,63.05562609851717
P07996,136,0,2.1359599817432233,10.709999999999999,26.728823013051507
P07996,137,0,2.2472592509920606,11.82,17.766557304060626
P07996,145,0,2.1625118705692543,6.37,7.547676350249475
P07996,155,0,1.8989099341462097,10.566666666666666,54.203108874553266
P07996,156,0,1.870746554484417,10.67,33.30019490465883
P07996,164,0,1.998775115790861,10.72,53.31492172652118
P07996,183,0,2.751329717544342,10.12,26.1382363191001
P07996,184,0,2.9715271502221663,10.02,20.61506554300927
P07996,192,0,2.928478367409185,10.64,22.4608494017637
P07996,212,0,1.9431032696082682,10.103333333333333,52.66148136288232
P07996,213,0,1.9029756716088704,9.6,53.47848089404869
P07996,221,0,1.916503524999145,8.91,38.10539176801832
P07998,1,0,1.8850021492143108,10.294242424242425,74.77763716235627
P07998,6,0,2.1403116419001798,10.0726,55.84271655243729
P07998,7,0,2.295724675381401,9.302040816326532,43.692871916344906
P07998,34,0,2.0641191379544113,10.454999999999998,73.68983541860993
P07998,36,0,2.546145152043466,8.3225,23.929429430084767
P07998,41,0,2.469200794227991,8.6664,25.736315135799995
P07998,57,0,1.9532372487761251,10.0825,48.779091889514405
P07998,61,0,1.9447276989323878,10.353333333333333,73.51504614817662
P07998,62,0,1.9564744685291613,10.396938775510204,57.08004572202345
P07998,66,0,1.885211237794059,10.4554,67.63082172771959
P07998,69,0,2.4736496844688567,10.45,42.946662405354964
P07998,74,0,2.606724409369423,10.78265306122449,33.51869053657814
P07998,97,0,2.1107368381549922,10.65,30.43605506059701
P07998,102,0,1.938129730196249,10.3912,38.323133591343215
P08123,50,0,2.3784492110887996,8.493333333333332,21.537559319150873
P08123,64,0,2.0348763106951564,10.2,59.0745246205642
P08133,34,0,1.9328274764976607,10.65,53.1002135036024
P08133,40,0,2.256216208397559,9.88,26.99344765257732
P08133,63,0,2.1095416495967205,11.56,40.71418994251336
P08133,68,0,1.915827201711104,10.75,40.35719375232575
P08133,75,0,2.15013886328357,9.99,47.08645249139161
P08133,81,0,2.155324259654341,11.35,51.908044541412025
P08133,99,0,2.7813727904896406,9.3,37.80016640676799
P08133,102,0,2.7678309941221286,10.24,29.98964347116816
P08133,113,0,1.9344195571491325,11.61,59.409447849868
P08133,135,0,2.292441801922317,10.4,45.73134613521973
P08133,156,0,2.2415462005674667,10.31,62.45316025734439
P08133,191,0,1.9147536939796856,10.39,67.70577227445261
P08133,208,0,2.1187829941304974,7.78,41.1887340578228
P08133,220,0,1.9662224011663487,11.38,58.80148422155141
P08133,224,0,2.5774974347618755,10.48,39.95268097325259
P08133,240,0,1.9915209418789104,10.53,71.12811204653352
P08133,247,0,2.014229524045054,11.59,27.92090470877928
P08133,262,0,2.382525610302857,9.66,12.450295310793722
P08133,265,0,2.25056417627689,8.62,14.790749112794645
P08133,296,0,2.0632536564831576,14.12,24.42941717339593
P08133,299,0,2.076797411001912,9.65,46.99292466010037
P08133,306,0,2.308346579828501,10.46,57.76037350612116
P08133,314,0,2.8007513266410444,9.69,23.47483115563328
P08133,315,0,2.1183083127209823,10.72,30.589360418769065
P08133,319,0,2.0221528356946226,9.96,27.69582268511896
P08133,354,0,2.2683503360398256,10.3,46.63167422986102
P08133,370,0,2.0768950009438227,11.24,47.10808366580851
P08133,374,0,1.9047528597603265,10.43,73.02203426771952
P08133,377,0,1.9693510566912364,9.57,46.41696600694223
P08133,406,0,2.122640394722504,10.49,48.29413306730908
P08133,418,0,2.026874385015792,9.81,53.54825043089716
P08133,442,0,2.6647037615935574,8.18,43.914458383893646
P08133,445,0,2.8371966142569045,10.86,24.106553078392626
P08133,446,0,2.128988934122504,10.55,38.44164035672284
P08133,456,0,2.223107100409952,7.68,35.98851464319786
P08133,478,0,2.12257279240048,10.81,42.758548636913446
P08133,483,0,1.9466753175831448,10.05,45.40697669373659
P08133,540,0,2.0651437192974256,9.64,22.607391609084267
P08133,568,0,1.9338140427823067,10.51,67.6625099256188
P08133,579,0,2.158655927978584,10.86,21.315935229071066
P08133,580,0,1.9451696465345183,9.91,32.30421185870044
P08133,598,1,2.1201866942181007,9.84,36.874836470591895
P08133,600,0,2.456688643098074,9.32,32.543300149608015
P08133,607,0,2.345579259658123,8.56,15.821486027483369
P08133,610,0,1.910391382177297,10.22,50.91081794836158
P08133,613,0,1.9547406483571248,9.19,40.21038974561738
P08133,620,0,2.356541160175352,8.49,45.19040315017975
P08133,644,0,2.499613788817535,10.31,26.23380400395461
P08133,647,0,2.265317384323115,9.63,33.26393568944865
P08133,663,0,1.9561196049021576,11.35,27.926402495923064
P08174,5,0,2.103138839902343,10.242857142857144,63.13565256138049
P08174,30,0,2.1804467726272247,10.53,76.02922566059792
P08174,32,0,2.0224520700838315,10.377777777777778,67.29547445612963
P08174,37,0,1.916106505621478,10.44,76.12638595839488
P08174,39,0,2.0814393734361065,10.479583333333334,47.35143301446021
P08174,42,0,3.025227124513384,10.54,34.84261872280099
P08174,44,0,2.0086569756158132,10.558333333333334,60.57205893395533
P08174,49,0,2.402601373928965,10.67,26.528033790917377
P08174,51,0,1.891004002755488,10.882777777777777,68.20506006801168
P08174,76,1,2.3462889328278647,10.26,13.853540029397164
P08174,78,0,2.238187394670605,11.057222222222222,34.745094814743204
P08174,99,0,1.8943647534422712,10.447142857142856,82.38735571752409
P08174,108,0,2.284083737923115,11.41,32.11839974320999
P08174,110,0,2.0713427772755524,10.677777777777777,49.7033537205493
P08174,116,0,1.8865441716056337,10.27,66.22487131244324
P08174,118,0,2.238961700395653,10.247777777777777,56.253405324512734
P08174,125,0,1.9885766125717983,10.03,35.97051593528667
P08174,126,0,1.870820121179767,10.09,40.99042102156494
P08174,127,0,2.302936350044546,10.37611111111111,43.94805233589192
P08174,128,0,2.1390394852031775,10.231111111111112,46.8181153911027
P08174,129,0,2.5329577852089327,9.830555555555556,30.072088461709242
P08174,161,0,2.0730668636563467,10.09,17.98525796764334
P08174,163,0,2.2734583353352265,10.448333333333332,40.15143034182344
P08174,221,0,2.15186054081735,10.24,33.79849731441104
P08174,223,0,1.9298890373530615,9.940555555555555,68.04951850673551
P08253,5,0,1.9845051591508909,10.5328,45.92394081834959
P08253,7,0,2.01659788172922,10.65,34.51124614769422
P08253,8,0,1.9724605405815767,10.296666666666667,57.680348341865916
P08253,9,0,2.049744398042,10.35,47.8183454049076
P08253,10,0,2.039307114505983,10.108333333333333,42.72149311523204
P08253,12,0,1.9592188526677263,10.16,32.35997512830165
P08253,13,0,2.029122652977131,10.359444444444444,41.27465879856005
P08253,15,0,2.408042750945612,10.3758,43.522948525913996
P08253,16,0,2.3449689670395246,10.514285714285716,37.36226285220555
P08253,23,0,2.1976632362935367,10.6496,60.16340259779383
P08253,25,0,1.9632144501690527,10.3872,69.71375590741341
P08253,38,0,2.2041027443383716,10.6328,57.036854900522385
P08253,48,0,1.9247610520630352,10.5318,66.67522450982159
P08253,51,0,2.401198780204681,10.577272727272728,49.546083192482875
P08253,52,0,2.600090931367825,10.768484848484848,46.14199136661923
P08253,78,0,1.9496139175604656,12.48,47.79857955112877
P08253,79,0,1.9493217916085097,10.62,72.41248059312116
P08253,108,0,1.938826705101501,10.2,67.42067274113934
P08253,109,0,2.1706419358866555,10.322857142857144,58.2166430891644
P08253,146,0,1.9164271317257267,10.608333333333333,70.78158510478092
P08253,147,0,1.9343583668788455,10.557142857142859,71.66292612090557
P08253,156,0,2.194556250016299,10.815833333333332,62.70132153328537
P08253,157,0,2.056341874025981,10.56857142857143,59.55109534363454
P08567,4,0,1.93324193524971,10.3256,68.92248362025222
P08567,11,0,2.0427510913261555,10.798,53.551454200905354
P08567,13,0,2.8456230998537353,6.61,16.219201185452324
P08567,14,0,2.1836016836271233,10.068,29.43795736125027
P08567,18,0,1.9365939469492646,10.48,66.20383245914124
P08567,20,0,2.1942756329792426,10.472,16.224825618049955
P08567,21,0,1.9584242739925624,10.541,71.51361491756012
P08567,22,0,2.1543284161947303,10.1576,55.44259807608833
P08567,26,0,2.280806331884166,9.702631578947368,33.59805974167391
P08567,27,0,1.955442719809269,10.272,51.468774621116175
P08567,29,0,1.931340434564616,10.419,74.59116816840188
P08567,30,0,2.0095936667447343,10.448214285714286,63.56455008343152
P08567,32,0,1.8995724318524219,10.3565,70.45284470435232
P08567,33,0,2.095073314543453,10.495555555555555,61.22678829596883
P08567,35,0,2.1713689848936086,9.961,53.80668733280927
P08567,37,0,2.020168964639082,10.093200000000001,54.800515442556836
P08567,38,0,2.4907459106355003,10.415555555555555,59.32426705572442
P08567,39,0,2.0428268540482786,10.37906976744186,58.0855450887518
P08567,41,0,2.0164870270876363,10.536111111111111,60.99272691691726
P08567,42,0,2.801678540092356,10.886666666666667,37.89444145714524
P08567,45,1,1.925422423461577,9.5496,44.416632806591394
P08567,51,0,1.9341856149534378,10.3532,65.68938684463888
P08567,64,0,1.9595780306976744,10.396400000000002,62.9193922420912
P08567,70,1,3.328066677704648,10.7728,30.435300642027837
P08567,75,1,1.924128211980353,10.3332,66.98419687480978
P08567,78,0,2.0021864574990262,10.575,63.714332993173926
P08567,81,0,1.9094046463727294,10.495999999999999,72.30523899764867
P08567,90,0,2.1309925262570335,10.43611111111111,64.7270206581252
P08567,98,0,2.0255173025480038,10.492799999999999,64.29014634767182
P08567,101,0,1.98291400138431,10.5084,63.45807589841448
P08567,106,0,2.023042028580627,10.538,70.38732286257087
P08567,113,0,2.016010558994879,10.2655,66.87093820540782
P08567,123,0,1.9263647574289808,10.3435,62.66161638363328
P08572,10,0,2.7579050048280322,9.125,32.822770996083605
P08572,25,0,2.1773533747045315,10.295,54.5731786716691
P08572,26,0,1.9685780137419062,10.215,25.655227356918495
P08572,41,0,2.2598011389478954,8.745000000000001,29.05137082775775
P08572,56,0,3.770138558700242,8.565000000000001,12.21408681315194
P08572,79,0,2.7470074791823067,13.83,24.53114259801763
P08572,100,0,2.0720427366755776,10.52,59.09828291500697
P08572,187,0,3.5996376414717974,7.17,2.000834546178474
P08572,203,0,2.1556207884006984,11.370000000000001,38.006235249889386
P08572,204,0,1.9445898584517312,10.18,48.7219132669729
P08572,210,0,1.936259700785992,10.44,71.95840880493853
P08572,211,0,2.223797603140472,10.54,74.83249157158279
P08572,226,0,2.267455140984531,10.23,43.940343798362285
P08572,234,0,3.1141005106174804,9.85,24.684949738349633
P08572,250,0,1.9956405422192511,11.0,34.2921036976446
P08572,265,0,2.594011608101333,9.379999999999999,25.315297214323035
P08572,303,0,2.902737170204863,11.01,28.905008607516287
P08572,324,0,2.1075085580568818,10.64,41.69385961411952
P08572,411,0,4.283655988310391,7.525,1.383740664212404
P08572,434,0,2.1264495878836627,10.365,67.01709262238522
P08572,472,0,1.9395729885746702,10.399999999999999,73.67689271137561
P08572,503,0,2.934269629162208,9.24,10.801580941205104
P08572,650,0,1.9328531628585828,10.21,51.376984483261445
P08572,651,0,1.9230855922343166,10.2,68.02721283528477
P08572,658,0,2.167716995469445,10.61,74.18188736797845
P08575,8,0,1.9583689184562,10.295,48.72541483378471
P08575,14,0,2.0015121419229356,11.033333333333333,28.721563594823852
P08575,26,0,1.9250683837947096,10.336666666666666,63.3102914529988
P08575,29,0,2.151101880616279,11.226666666666667,55.00997458775024
P08575,34,0,2.825574696195017,10.4,34.835441056252165
P08575,60,0,2.016896491579673,10.34,55.20600778767268
P08575,76,0,2.700689247701829,9.853333333333333,17.543395142577502
P08575,88,0,3.106873646295122,11.573333333333332,15.70186552387481
P08575,99,0,2.1573274930730446,10.186666666666666,35.74076515587728
P08575,107,0,3.1178008008882987,10.41,31.830965832022184
P08575,109,0,2.4286606078244533,9.883333333333333,51.26364716496007
P08575,135,0,2.2141869879699225,9.643333333333333,42.48432468650166
P08575,138,0,1.9784733834561357,10.61,54.668817260524484
P08575,149,0,2.133689892795457,11.1,44.417549540781
P08575,160,0,1.990413854333604,10.153333333333334,41.59209055626652
P08575,166,0,2.213698313366731,10.653333333333334,37.679367805914325
P08575,169,0,1.9689718362132647,11.046666666666667,52.27750892744357
P08575,211,0,2.32171923131069,12.08,17.361160952053645
P08575,215,0,1.97171626665478,10.31,53.742571026491085
P08575,222,0,1.9914657563150573,10.44,53.42396117153952
P08575,226,0,2.176105075501948,10.61,49.44667214717137
P08575,233,0,2.3106515541343446,10.27,55.07879510181794
P08575,237,0,1.9367286428230035,10.23,65.56575862873541
P08575,249,0,1.920160541242505,10.42,50.41038841858351
P08575,264,0,1.9295802692995168,10.52,48.98675607265521
P08603,2,0,2.077034612134303,10.25,51.410053018432826
P08603,3,0,43.4125780715058,10.39,52.4084740711901
P08603,6,0,1.994944718990176,10.47,79.87584406553083
P08603,11,0,24.90246740278805,10.61,71.63616648348125
P08603,23,0,2.285773922861642,10.530000000000001,63.747496430623386
P08603,31,0,13.546074514184497,10.729999999999999,55.08600549329024
P08603,32,0,2.0490701274419134,10.26,51.30345158021336
P08603,33,0,2.160292944048964,10.296666666666667,53.353395328219825
P08603,46,0,2.566868878548457,10.41,55.51007686829357
P08603,50,0,1.936928543138884,10.723333333333334,69.95311276085964
P08603,51,0,2.153224290272904,10.8,59.327799165798126
P08603,54,0,1.9711297812350388,10.365,69.59725648883973
P08603,61,0,2.207423568267203,9.94,53.09634105432453
P08603,64,0,2.147656635626341,10.903333333333334,43.51281448977846
P08603,67,0,2.10011111121904,10.16,46.78096533075347
P08603,68,1,17.863539952077357,11.08,39.30695278324599
P08603,85,0,21.469518307614315,10.79,27.31081396043684
P08603,90,0,26.144172958818547,9.67,39.030721704194406
P08603,91,0,2.1460101439789283,10.64,52.65214385138415
P08603,93,0,2.1783310826126625,9.93,40.55063077498585
P08603,104,0,20.730672629735142,10.39,68.2984860884299
P08603,107,0,2.425146667058374,10.4,65.64917445867293
P08603,112,0,2.1905438932117534,10.22,67.47031645005075
P08603,127,0,2.1888172061063114,10.44,37.56666316946679
P08603,138,0,2.360306928186961,9.513333333333334,15.904105550949652
P08603,165,0,2.033514249530862,10.700000000000001,61.781044870709195
P08603,182,0,1.9624551799712069,10.553333333333333,50.621878690693926
P08603,184,0,2.3512474767152534,10.616666666666667,39.39752446311667
P08603,186,0,2.3426510498682327,10.213333333333333,47.502189919216654
P08603,193,0,2.0323751422942142,10.463333333333333,78.02935116676777
P08603,206,0,1.9056342876949481,10.479999999999999,75.83753396718983
P08603,210,0,2.350753637176489,10.58,62.774191756633094
P08603,218,0,2.3026860100539537,10.37,52.59203907526861
P08603,247,0,1.9395186262277084,10.38,49.56434006367926
P08603,265,0,1.9281043070493993,10.436666666666666,69.47785960554158
P08603,290,0,2.5828821292148834,10.556666666666667,50.42602002369669
P08603,305,0,1.9553522426964334,10.643333333333333,63.04457598269048
P08603,313,0,2.2989219857293115,10.103333333333333,39.48221656506969
P08603,333,0,2.3019418934908775,9.34,20.151277019215247
P08603,370,0,3.134652156529604,9.31,14.950850346741651
P08603,387,0,1.9000694765163486,10.346666666666666,71.89455157093118
P08603,392,0,2.1442825089287414,10.276666666666666,47.10125506511009
P08603,406,0,2.0099386280270415,10.113333333333333,33.14597324862948
P08603,428,0,2.123760980621011,10.676666666666668,68.80187176962853
P08603,432,0,1.9307727234937728,10.42,70.99623060492969
P08603,452,0,1.9776367860142443,10.086666666666666,57.941516865862525
P08603,454,0,1.9707229610939725,10.38,70.73072239247006
P08603,456,0,2.3307616341901993,10.403333333333334,61.87191107489114
P08603,460,0,2.0155611827191007,10.41,65.55934454373434
P08603,478,1,1.9937321666561127,10.453333333333333,76.12638595839489
P08603,489,0,2.0185030406901063,10.333333333333334,41.17540410566069
P08603,502,0,2.060136114955022,10.543333333333335,53.32771717159986
P08603,509,0,2.3612653318579926,10.32,47.66069854022121
P08603,555,0,1.9540463304041846,10.306666666666667,58.393928024595084
P08603,565,0,1.925967826879053,10.049999999999999,46.34577839007651
P08603,566,0,1.9140709148640533,10.603333333333333,58.39697144247827
P08603,570,0,2.309077979502327,10.576666666666666,65.99408424379048
P08603,576,0,2.384538825426953,10.736666666666666,49.08554170831809
P08603,580,0,2.089348553791399,10.41,62.31040323283907
P08603,606,0,2.0654439427300058,10.566666666666666,50.52155498362773
P08603,624,0,1.9378901618127327,10.47,70.60655312449849
P08603,626,0,2.3665839478821376,10.043333333333335,23.000581564635123
P08603,628,0,1.9015414231248944,10.673333333333332,62.72708968344489
P08603,648,0,2.0163776532344335,10.303333333333333,48.79668971711303
P08603,652,0,2.2477006601711658,10.366666666666667,68.49109407969529
P08603,731,0,1.8706451781613158,10.446666666666667,75.73712299366103
P08603,733,0,1.9181784594753803,10.36,61.347101477124276
P08603,734,0,2.0292879926296608,10.203333333333333,51.68367155776033
P08603,736,0,2.1434938361815363,10.020000000000001,51.5979758914874
P08603,748,0,1.985229241569229,9.986666666666666,44.65855769386578
P08603,750,0,1.8824907673884779,10.416666666666666,79.12098916404328
P08603,751,0,1.8707038380537864,10.493333333333334,58.592001078080806
P08603,766,1,1.8860203465085086,10.453333333333333,77.21285341776137
P08603,816,0,1.934201527319872,10.533333333333333,69.26078427982479
P08603,836,0,2.039340538889932,10.303333333333333,70.16673015299591
P08603,849,0,1.8920731164753235,10.6,56.992221377394976
P08603,878,0,1.9245972324684757,10.523333333333333,66.29777153363749
P08603,901,0,2.1914493999465154,10.436666666666667,69.44038956816284
P08603,914,0,1.958107401488746,10.316666666666668,61.28528409668021
P08603,940,0,2.3277560015005987,10.43,61.40345379534805
P08603,954,0,2.349477185803558,10.82,55.00134611626069
P08603,959,0,1.9612016369664202,10.563333333333333,56.94816272208994
P08603,968,0,1.983977439414117,10.483333333333334,54.76405769614424
P08603,986,0,1.9657519389676121,10.303333333333333,66.42072997944048
P08603,987,0,1.9093581490630005,10.516666666666667,74.31745036347318
P08603,991,0,2.0643846875705987,10.453333333333333,68.168851758238
P08603,1005,0,1.9637290294837253,10.459999999999999,68.18031638976204
P08603,1048,0,1.9551244006938358,10.47,77.84416082482335
P08603,1085,0,2.026187753946703,10.376666666666667,56.13358483526071
P08603,1090,0,1.870685239524497,10.416666666666666,62.57611870314739
P08603,1130,0,2.0901656031723976,10.793333333333335,39.65786213766727
P08603,1144,0,2.0333026563656458,10.613333333333333,53.54662509303125
P08603,1168,0,1.904293114316183,10.013333333333334,44.051630354792565
P08603,1170,0,2.3223986316475953,10.373333333333333,52.58858114168809
P08603,1184,0,1.9927809120558777,10.62,52.717331898946135
P08603,1204,0,1.9976736263414,10.396666666666667,53.79171295324256
P08603,1212,0,1.9268664570072793,10.403333333333334,45.69283980859762
P08637,4,0,1.960362721616586,10.865,41.94629149257398
P08637,7,0,1.9644903310925992,10.47,39.56616690209062
P08637,19,0,1.9573501003837315,9.8575,50.14898172986606
P08637,22,0,2.0449533668034703,10.42,57.596192565047616
P08637,25,0,2.602564755322945,9.120000000000001,26.582839856506965
P08637,28,0,2.385117761978558,10.5,63.5329191073985
P08637,98,0,2.2486499658666377,10.6225,63.900330004482
P08637,101,0,2.191422848505648,10.9,54.66240317552341
P08637,111,0,1.9417451827320544,10.477500000000001,55.42557293465052
P08637,114,0,2.0443049999269336,10.52,52.90190046734454
P08637,117,0,2.1745881228741566,10.629999999999999,48.44816110087454
P08637,125,0,2.0260096958625655,10.3875,72.65052457397078
P08637,128,0,1.9460814958337462,9.996,39.95262861337503
P08637,140,0,1.9899289841086332,10.6275,47.340389716325916
P08637,143,0,1.962821726718564,10.81,58.24254252860024
P08637,144,0,1.9171548206316356,10.385,73.01161956082363
P08637,147,0,1.9731480207320204,10.41,67.00277546836496
P08637,158,0,2.093396716572604,10.3525,68.11620008344386
P08637,161,0,2.1495798966891893,10.36,71.13174451303924
P08758,26,0,2.6078914277484553,10.335769230769232,59.80745088647146
P08758,29,0,2.7886545808961114,9.93923076923077,58.08910920758639
P08758,58,0,2.816261494467364,10.70346153846154,50.78180245486362
P08758,70,1,3.3210659464010437,10.458076923076922,46.26717899759404
P08758,76,0,3.585165662050052,10.939615384615385,49.58044534108222
P08758,79,0,3.302144190163914,9.91,53.01843266118773
P08758,86,0,3.071785929537955,9.36076923076923,34.67271469607205
P08758,97,0,3.946126733351078,10.234615384615385,31.171438632617
P08758,101,0,3.5038940832464935,10.271538461538462,54.18694402100756
P08758,108,0,3.628213511263195,9.73846153846154,48.745788615949635
P08758,126,0,3.3764358874997886,9.452307692307691,35.47422610832818
P08758,186,0,1.979101413431016,10.4256,58.39855663777138
P08758,193,0,2.098567754352729,10.7228,53.4779507502884
P08758,208,0,3.696431215956473,10.334999999999999,44.41864246931501
P08758,212,0,2.2718124933267596,10.786800000000001,35.921768889278475
P08758,242,0,3.654342703109076,10.223846153846154,27.854821760425345
P08758,260,0,3.643803554459311,10.812307692307693,51.170611046621545
P08758,286,0,3.2090787564069356,9.194615384615386,39.65720512189596
P08758,290,0,3.2511879432623454,10.809615384615386,56.360148291033724
P08758,301,0,3.4464258893425996,10.386923076923077,51.202238426509126
P08758,309,0,4.029837806353093,9.766153846153845,29.148322189504828
P08758,310,0,3.301710645490031,10.715769230769231,45.86626973605583
P09104,4,0,2.3815353544133497,10.024375,57.35825782769253
P09104,5,0,2.374122977096675,10.055666666666667,55.588504329062715
P09104,27,0,1.9437089892725163,10.920625,36.965398605693224
P09104,28,0,1.9111999723974664,10.960333333333333,36.34258740688839
P09104,53,0,1.9219900869342799,10.454375,78.54625905905394
P09104,54,0,1.9309004335479767,10.435666666666666,73.76550525916092
P09104,59,0,2.358825150440222,9.2425,41.368236399005745
P09104,60,0,2.432543640554867,8.734666666666667,36.35342262905093
P09104,63,0,2.0107210302238507,10.489375,51.255617968631654
P09104,64,0,2.016304425688841,10.532,54.64244751718841
P09104,88,0,1.9888464363443747,10.776250000000001,54.73470480332574
P09104,89,0,2.0504098479374155,10.698666666666666,53.489397928519914
P09104,102,0,3.0550455448621796,10.059375,8.941743773125927
P09104,103,0,3.071835022279582,10.176666666666668,10.180012471369233
P09104,104,0,1.9593303035548895,10.383125,57.50546066940576
P09104,105,0,1.9672659674386428,10.267142857142858,54.004659094865175
P09104,119,0,2.187387490023887,9.935625,17.98216750768268
P09104,120,0,2.120450253948019,10.692333333333332,19.319866522581318
P09104,161,0,2.379333968872036,10.33125,52.345089985034654
P09104,162,0,2.3761106156791745,10.154444444444445,45.72151411376684
P09104,192,0,2.4721077730940864,6.21125,21.730905666502174
P09104,193,0,2.3879827122653667,8.860714285714286,37.855728651839286
P09104,196,0,2.304792544110196,8.8125,40.77962751761685
P09104,197,0,2.2861937285979597,9.995666666666667,42.142867380810706
P09104,198,0,1.9116949426200596,11.415625,47.857752348694525
P09104,199,0,1.9189526686828873,10.933,48.92420129060216
P09104,201,0,2.4326088652234366,6.544545454545454,29.148217263788652
P09104,202,0,2.0974133268468322,9.134482758620688,50.68540641857524
P09104,227,0,2.2903865434864494,10.42125,44.68544939973127
P09104,228,0,2.409477714196766,10.626000000000001,40.06609246804718
P09104,232,0,1.918195223979605,10.515,54.04845906744178
P09104,233,0,1.9187467658410156,10.734333333333332,53.54401582579951
P09104,238,0,2.2196147235645083,10.44875,47.06599941421981
P09104,239,1,2.2305614746584053,10.529,37.61220862712836
P09104,255,0,2.6239442186405837,10.3025,47.3543284884185
P09104,256,1,2.72328036746388,9.872068965517242,47.16197371565221
P09104,261,0,2.0545928597490453,8.139375,26.068676085408015
P09104,262,0,2.1782324653200513,7.908333333333333,16.05425186317559
P09104,305,0,1.9703813092476414,10.625,60.99257738219749
P09104,306,0,1.9755864651974873,10.666666666666666,50.36834234607218
P09104,325,0,1.9079088804273914,10.36375,66.87994655871736
P09104,326,0,1.9010366833930084,10.860999999999999,66.26476735748228
P09104,334,0,2.083151163935221,10.291875,67.98744182672418
P09104,335,0,2.105312689473165,10.280666666666667,67.53748762797532
P09104,342,0,5.779696318861485,11.825625,10.168727963278156
P09104,343,0,5.096283907231449,11.546666666666665,11.792770876705207
P09104,357,0,2.1366521490125856,10.2775,48.74218635706559
P09104,358,0,2.158308844924874,10.234,43.890281210430395
P09104,393,0,8.964366479505156,17.0125,5.454091189712285
P09104,394,0,5.721586023338181,16.618666666666666,6.722493406552817
P09104,405,0,5.464625010621389,9.165454545454544,3.8687017782923685
P09104,406,0,5.538575316616848,9.7,5.517131936878928
P09326,35,0,1.9866539729103248,10.225,49.02572491152912
P09326,46,0,1.9716825868107244,10.272499999999999,45.33542201231257
P09326,54,0,1.9576692011503745,10.381,72.44278021476747
P09326,56,0,2.2304620199452048,10.286,56.63169416796442
P09326,61,0,1.9252438484252117,10.439499999999999,57.7029919890541
P09326,63,0,2.0884589792170787,10.364,52.41912112504265
P09326,79,0,1.9980439468533504,10.246,73.8101109661034
P09326,82,0,1.966340269165856,10.5325,66.91033083204073
P09326,94,0,2.4424386578571307,9.808499999999999,29.05077687039668
P09326,95,0,1.955569470353033,10.403,58.39991014060631
P09326,103,0,2.362707932136062,10.3285,49.85778227081707
P09326,105,0,2.430254859053373,10.265,56.600230790289494
P09326,114,0,1.8845218426054255,10.4065,63.14599597469309
P09326,118,0,1.9009075774318571,10.3895,70.41433565065321
P09326,121,0,1.8308338091802732,10.458,81.16314274401654
P09327,24,0,2.489297414284225,10.210416666666667,42.34008549567064
P09327,29,0,2.956901460984195,10.200416666666667,23.930359363326843
P09327,30,0,2.069911408111936,10.4475,51.19545933274622
P09327,32,0,1.923014820367407,10.035416666666666,35.6790350418958
P09467,23,0,1.921158373926315,10.968770053475936,56.517010863643875
P09467,24,0,1.9099403992736432,11.39125,49.627829142297514
P09467,42,0,2.74865073794838,10.070026666666667,12.177555239311985
P09467,43,0,2.421379380189779,9.79625,12.726375037074227
P09467,50,0,2.147409130926293,8.88376811594203,38.84597699033835
P09467,51,0,2.089588006123104,9.26142857142857,41.66346517269495
P09467,71,0,1.9385410347035712,10.35429347826087,52.78544962749693
P09467,72,0,2.0049024626683387,10.408394736842105,57.35261630924012
P09467,73,0,2.0562661241007927,10.29375,58.218465166153585
P09467,86,0,2.5899118008709068,9.435764075067024,41.07358566797454
P09467,87,0,2.6899163298750395,9.46,41.580786822282896
P09467,100,0,1.9312506431175718,10.414867021276596,72.37036563375851
P09467,101,0,1.927870878599169,10.3725,73.29592960535807
P09467,109,0,2.465897976182653,10.527340425531916,36.66354617445445
P09467,110,0,2.4087909923639312,10.44625,32.667875752046065
P09467,112,0,2.1018203021584037,10.399574468085106,39.81992457511767
P09467,113,0,2.117129586455524,10.7375,48.32732023032806
P09467,141,0,2.1443415230355978,10.991489361702127,13.37308889133177
P09467,142,0,1.9233391808298996,10.005182291666666,55.855966441028805
P09467,143,0,1.9192708985606537,9.86125,56.86650449325074
P09467,150,0,1.9354938699912592,10.569973404255318,66.57862138169777
P09467,151,0,1.9069645987677857,10.9275,46.795491106160895
P09467,198,0,1.9551401070625154,9.936675824175824,58.16319286030813
P09467,199,0,1.951407694124033,10.14375,59.49611162846039
P09467,201,0,1.9264112641011177,10.714281914893617,54.204376269062955
P09467,202,0,1.9194791763158894,10.66625,53.95175282795804
P09467,203,0,2.0473794909023506,10.128058510638299,55.10145676318682
P09467,204,0,2.177446119065024,10.9059375,63.547105276503714
P09467,205,0,1.9292563491923447,11.735989583333334,41.69157858468793
P09467,206,0,1.9372211105260102,11.1175,46.73702393975756
P09467,207,0,2.05362576717526,9.925638297872341,68.19002533494395
P09467,208,0,2.066374927254105,10.14625,81.01071168671666
P09467,217,0,1.9430824378120821,9.930986842105263,52.93357259558396
P09467,230,0,3.1660336271401146,9.160106666666666,4.1249708444238165
P09467,231,0,2.561354840561183,9.62038781163435,20.2621111074977
P09467,232,0,2.0892227074395864,10.913333333333334,30.82020748311487
P09467,268,0,1.896267714917805,10.52904255319149,68.78061838240444
P09467,269,0,1.930739914445027,10.624088541666667,57.5371245042812
P09467,270,0,1.9381321618865535,10.661249999999999,59.224388407617475
P09467,274,0,2.1674120266989685,9.891170212765957,48.98446480580574
P09467,275,0,2.3078704796721414,9.78,54.732549048991835
P09467,290,0,2.052322281269573,10.553351063829787,27.242336796962515
P09467,291,0,2.0594765966727335,10.23125,32.67178638040132
P09467,299,0,1.9080309396565862,10.57968085106383,67.28673781058747
P09467,300,0,1.966283987928972,10.182500000000001,60.06935820358553
P09467,329,0,1.9580377150380381,10.21808,64.63827774878918
P09467,330,1,1.9181600239145056,10.2125,64.15629617467175
P09467,333,0,1.9194029576609297,10.879468085106383,51.38064114532228
P09467,334,0,1.9063116731908705,11.025,52.77994285878448
P09493,4,0,2.0364666252812387,10.3025,57.09882281561444
P09493,5,0,2.0644571432728482,10.461428571428572,53.15532461222865
P09493,6,0,2.103384705615577,10.284285714285714,52.226584271527564
P09493,7,0,2.057690936701311,10.128947368421052,59.79467187009931
P09493,11,0,2.403833406253323,9.13,30.69822533086221
P09493,12,0,2.1255553496177626,10.169411764705883,48.22745122324025
P09493,14,0,2.3561758331428826,9.523333333333333,25.995953805985177
P09493,26,0,2.0589708815821095,10.528333333333334,46.218025742984445
P09493,27,0,1.9624246791153102,10.326470588235296,65.59852012712479
P09493,39,0,2.484750397642658,9.85,26.090669863664495
P09493,40,0,1.9788964429474432,9.902857142857142,63.886329580971086
P09601,18,0,3.7108115528397243,10.078153846153846,58.126571944789916
P09601,22,0,3.7999954789338246,10.486,65.08886335353941
P09601,26,0,2.1678558282918834,10.32,74.74477241420834
P09601,30,0,1.9747685848862484,10.54,78.69192178405612
P09601,39,0,2.6375691317632723,10.052380952380952,47.68069502679407
P09601,47,0,2.2103522991594686,10.32,64.52464791330516
P09601,48,1,4.492191965302885,9.64276923076923,31.778971298864423
P09601,56,0,2.700832989673503,10.12,37.26285588823371
P09601,69,1,4.007315151061393,11.19276923076923,40.29267379666301
P09601,77,0,2.078906805944329,12.3,37.14743508313775
P09601,86,0,3.463532255694226,10.939538461538461,41.01812292101663
P09601,94,0,2.451851303615427,11.86,20.86514940820441
P09601,116,0,4.311326107909041,10.598805970149254,62.200489657899645
P09601,124,0,2.221479872054706,10.33,49.45216993431515
P09601,148,0,4.718597856065849,8.973015873015873,26.18485531008462
P09601,149,0,3.5331654822099283,10.243387096774194,64.31988542801601
P09601,153,0,2.703520838688154,10.252833333333333,67.26767008850943
P09601,156,0,2.825084301521559,6.35,13.725618303533803
P09601,157,0,2.029561937806198,9.22,51.831010071552114
P09601,161,0,1.9001736164958112,10.87,73.32539430833178
P09601,177,0,3.677562261538861,10.290000000000001,64.4728512211219
P09601,179,0,4.241730964383073,9.317384615384615,29.51231270275975
P09601,185,0,2.067349250803887,10.14,63.19604874514795
P09601,187,0,2.5622827257269694,7.07,12.292233930409983
P09601,204,1,3.7894582944137984,10.664153846153846,42.725433028198296
P09601,212,0,2.349520620499065,11.2,33.47625499295376
P09871,23,0,7.1444215566613165,10.174999999999999,56.576266562578276
P09871,90,0,6.988344912621941,10.764285714285714,59.15800122535958
P09871,96,0,6.914145364260826,10.174999999999999,38.60709289482285
P09871,154,0,6.693617247557529,10.744285714285715,47.574533037546985
P09871,179,0,7.644768974481413,10.3,69.12809235094957
P09871,195,0,6.10707999846095,10.437777777777777,81.48397953001057
P09871,249,0,9.438270857388064,10.947,50.133489751093045
P09871,265,0,6.961330617498035,9.924,38.98564966709244
P09871,266,0,7.403483064194518,11.053,41.044577497423546
P09871,269,0,8.434161574570696,10.449,42.70078260199557
P09960,17,0,2.088127324763975,9.69,45.59530862833461
P09960,19,0,2.04407537824494,9.817391304347826,41.945373558470514
P09960,20,0,2.0205583435945957,9.793333333333333,40.31793475246371
P09960,55,0,2.566987775161743,8.879999999999999,25.11366259833247
P09960,57,0,2.718326554234861,8.838782608695652,19.850877398491836
P09960,58,1,2.7070085549885268,8.878333333333334,20.444132359392075
P09960,61,0,2.3100895790304428,10.87,35.54180307530383
P09960,63,0,2.364203401225026,10.773771929824562,41.27752596115362
P09960,64,1,2.365509939277369,10.741666666666667,43.08560697627545
P09960,70,0,2.0307416758122288,10.44,78.26808493767103
P09960,72,0,1.9794650471202648,10.408608695652173,74.5811517807376
P09960,73,0,1.9181931784604618,10.395,79.92879844586712
P09960,80,0,3.2169062183702453,10.65,20.856280953942715
P09960,82,0,3.2568667797799273,10.413739130434783,19.306718834014745
P09960,83,0,3.3427754160758667,10.156666666666666,14.287821580524652
P09960,94,0,1.9777575596678252,10.025,42.4681313035355
P09960,96,0,1.9908805460498096,10.389565217391304,54.49777233789322
P09960,97,0,1.969085971657315,10.221666666666666,54.451949192656365
P09960,109,0,1.9218798958360468,10.469999999999999,76.45350429344992
P09960,111,0,1.9199841278497563,10.305565217391305,67.01993983300981
P09960,112,0,1.9130482371276412,10.368333333333334,73.13497343278529
P09960,124,0,1.9904164879377184,10.46,49.64192540308433
P09960,126,0,1.9940767093110876,10.476086956521739,54.07060480570976
P09960,127,0,1.9733376954590092,10.478333333333333,55.435611304926454
P09960,151,0,2.2621563867098464,6.425,13.017303697381466
P09960,153,0,2.2012848725882495,6.625391304347826,7.998988900101806
P09960,154,0,2.1248950734375454,6.4816666666666665,7.352586718953898
P09960,162,0,2.1089691557086203,10.364999999999998,56.22601638161555
P09960,164,0,2.077523752200697,10.316086956521739,56.013291715906185
P09960,165,0,2.050083993631882,10.14,57.042514130621974
P09960,185,0,3.4252182420721993,11.035,33.10068740869414
P09960,187,0,3.024695064320527,11.120869565217392,29.372613900790835
P09960,188,0,3.0662199963319314,11.1525,31.210045861086503
P09960,190,0,2.1681328112926876,10.553478260869566,42.07107055866668
P09960,191,0,2.164797280340941,10.604999999999999,38.24594531434299
P09960,192,0,1.928851883292785,10.094999999999999,64.90784040473443
P09960,194,0,1.9064265987497904,10.306086956521739,69.68252753737372
P09960,195,0,1.8768416919014683,10.4,72.9241485674522
P09960,222,0,1.9665824559602547,10.825,65.54775992082423
P09960,224,0,1.959509221216733,10.904260869565217,61.87983240346909
P09960,225,0,1.9517099838373841,11.145000000000001,64.81929221596528
P09960,227,0,2.0734456558778556,10.375,65.0610257715204
P09960,229,0,2.067699958665668,10.201217391304349,53.06017754765866
P09960,230,0,2.099718365712292,10.248333333333333,55.07996229075522
P09960,240,0,2.082864815764384,10.395,52.159944639860015
P09960,242,0,2.0608534142669437,10.872,54.05949483647231
P09960,243,0,2.069860371718393,11.031666666666666,51.51006583872601
P09960,285,0,2.1587656502622075,10.855,28.213580061877
P09960,287,0,2.1725658036680113,10.707391304347825,25.145632572051035
P09960,288,0,2.182116256976979,10.729999999999999,25.265178994021237
P09960,307,0,2.687565549260405,10.545,37.044646098503115
P09960,309,0,2.7844217732857355,9.936434782608696,42.7973934056427
P09960,310,0,2.8458050331485136,10.201666666666666,50.204112317613436
P09960,334,0,2.219058277312786,10.805,61.017026990648674
P09960,336,0,2.205667874165918,10.626695652173913,58.13693635490124
P09960,337,0,2.204581746020976,10.773333333333333,64.28798126673472
P09960,352,0,1.9210728985968877,10.25,78.30128437253632
P09960,354,0,1.9418544630517562,10.22104347826087,69.38451759490276
P09960,355,0,1.9642848561691393,10.046666666666667,61.359646031122985
P09960,362,0,2.417101221424624,10.120000000000001,37.20377103889979
P09960,364,0,2.9581251264592554,9.767478260869565,35.664678475685086
P09960,365,0,2.6511108172536315,10.15,41.046135203780956
P09960,383,0,4.621288644690667,7.375,7.44883071889356
P09960,385,0,4.910811559446606,7.239478260869565,8.479145766634012
P09960,386,0,4.273080367628131,7.243333333333333,7.119170748115306
P09960,406,0,2.161921828685533,10.395,49.47956069526364
P09960,408,0,2.2420501774329025,10.388521739130436,50.60102674887513
P09960,409,0,2.2501973924172036,10.405,53.50523897314334
P09960,411,0,1.9688343148875034,10.165,53.327422647288586
P09960,413,0,1.9428373799858478,10.289130434782608,54.52273747060083
P09960,414,0,1.9534245190246802,10.305,56.00483407800266
P09960,415,0,2.261302796782985,10.07,55.83706430365471
P09960,417,0,2.259967348804295,10.086869565217391,58.51204450969173
P09960,418,0,2.2659413562572794,10.046666666666667,52.78408528868101
P09960,423,0,2.304902918102699,9.41,40.604659623642895
P09960,425,0,2.415951221914621,9.635739130434782,39.54448393692525
P09960,426,0,2.312174597538311,9.498333333333333,41.39962982715675
P09960,431,0,1.962659749025291,10.59,70.80006105115945
P09960,433,0,1.9568802874877527,10.527863247863248,63.85794500525255
P09960,434,0,1.9519851204860903,10.518333333333333,68.3847871657871
P09960,435,0,2.153475151287683,10.109478260869565,40.52262620829879
P09960,436,0,2.2022601274801246,10.185,46.26439695954837
P09960,455,0,1.9284053435156456,9.219999999999999,39.19015753136409
P09960,457,0,1.94468798671155,9.38104347826087,40.822515130506304
P09960,458,0,1.9408099381268873,9.153333333333334,39.42809499579613
P09960,477,0,2.2176471492421603,10.605,57.65652096147358
P09960,479,0,2.2166895013073273,10.46286956521739,62.061891397083784
P09960,480,0,2.2279849543782237,10.606666666666667,60.37796377672313
P09960,490,0,1.918106397972656,10.265,57.99995267088086
P09960,492,0,1.9141739380911356,10.498,63.435710149063155
P09960,493,0,1.907313952431479,10.525,59.202713599969265
P09960,516,0,2.066032304392037,10.325,48.402550738781414
P09960,518,0,2.089939702185364,10.324608695652174,47.6799687774054
P09960,519,0,2.1027766100098666,10.378333333333332,45.3479900191731
P09960,544,0,2.0893079210229315,10.45,59.60083956481091
P09960,546,0,2.139218582716099,10.253217391304347,54.05153983442239
P09960,547,0,2.1455782504846725,10.174999999999999,56.652100339412584
P09960,554,0,2.1971818737423536,10.745000000000001,54.60456187328151
P09960,556,0,2.091209479856134,10.730347826086957,57.72224242528821
P09960,557,0,2.0267383386901106,10.29,67.58362649758257
P09960,563,0,1.9341905249486973,9.219999999999999,41.41319430793709
P09960,565,0,1.941645539305641,9.245304347826087,42.93248217431161
P09960,566,0,1.9696550695973605,9.015,42.42123648819598
P09960,570,0,2.1990054637795895,9.955,56.650785888319675
P09960,572,0,2.091585555538928,9.601217391304349,54.24919211179061
P09960,573,0,2.0847259321013323,9.78,49.71608007967843
P09960,577,0,1.9553044911725188,10.835,45.89441442889513
P09960,579,0,1.9536399851019455,10.927304347826087,50.071017872179475
P09960,580,0,1.9561939707719633,10.745,52.86392864780584
P09960,590,0,2.0916475919378876,10.705,42.73691746249654
P09960,592,0,2.0924264245690245,10.838086956521739,41.951044645426435
P09960,593,0,2.0917529769303815,11.094999999999999,41.7681342820997
P09960,603,0,1.8900413332919075,10.07,50.002554059777644
P09960,605,0,1.8981735465595833,10.135130434782608,53.85182987077899
P09960,606,0,1.9025837040199853,10.07625,51.43726788291764
P09960,608,0,1.9751531640548283,10.41513043478261,70.93549513891216
P09960,609,0,1.9736769623855748,10.421666666666667,72.71788882894386
P09972,13,0,2.4980695667921933,8.612499999999999,32.6510469601491
P09972,14,0,2.13911628783779,10.237499999999999,57.308960457554555
P09972,28,0,2.671645139355631,9.7425,33.09751036404012
P09972,42,0,1.9847018765579196,10.301666666666668,73.05091946684003
P09972,71,0,2.0298734802732916,10.626666666666667,38.97460391458888
P09972,72,0,1.885841502079393,11.188333333333333,46.494335907267754
P09972,87,0,1.9479421854969463,10.293333333333333,51.024577963591184
P09972,101,0,2.2166631050112344,10.196666666666667,25.367992522348484
P09972,108,0,2.29336912250374,10.390833333333333,33.01728248706446
P09972,111,1,1.9479953221608224,9.125,37.42630051852906
P09972,139,0,2.195128559542606,11.166666666666666,22.03971236156529
P09972,140,0,1.9220541573977103,10.315833333333332,58.12586454102746
P09972,147,0,4.757959101062209,13.649166666666666,15.212701549002967
P09972,153,0,2.3624566287872906,10.062000000000001,43.917943588243716
P09972,200,0,2.085555061131233,10.355555555555556,62.08741924038376
P09972,208,0,2.1194082054665486,9.505555555555555,44.175286932296366
P09972,215,0,2.418944162961508,8.447272727272727,28.182647571710614
P09972,230,0,4.7888789603280015,7.484166666666667,3.90734495459448
P09972,243,0,1.871008474974306,10.375,78.3300523073477
P09972,330,0,1.9734977972330432,10.745,55.91331882950512
P09972,342,0,1.9602322508781729,10.050833333333333,42.05329926525993
P0CG04,46,0,2.204121077557865,10.0725,60.441821010730465
P0CG04,51,0,2.0508751086480292,10.524999999999999,64.34952048532926
P0CG04,67,0,2.002895362297678,10.385,42.986314104298714
P0CG04,106,0,2.3464647814106447,10.445,44.80082929867288
P0CG04,112,0,1.909498281222961,10.184999999999999,41.12658942814397
P0CG04,114,0,1.9138766403158889,10.55,55.74021489263075
P0CG04,131,0,2.3840961455649214,9.92,47.55868949959606
P0CG04,133,0,2.306114683994156,10.34,73.83832475887726
P0CG04,151,0,2.422728854431293,10.305,32.21861982135186
P0CG04,153,0,2.2867585347212898,10.504999999999999,36.766107912346556
P0CG04,158,0,1.88747889197239,10.375,79.4599430130884
P0CG04,160,0,1.8923469449069112,9.685,62.4013894284071
P0CG04,167,0,1.906792708153687,10.38,75.82515303780849
P0CG04,168,0,1.9483258024874084,10.629999999999999,63.91030292491097
P0CG04,170,0,1.952522128602313,9.905,53.72918653278985
P0CG04,173,0,2.1059496022744835,10.045,38.14785235622699
P0CG04,175,0,2.4877901721493965,10.375,35.82415371504521
P0CG04,188,0,2.0458978550660087,10.29,69.49278217064614
P0CG04,190,0,2.0691189861764547,10.41,66.47690231058515
P0CG04,206,0,2.271733175459811,7.07,16.29784637604566
P0CG04,208,0,2.30316028110953,9.8,43.87044336181991
P0CG47,0,0,14.389521140412054,10.64,83.91589949312382
P0CG47,2,0,2.280693710648884,10.662,57.09938895679056
P0CG47,6,0,3.633708036232125,10.031866666666666,50.021958412235165
P0CG47,9,0,1.8708043753742432,9.23,25.667859177379803
P0CG47,11,1,3.547309697701686,10.67247311827957,55.731079184827344
P0CG47,27,1,3.690645202358465,9.85410052910053,20.25206233816496
P0CG47,29,1,3.270832505939488,10.571853785900784,32.3836381530586
P0CG47,30,0,2.811286788816881,10.46,12.056156332462104
P0CG47,32,0,1.9845999480642225,11.55,20.373850132075823
P0CG47,33,0,3.561717592078924,10.142346666666667,49.9683962646201
P0CG47,36,0,1.9316341816539229,10.38,55.537827603400274
P0CG47,48,0,2.82899091568153,10.178662952646238,54.69875701042874
P0CG47,49,0,1.9519498279069585,10.036,58.12896413669593
P0CG47,51,0,2.1920312622922973,10.16,47.155862054081865
P0CG47,63,0,3.3854175123887535,10.340054644808744,58.95646024965552
P0CG47,66,0,2.1000472765296245,8.43,35.24137191534256
P0CG47,137,0,1.895542803587012,10.38,61.451679424242215
P0CG47,153,0,2.0417002010171266,10.21,57.67509235554559
P0DMM9,16,0,1.8707601537840632,10.115,60.524664154507164
P0DMM9,22,0,2.513446583114345,11.629999999999999,53.18230397413916
P0DMM9,48,0,1.9512999106520574,6.66,15.167069370294183
P0DMM9,69,0,2.104296058317573,10.565,50.35799581610021
P0DMM9,97,0,1.935526954299542,10.55,62.16868249757714
P0DMM9,106,0,4.564843582245338,7.87,25.501862003053404
P0DMM9,122,0,2.06629940996429,10.325,65.53269009356404
P0DMM9,124,0,2.442186926623303,9.850000000000001,54.108697470328195
P0DMM9,133,0,2.8858389952741694,9.99,13.963643034428443
P0DMM9,147,0,2.1078047820401844,9.91,32.808453842063344
P0DMM9,161,0,2.297693088309967,10.23,50.64903492302417
P0DMM9,197,0,2.076722238631469,9.280000000000001,36.09981210793599
P0DMM9,201,0,2.017649688013797,12.41,31.802718768909433
P0DMM9,206,0,2.009467668231062,10.635,38.87203855026465
P0DMM9,230,0,1.9301097212744982,10.08,74.2848563396922
P0DMM9,233,0,2.187707013148221,9.875,38.08907839366608
P0DMM9,234,0,1.927533063862945,10.559999999999999,53.401135537415776
P0DMM9,258,1,1.994018787473801,10.934999999999999,34.54475646933251
P0DMM9,265,0,2.001949912292809,11.385,43.02126432256989
P0DMM9,283,0,1.9845850773956077,10.32,29.303892699751763
P0DOY3,36,0,3.2846376215718,8.66,19.87155528165969
P0DOY3,37,0,2.3932456721128776,9.86,32.83478104299889
P0DOY3,46,0,2.2754009641597994,9.47,51.44431601331104
P0DOY3,47,0,2.1880708848083392,8.98,34.845105816985075
P0DOY3,61,0,1.8707356757361469,10.02,32.25119748267111
P0DOY3,67,0,2.045170807169421,9.95,30.00790397846716
P0DOY3,98,0,2.314985449136223,10.36,62.82992230131083
P0DOY3,106,0,2.029977995799991,10.283333333333333,42.23548436839857
P0DOY3,114,0,1.8832598779048098,10.65,55.82199447639451
P0DOY3,115,0,1.9131636927312337,10.37,65.04520327102028
P0DOY3,125,0,2.2822496016064204,9.63,37.39876249542493
P0DOY3,133,0,2.456101639664193,6.9350000000000005,11.82469294872418
P0DOY3,134,0,2.2588722006844337,10.28,60.99176334972606
P0DOY3,145,0,2.7010357400743006,9.81,17.522592999555293
P0DOY3,152,0,1.870680995627745,10.28,73.29738177383727
P0DOY3,153,0,2.805475356544169,10.375,27.135506545381837
P0DOY3,154,0,2.349939781248013,10.87,33.63006213328576
P0DOY3,160,0,1.8706800143166804,10.405,78.39068886346973
P0DOY3,161,0,1.8862188765540464,10.4,84.53786938868765
P0DOY3,162,0,2.067815668944424,10.49,24.01426879419342
P0DOY3,167,0,2.5631265536290835,10.44,46.30393412125996
P0DOY3,170,0,1.9206365164641497,9.309999999999999,25.07408180338959
P0DOY3,171,0,1.9311733931193595,10.02,8.814752662273884
P0DOY3,175,0,2.5844163476696425,10.47,50.287473606011815
P0DOY3,176,0,3.1007545602113247,10.34,41.438457948859714
P0DOY3,182,0,2.0410678102659605,10.43,74.40027714478815
P0DOY3,185,0,1.9095461128234537,10.58,83.07522893397729
P0DOY3,190,0,2.038409799881162,9.095,44.94976042540711
P0DOY3,191,0,2.043238941175236,10.27,52.50138012893531
P0DOY3,193,0,1.912568330273225,10.495000000000001,73.11569299870467
P0DOY3,194,0,1.9014478185201016,10.56,82.92567603369703
P0DOY3,200,0,2.7817056436657257,5.39,9.560390043649337
P0DOY3,208,0,2.163736119073635,10.094999999999999,47.70030660593367
P0DOY3,209,0,2.030379276910574,10.19,56.72112811132896
P0DP25,6,0,2.731551181497013,5.53,1.2579460583749127
P0DP25,20,0,2.096527965159055,9.45,37.10160382781117
P0DP25,28,0,1.9733519494878728,10.205,56.59214282545266
P0DP25,37,0,1.9557187636281448,10.84,59.11459628935921
P0DP25,82,0,1.8664887311691318,10.34,66.90942762415281
P10114,5,1,2.7537760801013147,10.423333333333334,33.57099364641357
P10114,16,0,2.8411158119287507,8.87,13.312477052971099
P10114,31,0,1.8918268083291003,10.31,59.231555165858474
P10114,42,0,2.213107928653695,10.13,41.807213294882644
P10114,73,0,2.1278025564957517,9.273333333333333,47.73743848576985
P10114,94,0,2.1348924611275293,10.286666666666667,43.853939092080736
P10114,104,0,2.528499013743311,8.666666666666666,14.357722017067028
P10114,108,0,1.8913513956348431,10.700000000000001,64.84763199969453
P10114,117,0,2.7558284216109796,9.403333333333334,38.22231791959411
P10114,148,0,1.9872691433974412,10.723333333333334,47.36584697971242
P10114,150,0,2.0406459188109527,10.606666666666667,44.65471796951139
P10586,9,0,2.282464315711698,10.376999999999999,65.41778143352047
P10586,24,0,1.9018875729021212,10.3,62.052021417881484
P10586,31,0,1.8855560336681556,10.533,77.87626452016761
P10586,59,0,1.9844600529208194,10.57,52.381750898680494
P10586,71,0,1.9865091186768133,10.5155,34.019968142765904
P10586,72,0,2.298554026492608,10.5965,62.241825974035876
P10586,80,0,3.6507486046043836,9.901,35.57741270078304
P10586,82,0,2.901342239610588,10.2035,49.89259504440966
P10586,87,0,1.9260211515713077,10.2745,61.6575682802845
P10586,88,0,2.0102196567897606,10.688500000000001,50.515003453948054
P10586,93,0,2.2353812701130713,10.137,44.8842811260262
P10586,126,0,1.893033959814058,10.4505,72.01557924624916
P10591,2,0,2.0057372354905025,10.5765,71.90420815043323
P10591,3,0,1.9174735774314526,10.463,68.04294370599914
P10591,7,0,2.1404200464527987,10.4805,54.653845608034715
P10591,15,0,2.367224073852703,10.165000000000001,32.36985969143725
P10591,26,0,2.1879775135382524,10.625499999999999,25.41343762357807
P10591,28,0,1.9568649402214842,9.552,34.52384360698588
P10591,35,0,1.9861605131431763,10.622,46.53157032519749
P10591,39,0,1.9269759612144424,10.5715,59.89063185215049
P10591,40,0,2.210395298977289,10.725,40.509107755834734
P10591,41,0,2.4743396347058266,10.2635,37.496420212058716
P10591,46,0,2.0367965048690566,11.0685,57.24469579824995
P10591,47,0,2.478229322767647,10.9875,24.99250020541286
P10591,63,0,2.214299802040836,10.799,37.21340852886314
P10591,65,0,2.3759067341176623,10.8555,38.08085625664302
P10591,67,0,1.8901034147480416,10.4795,59.44010455817928
P10591,69,0,2.687351317936465,10.763,22.81104044411471
P10591,71,0,2.027037336632514,11.059999999999999,57.9204098356366
P10591,74,0,2.0345079875899317,10.775,40.64813795697164
P10591,83,0,1.974540689189043,11.83,37.34826957474935
P10591,109,0,2.0190677718279586,10.934999999999999,36.90121930389735
P10591,113,0,2.156227558931011,10.379000000000001,51.638423896902374
P10591,116,0,1.9818552769315698,10.269,53.19565247042458
P10591,123,0,1.8891711448907773,10.447,70.98392603370314
P10591,128,0,2.069541439618753,11.0305,61.805066055370546
P10591,133,0,1.9934192742224055,11.379000000000001,54.93825464546266
P10591,140,0,1.9167732759680647,10.5805,63.912567489615434
P10591,142,0,2.112832611361301,10.9705,52.84207603474009
P10591,147,0,2.1513453602516917,10.836,51.4639247874572
P10591,155,0,2.004022768558905,10.0855,50.65409583243957
P10591,166,0,1.9013501338471417,10.4135,66.97830377059043
P10599,3,0,2.2814810264278065,10.18380073800738,54.813830332398695
P10599,5,0,2.234984429767485,10.12125,64.63749981190833
P10599,8,0,2.2492493899977712,10.682639405204462,51.39200108690074
P10599,10,0,2.082426206978158,10.66625,62.37674347041508
P10599,13,0,1.9300271447765693,10.31125,66.10546420260651
P10599,15,0,1.9769681686834568,10.175,55.75525199496747
P10599,16,0,1.8993094807647015,10.3625,72.52278897110969
P10599,18,0,1.898767711940288,10.25625,68.05649346056391
P10599,21,0,2.3329383983728573,10.314816176470588,51.83506964643407
P10599,23,0,2.2084167608267675,10.38875,58.79577372240506
P10599,36,0,2.1936595722672947,10.19453531598513,52.52840556294999
P10599,38,0,2.034484807327677,9.91,37.70716217425233
P10599,39,1,2.349960024046629,10.622804428044281,43.71271454394263
P10599,41,0,2.3465832622828424,10.9375,33.7157318923276
P10599,48,0,2.0697146407670184,10.785183823529412,56.06063869490303
P10599,50,0,1.9298408642611582,10.531666666666666,37.77434098799238
P10599,68,0,1.9011849898286577,10.26952380952381,61.55693991976405
P10599,72,0,1.9556527240967194,10.358081632653061,62.13446678687406
P10599,74,0,1.9097282614107676,10.585,65.24923089703995
P10599,81,0,2.401057856198117,10.335992647058823,41.56205589420895
P10599,82,0,2.17211117190225,10.629442231075696,58.89560031919613
P10599,83,0,2.188422038234674,10.2975,37.20127985410026
P10599,84,0,2.037157768764869,10.72125,62.85297291928346
P10599,85,1,2.0534111907228385,10.6300796812749,39.212091835052235
P10599,87,0,1.9557700460783585,10.47,37.7867041913735
P10599,89,0,2.240183520587915,9.721904761904762,37.04919953785519
P10599,94,0,2.0863393146904388,10.055019920318724,39.087147686090546
P10599,95,0,2.0315622303049587,10.095714285714287,55.053796065276565
P10599,96,0,2.180317170100179,10.129651162790697,47.29915396619297
P10599,97,0,2.05649009116642,9.911249999999999,65.56573408504282
P10599,98,0,2.1466389030842117,10.24,54.62022893039513
P10599,99,0,2.3852109769065546,10.460952380952381,46.79794800770726
P10599,103,0,1.9061565187149487,10.376875,72.62044832398965
P10599,105,0,1.8951519432153514,10.286249999999999,69.18826857648138
P10636,1,0,1.870697943039836,10.313636363636364,69.35577779102196
P10636,6,0,3.6562947043963145,10.465555555555556,79.95142409434739
P10636,7,0,5.9811435085297475,10.3455,74.68104226198716
P10636,8,0,12.700209166809111,10.455,79.89259922634997
P10636,10,0,1.9155343164584813,10.402,68.98053567100128
P10636,13,0,6.554979326673474,10.456363636363635,60.79692064285305
P10636,14,0,30.607476846613974,10.4,51.93392995588066
P10645,4,0,1.9668881219694014,10.308399999999999,57.76472592094332
P10645,21,0,1.9433710347006976,10.360666666666667,60.832663498437384
P10768,4,0,2.1055683384993884,10.8125,56.32051777938018
P10768,10,0,1.930123799177193,10.445,67.47100367344373
P10768,17,0,2.7786862809444246,9.745000000000001,23.409119509295692
P10768,29,1,1.9159412393814452,11.45,49.618388001875005
P10768,31,0,2.247468535496088,10.7575,43.97498312986046
P10768,39,0,2.024194609822539,10.315000000000001,53.705493688194025
P10768,44,0,2.756435144855763,7.8125,31.752829623071957
P10768,64,0,1.913380595158297,10.49,43.550082723462445
P10768,91,0,1.9045122454473482,10.5625,74.91845994555135
P10768,115,0,2.1963677241287423,10.592500000000001,49.96019982757027
P10768,161,0,2.0227251877927577,8.254999999999999,22.076397000780645
P10768,165,0,1.9544840379104516,9.969999999999999,24.621365212037915
P10768,167,0,2.239825198102884,9.805,45.288201583984474
P10768,185,0,2.17877817329947,10.3275,47.68417321866055
P10768,186,0,1.9272033513387508,10.5375,54.46735445038216
P10768,198,0,2.0378438616805137,10.33,47.20346863650696
P10768,200,0,2.1350685755593535,10.165,57.88022853834796
P10768,209,0,2.024480423276252,10.25,52.14525114921979
P10768,224,0,2.256074122196001,10.84,48.969379138290044
P10768,246,0,1.9449131175675776,9.745000000000001,33.95330256490902
P10768,247,0,1.9702819536133642,10.3525,71.2364642681589
P10768,278,0,1.9137182538278148,10.4375,68.33831232029884
P11142,3,0,1.8706651213060255,10.352222222222222,59.22819540704839
P11142,21,0,2.0104625617513388,10.62125,68.59333764893869
P11142,25,0,2.1464862032168326,10.522941176470587,62.09978498368949
P11142,52,0,2.2609027980983867,10.56,31.22620379205223
P11142,56,1,2.254556381010968,11.321176470588236,27.295111772155384
P11142,67,0,2.637279339093169,12.1125,18.978528935568743
P11142,71,0,2.2940799213304053,12.038823529411765,17.428123845465265
P11142,84,0,1.9041458414456482,10.3275,67.66660054105317
P11142,88,0,1.9165606687166568,10.351176470588236,71.9120606883206
P11142,98,0,3.3398922994587905,10.53625,13.791771736338303
P11142,102,0,3.2892203468263683,10.67,15.720213939301566
P11142,104,0,1.9699703032424583,10.65875,54.47418986877298
P11142,108,0,1.9751136241256055,10.6568,49.48453619262876
P11142,112,0,2.0770227885161425,10.542352941176471,45.446416001510336
P11142,122,0,2.343922687185877,9.95,38.18605052315306
P11142,124,0,2.772469350780683,10.975,26.1496723163161
P11142,126,0,2.508121318314204,10.456470588235293,33.261664194760385
P11142,128,0,3.116298066055628,10.852352941176472,26.302432018472466
P11142,133,0,1.9001182439961104,10.2625,53.16938171998201
P11142,137,0,1.903760308203097,10.262941176470589,57.57216477123505
P11142,155,0,2.5920933046440826,10.31625,50.961647935748964
P11142,159,0,2.44904691110162,10.145882352941175,45.46879792417167
P11142,183,0,1.9211669425913813,10.42125,65.30912568822987
P11142,184,0,1.9372573067723737,10.14,45.10337939742914
P11142,187,0,1.925377543650158,10.602352941176472,66.60226475493322
P11142,188,0,1.9449864853301586,10.100588235294119,37.13179256971676
P11142,216,0,2.048606599979975,10.70875,34.14439975554066
P11142,220,0,2.024863749184422,10.641764705882352,35.69869887091322
P11142,242,0,2.2405719920322813,10.585,54.74550402807246
P11142,244,0,1.9436108284987585,10.33,63.14343524943118
P11142,246,0,2.142481917268371,10.488399999999999,62.53164378681575
P11142,247,0,2.0978622907643403,11.0825,35.89627126515301
P11142,248,0,1.9334178153561705,10.564117647058824,49.327553425722755
P11142,250,0,1.9963457347850242,10.28,70.20196783726156
P11142,251,0,2.150030438691878,10.958823529411765,35.4342449143216
P11142,253,0,1.9863001866041812,9.9325,64.74328312704091
P11142,257,0,1.963204830025932,10.18764705882353,69.69337632656975
P11142,267,0,2.514414245232995,10.63875,19.36085421652593
P11142,271,0,2.5236962325016243,10.964705882352941,21.254447022857242
P11142,315,0,2.4010837215982304,10.65875,52.13146577520599
P11142,319,0,2.4263038844945024,10.58235294117647,50.56563545554841
P11142,321,0,1.9686727862982623,10.33,66.09968620830549
P11142,324,0,1.9520141632343657,8.79,31.68228695990639
P11142,325,0,1.9699804449413951,10.38,70.60140440320511
P11142,328,0,1.9600722963777049,9.847058823529412,36.37105359865539
P11142,341,0,2.321881692008565,9.39125,38.70784533734481
P11142,344,0,2.0928525789365042,10.855,47.5697055269608
P11142,345,0,2.3043201908726267,9.66764705882353,37.19771596555918
P11142,348,0,2.0896723335305505,11.061764705882354,55.23091402109774
P11142,353,0,2.131350746927798,9.705,32.03608837943977
P11142,357,0,2.0854513146677225,9.76,38.10374112287825
P11142,361,0,1.9478835261166276,10.205294117647059,53.09802670871608
P11142,384,0,1.949652844979397,9.783846153846154,34.96036803206727
P11166,38,0,1.9743038665161396,10.898,65.66504604655825
P11166,114,0,2.1793677785703753,9.534,37.049319217575324
P11166,117,1,2.0709865438437585,9.84,37.924953084962446
P11166,183,0,2.0307600317844767,10.266,66.34341407523871
P11166,225,0,2.2226090731658066,10.244,49.22098798491911
P11166,229,0,2.0534183576892286,10.352,54.902257229640284
P11166,230,0,1.9575055760598143,9.934000000000001,59.071864084285686
P11166,245,0,2.090446368602899,10.526,40.92719646941145
P11166,255,0,1.9387339179030583,10.462,73.52235907774248
P11166,256,0,1.9328420626960565,9.7,48.33249976759105
P11166,300,0,1.9255597621562643,10.402,51.575749123463254
P11166,451,0,1.9720640262459526,10.116,40.605235582296054
P11171,4,0,1.993456335500437,10.606666666666667,52.24358409010794
P11171,19,0,2.1429941942459867,8.573333333333332,48.30935015672492
P11171,22,0,2.5011995526102972,10.56,48.054804793629366
P11171,28,0,3.1941279436808965,9.636666666666668,18.556667856438455
P11171,53,0,1.97325475335467,9.57,29.82516800578335
P11171,60,0,2.144333343237764,9.99,58.965839695550166
P11171,63,0,2.589573784774715,7.846666666666667,40.90443083098074
P11171,64,0,2.2953107306521483,9.97,56.25846314324091
P11171,78,0,2.5447213337920966,8.700000000000001,10.103961930875146
P11171,145,0,2.032808419658849,10.196666666666667,65.1833788062391
P11171,152,0,2.0141383970158535,10.69,78.40652772643158
P11171,157,0,2.419546840630099,10.606666666666667,47.451924436759235
P11171,163,0,2.133811082713932,10.776666666666666,41.16819371418839
P11171,182,0,2.2775280981105355,11.729999999999999,23.403141756607614
P11171,183,0,1.925556904362936,10.116666666666667,58.88776893644689
P11171,193,0,1.9305821024410081,10.123333333333333,75.87937823600639
P11171,195,0,2.432884369210914,10.805,42.553101567338075
P11171,215,0,2.0721059798377808,10.343333333333334,45.8647329233034
P11171,217,0,1.920097266264518,10.433333333333332,71.62082940267935
P11171,227,0,1.991551585385584,10.073333333333332,43.193201070506994
P11171,230,0,2.181594484745761,10.526666666666666,57.0328220991195
P11171,234,0,1.9758613987788465,10.195,70.99713054032526
P11171,241,0,2.2390236162930566,8.98,24.990573252835578
P11171,257,0,2.2413424066119467,10.015,56.43208522473695
P11171,265,0,2.286878822625486,9.563333333333333,44.30738654005669
P11171,266,0,1.9649306956661527,8.866666666666667,32.78008678756452
P11171,269,1,2.176333043281733,10.983333333333334,42.546883831877835
P11172,18,0,2.0298853657889646,10.0275,61.02254523086963
P11172,22,0,2.4963078820446096,8.2575,27.57625399597257
P11172,25,0,1.9083311161728944,11.06125,53.985152702979605
P11172,26,0,2.079116801408238,8.67375,11.36354559896228
P11172,29,0,1.8987431774681245,9.6425,51.254871431314875
P11172,57,0,5.999081882431097,11.401250000000001,8.567008629107203
P11172,72,0,2.0000745939424736,10.85125,57.36310111636681
P11172,79,0,1.9254310451909105,10.23875,65.70428322980464
P11172,90,0,4.093637730503492,8.945714285714287,20.592485345811593
P11172,98,0,2.0846727210017693,10.345,33.57966575113442
P11172,99,0,2.5867804859403565,10.398,35.00649859457856
P11172,100,0,2.3129956968900935,7.333333333333333,29.171433117833217
P11172,101,0,1.96441007531031,10.0075,45.61352822947926
P11172,106,0,1.9133717655636897,9.906666666666668,60.219826038184614
P11172,108,0,2.465413743112395,9.565714285714288,43.27912736957392
P11172,128,0,2.088165889752462,9.94125,51.107821987680445
P11172,141,0,1.8949337654778837,10.5025,69.10092575572689
P11172,145,0,2.240579833407922,10.1175,54.62953917112373
P11172,160,0,2.0459715834866756,10.73,68.82207668279733
P11172,162,0,2.100065489228486,9.795,29.435913222280355
P11172,178,1,2.284727817322211,10.6,52.73096182957343
P11172,185,0,2.0740371042139505,10.9875,43.01260858031078
P11172,187,0,1.9920766691056309,10.405,69.56809040079273
P11172,188,0,2.1067159756411216,10.2225,26.226555433404926
P11172,198,0,2.1402470987200073,10.344999999999999,51.69796689516494
P11172,217,0,1.9364174305441022,10.34375,58.12512550317232
P11172,244,0,2.032996474178534,10.4775,57.04646293805462
P11182,4,0,1.8992045391341197,10.3705,78.33353969335934
P11182,7,0,1.9115452466732594,10.261,69.70055598228058
P11182,8,0,2.141186504982211,10.235238095238095,52.08943411724429
P11182,12,0,1.8870624225165045,10.3705,69.41929508249092
P11182,15,0,1.8984333775386066,10.261,69.17995317342641
P11182,22,0,1.9666134458844364,10.412380952380952,52.68841397490217
P11182,24,0,2.1777150138353636,10.5665,57.513061441944345
P11182,27,0,2.2348113396538984,10.442857142857143,69.88111948754457
P11182,32,0,2.1534029693816406,10.729000000000001,61.72662277755505
P11182,33,0,1.96918577070872,10.434000000000001,68.02760226187411
P11182,39,0,2.0503992931854924,10.3415,70.68585761321677
P11182,41,0,1.8864854548174257,10.435500000000001,78.64924521135251
P11182,45,0,1.9166403360328719,10.321904761904761,54.208888719370805
P11182,47,0,2.1346045224258905,10.233,56.872649415756236
P11182,48,0,1.939201631351768,10.41,59.91351802738266
P11182,56,0,1.9393696280492763,10.483,74.34324251190992
P11182,59,0,2.0081741376312494,10.435714285714287,67.52115072284478
P11182,60,0,2.2604703330078397,10.795238095238094,49.16630993611351
P11182,73,0,2.2253709074263397,10.564285714285713,61.09513982465356
P11182,84,0,1.8855801162528742,10.444761904761904,79.71198881536235
P11233,16,1,2.3300928028521755,10.403,47.280292030610454
P11233,27,0,2.5432861001152576,8.905,16.036992738534938
P11233,47,0,2.019364678121439,11.192222222222222,52.339544474044146
P11233,53,0,2.1644788116241687,9.984,44.45896511310006
P11233,54,0,1.9231875392584405,10.636,48.660266056130894
P11233,115,0,2.176947519633404,9.448,27.30635355336721
P11233,128,1,2.547000495093298,9.586,33.45980090143058
P11233,134,0,1.9396108026960834,10.440000000000001,59.84476132691573
P11233,143,1,2.114380454365219,10.315000000000001,55.80733043818542
P11233,159,0,1.9786417171541824,10.577,52.354353592747316
P11233,166,1,2.101614770285688,11.053,48.133054448980964
P11233,179,0,1.979593360921083,9.675,20.025853295843806
P11274,12,0,2.105308826373329,10.5,52.8390031644258
P11274,39,0,2.136116932474558,9.733333333333333,52.20775575305683
P11274,65,0,1.9205138294393849,10.35,66.56106754127022
P11274,67,0,2.05362373325577,8.946666666666667,24.55287740135887
P11310,21,0,2.087577266287597,11.09,37.087922991747355
P11310,29,0,2.037925879862833,10.811,57.18929086656078
P11310,44,0,1.9586864474774572,10.291,64.63418968589883
P11310,117,0,2.957654665176233,10.191500000000001,26.58772405133559
P11310,118,0,2.0163975184048923,10.5735,55.724320397299
P11310,119,0,1.951689851682809,10.417,43.9386601010495
P11310,148,0,1.9388338975555537,10.112,65.32005008580887
P11310,150,0,2.2836983681193797,10.159,48.69222521639647
P11310,153,0,1.937608001241221,10.4305,49.52996853113819
P11310,154,0,1.95583480589592,10.66,53.58172475511962
P11310,164,0,4.0874546866865415,8.501999999999999,0.7413504164002412
P11310,172,0,1.9956060523577086,9.904,36.361249885330736
P11310,187,0,1.9256760161800641,10.4615,71.17354078530137
P11310,192,0,2.012674071130479,10.543000000000001,62.036668520033245
P11310,211,0,2.0348292163246287,9.4,31.70451730183665
P11310,231,0,1.9940331661124078,10.639,52.67143355752643
P11310,234,0,2.001099239884789,10.711,54.10132127257695
P11310,246,0,1.948780761405408,10.15,62.907688173210396
P11310,254,0,2.825262298116076,9.516,35.38970253973105
P11310,276,0,2.0233510376837676,10.421666666666667,52.955732966460744
P11310,282,0,2.0239369526118214,10.408333333333333,56.794806458481375
P11310,286,0,2.27796776630711,10.22235294117647,46.2316640152589
P11310,304,0,2.6051800824123084,9.495,25.411963911190913
P11310,333,0,5.413741967958378,6.9885,5.680477301573078
P11310,364,0,2.512601829962348,14.119499999999999,21.6300224995984
P11310,370,0,3.573454147989427,6.974117647058824,15.393784752635
P11310,393,0,1.9159050585303763,9.075263157894737,51.24891807878904
P11310,395,0,1.9266703546373118,10.398235294117647,63.51889166520077
P11532,18,0,2.350266101120492,10.073333333333332,36.452063184219746
P11532,19,0,2.194872358427485,9.846666666666666,62.27101333328312
P11532,23,0,2.0220184152865683,10.08,58.67613140218084
P11532,31,0,1.917982837147536,9.870000000000001,44.87347862878714
P11532,34,0,1.9319231595644126,10.5,24.78379536970555
P11532,61,0,1.946602129260453,10.1975,70.18046371254755
P11532,64,0,2.0061647448437268,10.3575,28.611621487332993
P11532,66,0,1.9221823431342633,10.193333333333333,71.57068391160799
P11532,79,0,2.0976649201703257,9.175,37.12689201242639
P11532,105,0,2.0655618174453383,9.685,56.36978515167163
P11532,121,0,2.037378031905614,8.185,33.51357776817687
P11532,125,0,2.0611031712405294,10.0225,61.86835769361717
P11532,138,0,2.013265092099302,10.185,64.39009939043812
P11532,211,0,2.0237493094077026,10.18,30.597296212711726
P11532,225,0,2.415123830273925,10.926666666666668,46.0457562916587
P11532,226,0,2.2058935241453836,8.34,37.91470363893011
P11586,10,0,2.0692032291437545,10.316666666666666,73.02916284688314
P11586,21,0,2.360992778523638,10.3925,48.56610990630893
P11586,28,0,2.16299251116049,9.633333333333333,38.22620673133371
P11586,56,1,3.0147972212910834,9.856666666666667,28.61474671752485
P11586,58,0,2.0132218291046087,10.500833333333333,66.14558700409445
P11586,66,0,2.2056414645223583,9.820833333333333,50.178191451144365
P11586,71,0,1.9357537880998337,10.053333333333333,35.98371771483184
P11586,83,0,1.949893352195638,10.451666666666666,67.62611162948386
P11586,122,0,2.8907017818837244,9.373333333333333,17.064994940451943
P11586,150,0,2.366395182745071,9.988333333333333,18.7220078052184
P11586,157,1,2.0106596906881573,9.812222222222223,49.044584648537956
P11586,175,0,2.0726230033227244,10.03,46.38120311973808
P11586,198,0,1.9268908662627695,10.255,66.5184356926287
P11586,208,0,2.8536908431880175,6.122,6.284304499562426
P11586,223,0,2.550023001308949,10.443333333333333,50.93349904740665
P11586,228,0,2.8481260918061566,7.475999999999999,20.32104846804909
P11586,245,0,1.9284946866591035,10.559166666666666,65.60342501565502
P11586,246,0,1.9073987027428096,10.439166666666667,57.84434838683469
P11586,251,0,2.164546270027033,10.448333333333332,49.68706125378707
P11586,262,1,2.76718820164699,10.824166666666668,39.664827092213514
P11586,292,0,2.1190395949395335,9.961666666666666,48.00044869573756
P11597,17,0,2.4106038872976208,9.8175,35.85265712339185
P11597,29,0,1.9832788778046582,11.4275,22.805900994882975
P11597,47,0,2.186575769031386,10.3625,42.03851032692623
P11597,56,0,2.162189473991014,10.5425,65.74726741678892
P11597,80,0,1.96641421005281,10.6075,54.79409644881724
P11597,94,0,2.613601948686923,10.3225,52.11745950795873
P11597,98,0,2.1328759198838965,10.3125,53.764112207368434
P11597,149,0,2.178924231173407,10.870000000000001,45.5133081513374
P11597,164,0,2.101486086930418,10.33,67.06704721806965
P11597,176,0,2.267101757947199,9.9625,38.6568803596481
P11597,180,0,2.3400249092165626,9.88,40.36616856258874
P11597,185,0,1.967432933718413,10.545,51.47217310441904
P11597,233,0,2.589945565156757,11.025,31.729979445255616
P11597,239,0,1.921982344089987,11.6,53.68858308398838
P11597,275,0,2.182687667359087,10.754999999999999,45.56060384698948
P11597,293,0,2.3510526070917495,10.11,39.16746279693425
P11597,327,0,2.261573836372511,9.57,46.27585613691849
P11597,330,0,2.110041550729341,10.7525,56.52346139230973
P11597,336,0,1.9029942223193186,10.5125,46.02204981167809
P11597,347,0,2.168574860362358,10.2725,52.9545139630613
P11597,377,0,1.8770620648422285,10.2225,68.95312363885253
P11597,378,0,1.999538348735661,10.192499999999999,38.45176872053833
P11597,379,0,2.498763038075146,10.1625,54.414871854359305
P11597,392,0,1.951852189880742,11.02,45.70078105669419
P11597,436,0,2.039041258419774,10.1575,23.460203114840002
P11717,38,0,1.8930127857759544,10.425,80.25857022680057
P11717,69,0,2.290036462890202,10.77,57.08403933143467
P11717,72,0,2.1906298413656686,9.99,46.463770828742206
P11717,86,0,2.4153025359866627,10.015,54.206234104745114
P11717,94,0,1.9867515221145653,10.344999999999999,58.99819373655901
P11717,100,0,2.8147595620365107,10.127500000000001,41.38752978670191
P11717,124,0,1.9114281471465395,10.0425,60.68390363213599
P11908,29,0,2.0191363025379405,10.6,64.88267166608988
P11908,33,0,1.964997021004421,10.521666666666667,56.36808072857397
P11908,34,0,1.9512951644684091,11.02,32.432081224686236
P11908,78,0,2.2722582136473712,9.661666666666667,47.02495690602837
P11908,99,0,1.9802328226160104,10.215,38.65553045655476
P11908,100,0,2.085680236941223,8.57,32.72858048509199
P11908,102,0,2.098222266801985,9.809999999999999,64.39874858771255
P11908,110,0,2.8513542046114626,8.435,30.493383672371113
P11908,163,0,2.0912728389007817,10.334,71.98559012637676
P11908,176,0,1.9885921479448807,10.334999999999999,61.3395965613407
P11908,194,0,2.0723887652817514,9.593333333333334,33.47483691293652
P11908,197,0,1.8998577984836063,10.3275,60.90235885879265
P11908,198,0,1.8734447549722824,9.7325,66.53044846662094
P11908,212,0,2.0805211558743184,10.541666666666666,63.283975160371064
P11908,235,0,2.072140995214577,9.063333333333333,32.01479808964239
P11908,243,1,2.4255150442136046,11.405000000000001,28.814038774409994
P11908,280,0,2.793383312355385,9.708333333333334,28.12156303121951
P11908,282,0,1.9037847551008458,10.563333333333334,66.12262774319986
P11908,286,0,2.104663451890017,10.208333333333334,21.274238222410137
P11926,21,0,2.0510689396263224,10.515,71.57996142741311
P11926,27,0,2.2810457257519166,10.42,30.07629906852968
P11926,37,0,1.9668423623167244,10.010000000000002,20.217735884638845
P11926,50,0,1.9931889420530944,10.485,62.37244423359356
P11926,51,0,2.405523810151908,9.47,19.453968895658306
P11926,57,0,1.903878737570502,10.24,63.04330516482888
P11926,69,0,2.01097264555463,10.99,58.24573320863904
P11926,74,0,2.221383374892471,10.899999999999999,51.99682725879941
P11926,78,1,2.2503070523514204,10.09,53.953204996437236
P11926,92,0,2.3288106500408157,10.2,47.87880470102748
P11926,115,0,3.1518643267906423,9.155,3.8105391768018313
P11926,121,0,2.1814677700097844,10.265,53.8627369454909
P11926,141,0,2.419252417400797,10.395,17.935172472265016
P11926,148,0,1.9227011469352329,10.344999999999999,68.92076687076673
P11926,150,0,2.652145268684392,11.43,51.24924274447719
P11926,161,0,1.8762653587271287,10.45,49.097169964459496
P11926,169,0,1.8963355317450947,8.68,33.58791243185009
P11926,185,0,2.1270637608567085,10.2,40.01726360973029
P11926,245,0,1.887054156254408,10.41,80.2468465229657
P11926,247,0,2.4502053474387044,10.89,50.93351268279143
P11926,261,0,1.9114582985940565,10.485,71.69494044604215
P11926,293,0,2.0063377525813824,10.045000000000002,20.19291403018314
P11926,294,0,2.1957054351396543,9.265,24.084480117508804
P11926,298,0,1.9178504608404414,10.19,63.46301867085612
P11926,337,0,1.9312538732020137,10.489999999999998,59.628279413144604
P11926,342,0,1.920448684830301,10.11,52.82411332424472
P11926,345,0,1.916572512206872,10.370000000000001,52.06810214212773
P11940,20,0,1.8985739127165293,10.362068965517242,72.71731896389714
P11940,21,0,1.9762737167076125,9.996166666666666,46.15824821610364
P11940,42,0,2.000291542698699,10.241000000000001,51.95493772050538
P11940,67,0,1.9707616746051695,10.32551724137931,70.64600170322757
P11940,68,0,2.004318636403322,10.46280701754386,35.50009458621361
P11940,82,0,1.9259966037185423,10.237272727272726,61.055823874924684
P11940,87,0,1.91137685050628,10.415166666666666,75.59897309296558
P11940,88,0,2.058177296804991,10.533793103448277,32.65669088100289
P11940,114,0,2.767630491671715,10.52,28.78301573503007
P11940,128,0,1.9500347487163636,10.306206896551725,53.50630497812182
P11940,133,0,1.8984911032540763,10.415862068965517,75.17162051777595
P12081,11,0,1.9536765452902722,10.857058823529412,63.434971486442635
P12081,19,0,1.9771411650196824,10.705499999999999,62.19463336189273
P12081,21,0,2.2492206820087985,10.262941176470589,57.76537464442632
P12081,24,0,1.951411051448136,10.224705882352941,52.63941385615242
P12081,29,0,2.0083692919901144,10.218,56.81207394615804
P12081,32,0,1.9681258196543745,10.442,73.41860961660385
P12081,36,0,2.206293535035548,10.695294117647059,47.747988744432085
P12081,39,0,1.9979960327334663,10.170588235294119,62.6573945797557
P12081,41,0,2.0644639320662628,10.168235294117649,55.671541640718694
P12081,44,0,2.1665377185683248,10.7825,56.25803117425105
P12081,47,0,1.9512675303153286,10.1795,65.93744340082473
P12081,49,0,2.1298564977291443,10.2825,53.525634236283665
P12081,50,0,1.937107956441642,10.473529411764707,58.669883829290384
P12081,52,0,1.8919372061865805,10.348235294117647,66.67153186795657
P12081,56,0,1.899699561732163,10.40470588235294,72.16212722855623
P12081,58,0,1.89908900633363,10.516,67.3400139860046
P12081,59,0,1.8875381585296467,10.383529411764707,66.88465196958907
P12081,60,0,1.8999718360206057,10.377500000000001,69.92910848407541
P12081,64,0,1.9007889546290253,10.368378378378377,72.44282700256346
P12081,67,0,1.881039301026569,10.375,72.22662391398492
P12081,79,0,1.9686190354835877,10.27470588235294,63.538582444155146
P12081,80,0,1.9488859549127615,10.636470588235294,62.88342562619679
P12081,87,0,1.9908136445316118,10.456470588235293,61.210633412912635
P12081,98,0,2.284385619821213,10.341176470588236,45.16043097026774
P12081,104,0,2.0112296108641354,10.330588235294117,64.7022402980169
P12081,105,0,1.92014683694796,10.381176470588235,66.32657267462123
P12081,108,0,1.9750714094652526,10.25764705882353,68.80712957400017
P12081,133,0,2.0927764660807466,10.532941176470588,56.14454190963831
P12081,138,0,2.9067434209185823,10.882352941176471,44.118482881795615
P12081,160,0,2.0853849010638656,10.22235294117647,54.29069424474057
P12111,6,0,1.9749764507455652,10.94,55.50694156889449
P12111,9,0,2.040075043669863,11.029615384615385,35.20842798661058
P12111,20,0,2.4804920253980174,10.160384615384617,30.689583014212733
P12111,28,0,2.0666681013543458,10.60576923076923,55.61979724345037
P12111,44,0,2.2399470714183476,10.373461538461537,17.268859046741802
P12111,49,0,2.0380833833196985,10.81076923076923,63.62171315264401
P12111,53,0,1.9771791916684245,10.59423076923077,56.017537222015136
P12259,11,0,1.8860075441847883,10.395,65.98422858767063
P12259,15,0,1.9041489447568825,10.9125,52.05875099524477
P12259,23,0,2.399057971783402,9.88,48.013353223894505
P12259,24,0,1.9835895611640513,10.77,50.355713252687835
P12259,34,0,1.94903210413302,10.31,74.18344180184349
P12259,35,0,2.192577250984097,8.33,16.400193574213386
P12259,46,0,1.9940354815211496,10.41,67.80018367867768
P12259,47,0,2.057827282996193,10.52,65.60290141687943
P12259,49,0,1.9409448495504869,10.77,58.30256003825319
P12259,50,0,2.1402784094652576,10.3675,68.96156666910906
P12259,55,0,1.9153773877673705,10.3975,70.82313212220926
P12259,64,0,2.252318972401513,11.17,50.30697766040285
P12259,66,0,3.0405911169945656,9.565,21.521734091573805
P12259,67,0,3.127448295407468,10.2375,27.891648627192726
P12259,71,0,3.980685688908183,10.52,39.676449894201006
P12259,75,0,2.878516527090392,10.04,40.57677798884229
P12259,77,1,1.9305754338323105,10.64,49.772514210210886
P12259,80,0,2.6761797109183845,10.8,57.61206415293294
P12259,86,0,2.1287473592703234,10.295,43.21649303479025
P12259,93,0,2.24094590940876,10.38,28.76645128152358
P12259,100,0,2.2542631621835785,10.79,55.80555020234838
P12259,105,1,1.9031104846309737,10.275,66.78897536207259
P12259,109,0,2.0410408856263182,10.89,40.027326523698825
P12259,111,0,2.3132893109411325,9.425,30.633997214388817
P12259,120,0,2.0251981221734416,9.705,65.06424099525181
P12259,124,0,2.441552601233201,9.3575,30.40532363037713
P12259,141,0,2.0390554062974227,9.6775,38.36724024320268
P12259,166,0,2.7361390295732293,10.59,23.8689701339649
P12259,167,0,1.9959520771998984,10.45,37.039639185211456
P12259,177,0,1.992833797693584,10.25,62.05751593253292
P12259,181,0,2.1121836144273107,10.18,48.48508299578509
P12259,194,0,2.0306373474310524,10.54,43.07139890533343
P12259,254,0,2.19983448104639,9.87,33.59566823871364
P12259,277,0,2.321636026915341,10.04,16.545492234441916
P12259,286,0,1.996789599195144,11.15,49.72964456045878
P12259,299,0,2.243396968501032,10.52,60.2552562220001
P12259,303,0,1.9083756849957103,10.27,77.47448918094312
P12259,304,0,1.9496649212053008,10.59,43.78228241797854
P12259,309,0,2.058555022682337,9.81,23.945742804437
P12259,310,0,2.22866801917066,8.31,7.120027050279568
P12259,320,0,6.169959573292377,8.9,28.293412512694
P12259,345,0,1.979899983791292,10.69,41.997399641810894
P12259,346,0,1.870712726030528,9.58,76.15289314640955
P12259,361,0,2.768906489077936,9.42,21.87026270781229
P12259,364,0,2.899327032521061,11.17,51.64732507608754
P12259,365,0,4.797446123319214,9.79,26.13602193261164
P12259,378,0,1.9552605659545048,10.42,36.6351264061383
P12259,386,0,2.0403575368440423,9.11,27.153636152986923
P12259,404,0,3.4768484552606456,10.82,22.00793646087117
P12259,408,0,3.0704086635614183,10.11,49.52832083124122
P12259,456,0,1.981321786902411,9.75,52.08348285616093
P12259,499,0,2.727725644584785,10.94,31.85617493140567
P12259,527,0,1.9049110609485624,10.5,49.67175417083169
P12259,537,0,1.9769059080993567,10.26,57.31996148599603
P12259,546,0,1.9175743808472496,11.04,61.55371573563693
P12259,551,0,1.89764157550912,10.37,61.209842239762736
P12259,607,0,1.9033053112958656,10.32,53.20162804145109
P12259,645,0,1.9692356452966664,9.46,43.51393804548442
P12259,646,0,1.874593376415495,9.8,57.31845613951619
P12259,650,0,3.820756930419008,9.47,35.10395996167149
P12259,655,0,2.1204547659968824,10.41,55.60422647313083
P12259,680,0,2.613957997928655,7.3,10.798832047633212
P12259,774,0,1.9929205243468893,9.88,50.979082138730206
P12259,786,0,1.8707651466181463,10.41,65.41833284848103
P12259,797,0,1.888336302090172,10.24,39.63593643893909
P12259,820,0,2.094400407016205,8.15,9.225646801424649
P12259,885,0,1.961522004552385,11.42,50.41101019212952
P12259,886,0,2.876010701901193,10.03,28.52611944352396
P12259,891,0,2.6679957670179464,9.92,45.64207254398024
P12259,899,0,2.7118516399832258,10.24,27.178899793909544
P12259,930,0,3.324663567221278,9.16,25.03675902816648
P12259,948,0,2.905758704473865,10.98,10.12996733672986
P12259,953,0,2.3464617462038886,8.36,26.252686284799623
P12259,964,0,2.096599755798382,9.44,35.492339353471536
P12259,1007,0,4.076464691469076,7.69,12.455793097937503
P12259,1022,0,2.04936819878021,10.49,31.46203595307405
P12259,1027,0,2.318336926838013,9.58,24.171446601643336
P12259,1048,0,2.065445192418488,10.71,23.200727196607566
P12259,1049,0,2.044792438854862,10.79,49.9455963304696
P12259,1055,0,2.021097244508628,10.31,55.35839684798744
P12259,1056,0,2.0592797150763555,8.92,6.918703321062019
P12259,1069,0,3.0905503368299985,10.92,33.8801459984809
P12259,1070,0,2.2764990646644865,10.29,57.841400416644994
P12259,1088,0,1.9769671152138792,10.09,55.92434167456224
P12259,1124,0,1.9820826254615005,9.95,43.26873019388704
P12259,1139,0,2.2262392124698787,9.16,27.234041289964743
P12259,1144,0,5.154398768259312,9.54,33.08974092179179
P12259,1147,0,2.969601687829422,8.21,27.924537175285
P12259,1193,0,2.225563151974326,9.77,52.709445192388685
P12259,1221,0,1.9420235422385628,10.58,72.49022153632902
P12259,1229,0,2.433867607921899,7.71,13.5501799887849
P12259,1238,0,2.260279993511652,10.07,55.193954107526096
P12259,1251,0,1.9203499089661225,10.1,40.68280674090094
P12259,1255,0,2.0262557832716674,10.01,41.01267396952787
P12259,1277,0,1.9873528326982013,10.19,23.3679188306408
P12259,1297,0,2.2602409975698703,10.26,36.73228670393525
P12259,1345,0,1.9103595639757416,10.15,52.20715034197255
P12259,1349,0,1.9044985267842145,10.58,69.06300575065035
P12259,1357,0,1.930241227119576,9.51,45.43498922823109
P12259,1358,0,2.149630501511597,10.37,71.13511518015714
P12259,1384,0,1.9169439608160883,10.13,71.4963656103965
P12259,1389,0,2.059712605440917,10.12,60.69966068278916
P12259,1398,0,2.221870175273649,10.86,31.680114843110744
P12259,1400,0,3.554234328376144,9.28,21.78773045080861
P12259,1401,0,3.335282916207303,8.51,33.014211798411736
P12259,1411,0,2.3063392713480413,9.72,29.474585900596807
P12259,1420,0,2.064017700563641,10.24,46.23053211790577
P12259,1434,0,2.253558711623857,10.86,46.23115389145178
P12259,1439,0,1.8706806354244176,10.39,81.86817013160582
P12259,1445,0,2.0375422080044268,9.6,22.111216319357933
P12259,1454,0,1.87070250252857,9.99,58.95591313542944
P12259,1458,0,2.070456684145769,8.84,37.271102568949374
P12259,1475,0,2.0642247717200783,10.38,57.3095876852545
P12259,1505,0,1.870333793181682,10.75,78.01330504595725
P12532,20,0,1.892975847242122,9.82625,62.932093603014884
P12532,40,0,2.030869156863978,10.1325,44.65472069658834
P12532,65,0,1.9700006678824025,11.3725,30.705705702953175
P12532,101,0,1.9988651340626047,10.9575,53.95172010303457
P12532,110,0,1.9132413593232571,11.40375,43.9731668966076
P12532,161,0,1.8904818468728832,10.3825,71.857824662023
P12532,191,0,1.9630827176763064,9.53875,36.24857961005285
P12532,218,0,2.0465889830179775,11.16875,32.148874828195986
P12532,237,0,1.8913155179814758,10.21875,73.46761273513823
P12532,242,0,2.379869773102132,10.60625,28.291584007594835
P12532,253,0,2.036690735742084,10.4275,57.82469025259563
P12532,293,0,2.354311352258019,10.227500000000001,53.42602284171844
P12532,299,0,1.9309817211885407,10.370000000000001,68.38881096783604
P12532,305,0,2.293348990474285,10.9975,48.0670548233168
P12532,314,0,2.0565490839369187,9.83625,41.87432938585269
P12532,339,0,2.3232268469845376,9.97625,20.013818705235916
P12532,378,0,1.8960095145088869,10.395,68.88155014059751
P12955,17,0,1.9763642190525244,10.242702702702703,51.919243540899565
P12955,24,0,1.974638815229031,10.1775,45.349748983809874
P12955,36,0,1.90724211696766,10.321216216216216,66.82351231762775
P12955,43,0,1.9119042935114976,10.33125,63.662260276817584
P12955,92,0,2.0040607731639155,10.488513513513514,48.95976597090495
P12955,99,0,2.0241697525601485,10.51,50.50815821808019
P12955,110,0,1.9430182399254916,10.280704225352112,64.90607302840957
P12955,114,0,2.045643745990551,10.44864864864865,32.61917067354108
P12955,117,0,1.9565678861803328,10.3525,69.66720192215189
P12955,118,0,2.2499476558436546,10.922567567567567,38.759273770714515
P12955,120,0,1.9955784479181262,10.454324324324324,37.480064472197434
P12955,121,0,1.9646123634930124,10.61875,36.80276391725387
P12955,125,0,2.2981304353123218,10.86,40.73056467609712
P12955,127,0,2.034955068957497,10.5775,32.540420356342224
P12955,140,0,1.9697555838512617,10.389324324324324,68.40885310399244
P12955,147,0,1.9748099153883707,10.33625,65.42818305044696
P12955,168,0,1.9107134590632593,10.368783783783783,67.43701707150026
P12955,175,0,1.9204616444603768,10.39875,69.37322575334605
P12955,187,0,4.024087606411632,9.727567567567569,6.79884651992044
P12955,194,0,4.0582444574590015,9.7125,6.454430741108269
P12955,200,1,2.0883938688585477,10.583513513513513,57.94998171273469
P12955,207,0,2.10025866109701,10.47125,55.271111295849025
P12955,211,0,2.1151242869103704,10.996081081081082,36.7959985921113
P12955,214,0,2.213769084291385,10.378378378378379,63.63531008620709
P12955,218,0,2.707059160012443,10.118641975308643,31.479168864553063
P12955,221,0,2.2191700839040185,10.3275,62.28716308301799
P12955,225,0,3.212881355876873,9.005714285714285,13.320371551176994
P12955,296,0,2.0061742465493797,10.8475,66.07409940876354
P12955,297,0,2.059669730123313,10.828285714285714,64.2108275846536
P12955,302,0,2.384777166237169,11.105,44.56375359055901
P12955,303,1,2.3723743241301776,11.153,44.3154906336058
P12955,304,0,2.009011391142605,10.705,67.91673758424895
P12955,310,0,2.407991115846821,11.1125,46.225934266157545
P12955,320,0,2.4403261542264483,10.2675,48.85661723322643
P12955,321,0,2.457679121042625,10.334142857142856,53.45808344924679
P12955,328,0,2.5038698259293852,10.31375,51.1945880316587
P12955,412,0,3.2483397466609216,12.605,17.397485617110775
P12955,483,0,1.8586351405640842,10.463333333333333,61.536355163733504
P12955,484,0,1.9308174216486012,10.307413793103448,56.504868839882036
P13716,59,0,1.9509216202360662,10.585,48.233051997643194
P13716,87,0,1.905877809885287,9.91,49.45917306793878
P13716,110,0,1.904262040743624,10.41,76.56179106522833
P13716,159,0,2.007403194134408,9.93,39.08630498671651
P13716,179,0,2.2997636550212213,10.545,31.456718153009376
P13716,199,0,6.456024031625391,9.86,17.72910362914361
P13716,213,0,2.033030059764161,9.98,57.839273296619126
P13716,252,1,7.920902590698642,5.05,16.30804018970809
P13716,265,0,2.7107549946530045,10.33,18.381082279533913
P13716,267,0,1.9951303137441876,10.6,62.090404480625196
P13716,297,0,2.3590878553215786,10.57,28.748452573612397
P13716,328,0,1.8706253443241856,10.575,47.0218698549139
P13796,20,0,1.9115818057902418,10.539166666666667,57.26285376745539
P13796,25,0,1.9805689220087472,10.619473684210528,27.79434709551551
P13796,33,0,1.9593159247337126,10.324736842105262,73.56970997517337
P13796,36,0,2.1294216600757867,10.544210526315789,64.7508219159909
P13796,39,0,1.981818638389583,10.332333333333333,57.165078786512495
P13796,61,0,2.0425836954413965,10.709473684210526,44.19583244302396
P13796,70,0,3.2524609574227927,9.966842105263158,30.542856580146847
P13796,75,0,2.0532218827109596,10.310526315789474,50.638531083770935
P13796,76,0,2.0010717723549143,10.559166666666666,54.675333338203714
P13796,82,1,1.8609634099832024,10.375833333333333,75.90588596943644
P13796,83,0,1.9345833417624443,10.213684210526315,61.23542796282693
P13796,88,0,2.0698819069684777,10.232333333333335,60.351192607659094
P13796,92,0,2.1223215115990213,9.993333333333334,55.84737047288773
P13796,96,0,1.9271862101345514,10.302333333333333,69.90597905357875
P13796,97,0,1.8878777226398191,10.301333333333334,47.686694128598894
P13796,101,0,1.930697350099003,10.501052631578949,70.31217980716961
P13796,113,0,1.9012666481342744,9.87,54.28328149233796
P13796,116,0,1.8955281020987744,10.376842105263158,69.62874733822675
P13929,5,0,2.3672285284296426,9.953333333333333,57.50178116082255
P13929,28,0,1.9660330202616088,10.209999999999999,41.79558503874123
P13929,54,0,1.911634829913324,10.363333333333333,73.70811228837067
P13929,60,0,2.3823100851463845,8.778333333333334,40.55368510117684
P13929,64,1,2.1614657064611174,9.136666666666667,34.85797216606463
P13929,80,1,2.0037825706211954,10.263333333333334,48.023879740945596
P13929,81,0,1.9650088409873867,10.295,56.36837525288525
P13929,89,0,1.9700445982236399,10.526666666666666,53.091405045033746
P13929,92,0,2.058935326068269,10.674999999999999,59.777652326345766
P13929,103,0,3.0686203942177457,10.22,11.537760819696315
P13929,105,0,1.9437019782714715,10.411666666666667,58.53814676234896
P13929,120,0,2.1907605692176966,10.296666666666667,25.140671568507088
P13929,126,0,1.9553590542457797,10.540000000000001,27.4182880632823
P13929,162,0,2.4328292705243935,10.321666666666667,49.39037982464064
P13929,179,0,2.400170026332724,9.508333333333333,44.653136264876764
P13929,193,0,2.410997224870791,9.885,53.24800471216893
P13929,197,0,2.229632611870543,9.965,56.01858945416995
P13929,199,0,1.9295046183212714,11.780000000000001,46.122321704282115
P13929,202,0,1.9017036600112303,10.465,72.89511610617605
P13929,228,0,2.097859761308676,10.594999999999999,55.20619868305962
P13929,239,0,2.363313769679786,10.451666666666666,48.75884879726823
P13929,256,0,2.625027539869577,10.285,55.253420747633896
P13929,262,0,2.16791682747018,8.143333333333333,12.652611696023337
P13929,275,0,2.036986228142442,10.751666666666667,55.0855473443616
P13929,281,0,2.122991944814,10.296666666666667,58.01212634241352
P13929,285,0,1.9321009104389801,10.375,73.00496822012737
P13929,326,0,1.904359682968683,10.82,72.32514065985993
P13929,334,0,1.9411674534635701,10.133333333333333,36.20672443292846
P13929,335,0,2.1318487935392683,10.288333333333334,67.26299315152949
P13929,343,0,4.330285538686481,11.346666666666666,18.961191543819446
P13929,358,0,2.227827984289662,9.853333333333333,33.717001346650726
P13929,394,0,3.809995969832943,16.290000000000003,6.127278317591279
P13929,406,0,5.983976012192367,9.728333333333333,4.878980657487547
P13929,420,0,1.9454560084019341,10.495,69.30169588832233
P13929,427,0,1.9971393782515292,10.725,47.308829254711334
P13929,432,0,1.9154976889018112,10.535,65.23520963086942
P13929,434,0,1.8235653593693562,10.463333333333333,81.86044159551184
P13987,14,0,1.9146743574092773,10.512096774193548,67.4395566054484
P13987,30,0,2.211294318638958,10.309032258064516,40.63607343889341
P13987,38,0,2.4540419921067707,9.406129032258063,42.673297044333275
P13987,41,0,2.388167223858583,10.708548387096773,40.08721630058595
P13987,65,0,1.9769535344433562,10.397096774193548,61.35772141855367
P13987,66,1,2.1378060213896504,10.458064516129031,69.53034035418973
P14151,8,0,2.0815054179202517,10.516666666666667,76.73556040888003
P14151,32,0,2.0101380458174813,10.023333333333333,57.89208041479978
P14151,40,0,1.926324507862521,10.483333333333333,63.10672061236931
P14151,55,0,1.9480743953080697,10.209999999999999,50.80319658336049
P14151,67,0,2.1267114341210624,10.106666666666667,58.75497119698577
P14151,84,0,2.2021009579408344,10.33,59.268490696153805
P14151,85,0,1.8756913963119255,10.42,66.13267429470666
P14151,87,0,1.9064782301932526,10.25,49.081374734728946
P14151,96,0,1.9776360613880606,10.346666666666666,43.88632585801306
P14151,99,0,1.9945028828907672,10.42,74.66365823722191
P14151,103,0,2.8298145604249143,10.99,33.90144992366305
P14151,111,0,2.23924313638531,11.12,46.724373029757565
P14151,113,0,3.2369479210519407,10.54,7.361155194750407
P14616,39,0,1.8849217887025282,10.387,71.45075361205718
P14616,40,0,1.9349681760725121,10.339,61.17240819979982
P14618,62,0,2.6425771585576467,10.3325,32.29552339151786
P14618,66,1,2.5957015093097198,10.705,29.874198122379607
P14618,89,0,2.0263978800887656,10.41,66.4785876441441
P14618,115,0,2.0637672685395647,9.905000000000001,27.134598428755403
P14618,125,0,2.0211758615019604,10.355,62.6410994928607
P14618,135,0,2.152034324454446,10.5475,68.85268266747723
P14618,136,0,1.9497321342710465,10.445,63.61500957793527
P14618,141,0,2.5062310139318873,10.1025,48.37141297409505
P14618,151,0,2.1037297498316168,10.57,65.93802099572406
P14618,162,0,1.9412941422388346,10.4475,75.38402925059779
P14618,166,0,1.8991397785260697,10.4025,60.07472100041997
P14618,173,0,2.2888205361078757,10.2,45.55023004624795
P14618,186,0,2.0437310473928028,10.5625,38.69788468876214
P14618,188,0,1.9775191487990589,10.7925,44.97267605307041
P14618,206,0,2.130918853137208,10.1225,63.47558504147048
P14618,207,0,2.3141362600100917,10.565,30.939705268260408
P14618,224,0,2.0727701259787463,10.835,40.42946674582005
P14618,230,0,2.1427616387324546,10.32,56.85636385758895
P14618,247,0,2.608697507427939,10.3325,39.481417531521515
P14618,256,0,1.9220225510947728,10.6325,68.54954352009841
P14618,261,0,1.9104670414216631,10.8675,62.686709854953826
P14618,263,0,1.961021530367323,10.432500000000001,66.8232138132582
P14618,266,0,2.5710105939332086,9.2025,31.867342311541478
P14618,270,0,4.314710190193328,11.9575,16.48797818143479
P14618,305,0,2.1386000133994956,9.093333333333334,30.65375215985983
P14618,311,0,2.306067908784141,9.82,28.68670882424614
P14618,322,0,2.6251830344222116,9.6075,27.970613867537647
P14618,336,0,2.0307976925145814,10.4725,61.516106617333406
P14618,337,0,2.45670142737651,9.81,46.24997072244985
P14618,367,0,2.009006702714104,10.225,60.41843905290765
P14618,422,0,2.212496328540578,9.086666666666666,26.678590255517545
P14618,433,0,1.910405596262449,9.58,72.31890656193795
P14618,475,0,1.8707320756163557,10.105,56.711776964446
P14618,498,0,2.0635590020221874,10.535,35.51410142758233
P14618,504,0,2.224021922261583,10.5625,66.2986496524174
P14618,505,0,2.0031179598824727,10.2575,58.01264994118911
P14780,23,0,2.506821898037101,10.71,36.18128080492673
P14780,26,0,2.7559260142954374,10.285,55.08442378865563
P14780,47,0,1.9366498623671529,10.175,38.68028686116351
P14780,54,0,2.0436762515695674,10.600000000000001,51.86753108615011
P14780,65,0,2.0500199459859196,10.375,51.16927939396629
P14780,66,0,2.263403857528991,10.355,44.498483730688335
P14780,91,0,1.9759730721243058,10.285,38.699169142008515
P14780,111,0,2.016878376967726,10.985,36.621120138891044
P14780,126,0,1.9363506957126944,10.5,78.85791895838253
P14780,158,0,2.2012254695175493,9.34,28.40214107093933
P15153,5,0,2.388790579236012,8.524166666666666,18.57197493939384
P15153,16,0,2.4941559672991853,8.825000000000001,9.25277303590838
P15153,49,0,2.03212668832134,10.326666666666666,60.04681754900372
P15153,96,0,1.9811215367408745,10.499166666666666,40.44507653431757
P15153,116,0,2.556897569564069,9.625833333333333,36.00935223822051
P15153,123,0,1.9168757004516364,10.466666666666667,76.20321589748306
P15153,128,0,2.079608549761472,10.146666666666667,64.30644357772847
P15153,130,0,1.9720193365367595,10.437000000000001,66.03489331419446
P15153,132,0,1.9506153151344963,9.805454545454545,54.03659256394083
P15153,133,0,1.9961966468781058,10.439166666666667,68.30668640883731
P15153,147,0,1.9185844611467662,10.281666666666666,69.31723204574202
P15153,153,0,2.159423181964738,10.537,43.19641793048457
P15153,166,1,2.0703319978069583,9.866666666666667,58.257200567240034
P15169,-1,0,1.8707007479539248,10.81,64.22341499271874
P15169,16,0,2.046917148190341,11.26,50.608701454841366
P15169,59,0,8.412207529577566,9.69,2.8597656126240087
P15169,123,0,2.1031793552974856,10.7,64.78173491212391
P15169,154,0,1.90178617540098,10.37,39.41023264173276
P15169,169,0,1.9671998782241404,9.8,49.27123383242245
P15169,207,0,2.902964921518852,10.7,14.762114804754113
P15169,228,0,2.024656601530835,10.43,75.12215623172082
P15169,232,0,2.095365761109424,9.08,35.40918532292182
P15169,235,0,2.300946403325957,10.14,26.645581716039203
P15169,269,0,2.986264951613357,10.32,56.91544870692288
P15169,292,0,2.3387627239782134,9.95,12.819170648202723
P15169,307,0,2.388720049401547,10.15,40.47961769104533
P15169,322,0,2.7229966674946944,9.52,23.349036549795787
P15169,395,0,2.1430762503892,10.53,58.67019182857014
P15311,3,0,1.9683063836148098,10.376,78.56502762078988
P15311,27,0,8.246940656289068,11.158333333333333,59.08671465455859
P15311,35,0,6.453586142040362,10.458333333333334,66.14450980869674
P15311,53,0,2.1175095702017575,10.775,33.5173902217617
P15311,60,0,9.354327659521726,9.871666666666668,61.42725572302212
P15311,63,0,9.819685112322531,10.213333333333333,58.79642822087455
P15311,64,0,10.09729386774331,10.235000000000001,49.77922827367715
P15311,72,0,1.9437824738424734,10.455,81.25889750635025
P15311,79,0,8.941500827603809,8.868333333333334,44.46392621149885
P15311,83,1,7.960962247645978,8.075000000000001,21.260777370554134
P15311,100,0,6.114771063281914,10.973333333333334,40.81532086435862
P15311,107,0,7.303618457910432,8.748333333333333,31.575416904606737
P15311,133,0,5.458136978041512,11.083333333333334,51.410762058441456
P15311,139,0,5.011647010747992,10.445,74.70300450354655
P15311,143,0,6.025277114673635,10.38,69.70481785814779
P15311,162,0,12.199824151495243,10.4425,79.5564160874924
P15311,184,0,4.883882764075391,10.158333333333333,57.39111637793828
P15311,193,0,5.516209495627927,11.298333333333332,41.25236767151973
P15311,209,0,2.38631518975008,10.66,52.16456212656233
P15311,211,0,1.9238589104264634,10.408,65.47698245633272
P15311,212,0,1.9116316751616296,10.334,68.36853705962025
P15311,230,0,1.9966393401805345,10.299999999999999,32.78688266333947
P15311,233,0,10.885353890613768,8.998000000000001,35.74163782050327
P15311,237,0,9.901187224105017,10.338333333333333,52.49087542849988
P15311,253,0,2.2230696086888613,10.466,60.41143919177638
P15311,254,1,2.1304827365698205,10.636,46.13720063615537
P15311,258,0,2.4294621678679187,10.209999999999999,39.58584767106842
P15311,262,0,1.894515055885135,10.059999999999999,66.7229970076087
P15311,263,0,1.9095261905966694,10.506,71.83261419910104
P15311,278,0,2.1069160765816095,10.106,58.89624905495002
P15311,296,0,7.017738516248712,10.37,60.56959547443819
P15735,18,0,2.1018742743606973,10.2,53.2202616128777
P15735,23,0,1.9782990009511345,11.5,37.917550707272426
P15735,27,1,2.1987068034439905,10.67,35.62033198333575
P15735,53,0,2.708341885519194,10.5925,41.83517810553042
P15735,112,0,1.974182407440429,10.42625,37.417063908878276
P15735,122,0,1.9474372446512542,10.9875,45.138272347084246
P15735,128,0,1.8983536962973147,10.36,76.63420723026285
P15735,155,0,3.394182099909665,10.55125,24.609551514663483
P15735,183,0,1.9295436037690226,10.49,45.76577275471533
P15735,200,0,2.3414124932185834,9.094999999999999,29.453388331415944
P15735,212,0,2.147580319531971,9.567499999999999,30.757709696970217
P15735,265,0,2.295715546868546,10.13875,39.92918856881305
P15822,1,0,1.8748650606619222,10.427166666666666,76.6834377870154
P15822,12,0,1.8959131145995047,10.412166666666668,78.3394492691235
P15822,13,0,2.155282738982702,10.375686274509803,68.41443979644635
P15822,15,0,2.1045512671168813,10.405238095238095,68.58151226409157
P15822,18,0,2.0764598321403436,10.207666666666666,63.345556375950736
P15822,19,0,2.0696696068352134,10.171166666666666,63.57806968431681
P15822,20,0,2.039618378973355,10.303333333333333,68.2759090078916
P15822,23,0,1.9116871003339948,10.354285714285714,64.80944279316418
P15822,25,0,1.8806331483313452,10.458095238095238,82.33462651582789
P15822,29,0,1.8853954028642639,10.354523809523808,76.06260430337747
P15822,30,0,1.8373077160806524,10.515,75.76296633322805
P15822,40,0,1.9943364032610136,9.806833333333334,41.445987408335895
P15822,42,0,2.0408321505401656,10.487666666666666,65.33266118048532
P15822,47,0,1.943856598584449,10.369666666666665,68.21344710228803
P15822,50,0,1.9232078833016837,10.388,67.57877993641594
P15822,52,0,1.8841860579765093,10.437999999999999,78.88578532155218
P15822,56,0,1.8885090796280695,10.422333333333334,77.46563163498925
P15822,57,0,1.8308119966380054,10.454166666666667,77.30299531030373
P16035,22,0,3.2755839420213317,10.162500000000001,34.0150991776132
P16035,27,0,2.1124908399629776,10.471923076923076,50.615719062950376
P16035,41,0,2.2231058653943627,11.393461538461539,28.743389021030108
P16035,48,0,1.9621026497674572,10.12673076923077,56.22434237591472
P16035,51,0,2.1672771370310318,9.866923076923078,49.398234225824915
P16035,54,0,2.130646845411022,9.853076923076923,32.975816652619365
P16035,58,0,1.9341153431352711,10.65673076923077,68.74978858549218
P16035,81,0,1.9757414600620915,11.046346153846153,41.71484132467054
P16035,82,0,2.134088233132083,10.876923076923077,40.5919006794404
P16035,89,0,1.9770670835393882,10.554423076923078,64.53858873070546
P16035,95,0,2.5224299536248624,10.567307692307692,48.60632191467961
P16035,115,0,2.1502480419762597,10.109230769230768,45.4147136208366
P16035,116,0,2.0426320843894543,9.991923076923078,35.686661207716355
P16035,129,0,2.164840067166885,10.57,64.71462700238473
P16035,155,0,1.9963781278323374,9.733333333333334,55.45071385711011
P16035,163,0,2.4192401661797267,10.023333333333333,41.04615156624269
P16035,169,0,1.9916415483122127,11.263333333333334,24.653375641350276
P16035,185,0,1.9513907947241464,8.709999999999999,25.03994970820528
P16157,27,1,2.19711272511846,10.26,52.764346705671734
P16157,54,1,2.309456688325611,10.043333333333335,51.28152588148517
P16157,59,1,2.029551763923948,10.37,69.14149102545097
P16157,67,1,1.9954363158720252,9.6,26.817976612904943
P16157,76,1,1.8967053525568396,10.403333333333334,65.8990510660194
P16157,77,1,2.0065889269257884,10.146666666666667,62.06064661687869
P16157,110,1,2.0003263605311594,10.603333333333333,57.43700762895791
P16157,128,1,2.550292550396554,10.456666666666665,41.245260908971765
P16157,169,0,1.9222735807320177,10.233333333333333,48.119992841191355
P16157,171,0,2.0070390879465845,8.87,39.12167517483896
P16157,204,0,1.887076557180223,9.973333333333334,63.13931463615029
P16157,268,0,1.9564150583813928,9.770000000000001,37.9509628541403
P16157,270,0,2.112940743551679,9.033333333333333,24.14706653365454
P16157,301,0,1.9980794451083874,11.053333333333333,31.899524546702082
P16157,303,0,1.9780387790541474,10.186666666666667,40.96820079852549
P16157,355,1,2.1581699006596295,10.28,54.754011144637445
P16157,360,1,1.9642299324033914,9.856666666666667,38.13127718248696
P16157,363,1,2.271183923232775,10.743333333333332,54.8213263122253
P16157,380,1,2.472078936058107,9.813333333333333,42.50158162948076
P16157,381,0,2.045873125591598,9.61,24.133442057181167
P16157,392,1,1.922839265510925,10.303333333333333,64.90144268219508
P16157,421,1,2.424265621721218,10.526666666666666,43.55637136292353
P16157,436,0,2.0535455388825645,10.466666666666667,64.1089977519427
P16157,454,1,2.0528569592555335,10.353333333333333,62.272551404686446
P16157,460,0,1.8962979439771062,10.413333333333334,68.19290457699206
P16233,1,0,2.0144435819788176,10.48,60.9439358740675
P16233,33,0,1.8811575896249035,10.629999999999999,68.08559409876396
P16233,66,0,2.261741797231439,10.615,42.71728250841161
P16233,70,0,2.2913168603483625,8.844999999999999,53.976652404107
P16233,81,0,3.159530052185205,10.245000000000001,31.968535956156725
P16233,92,0,2.052016479139251,9.36,43.61353635008026
P16233,96,0,1.8960240089133187,9.92,50.63777754934881
P16233,108,0,2.0368815305349712,11.09,29.757558313884214
P16233,198,0,1.9556008517997623,10.235,48.74154822105784
P16233,239,0,1.9099093082903815,10.57,62.406707228471774
P16233,240,0,1.8999044274784778,9.94,39.94723227349402
P16233,269,0,2.12294635018674,9.8,13.273147149108187
P16233,296,0,1.9302839847522812,10.225000000000001,57.57292514445696
P16233,318,0,2.548203716272562,10.01,32.38430610890524
P16233,325,0,1.9885297046027048,10.295,48.627010988895705
P16233,342,0,2.8286794688220915,10.05,32.49534177425556
P16233,350,0,2.185167432937716,10.11,41.49422121846093
P16233,351,0,1.954059665020833,10.004999999999999,47.94795246432992
P16233,364,0,1.9421406780715973,10.715,44.58744643515483
P16233,368,0,2.0882086290970276,11.105,58.69470279625284
P16233,374,0,1.946460250622159,10.774999999999999,52.200588994815845
P16233,378,0,2.2143582857694737,10.155,56.97652977658876
P16233,400,0,3.587682039056859,9.98,27.588108599501354
P16233,419,0,2.31446038122977,10.275,35.90092638551731
P16233,428,0,2.1742630782071437,10.885,50.12209820523144
P16435,12,0,2.3226926410129085,11.52,42.79356430503159
P16435,14,0,1.9590095196052544,11.77,36.03053344493963
P16435,15,0,1.870658931269788,9.96,53.85285401860148
P16435,40,0,1.899421524434072,10.41,73.57698352000676
P16435,107,0,2.349390818378973,9.84,28.27328668475694
P16435,116,0,2.043255951546888,11.44,52.21415347559618
P16435,126,0,2.051011958560512,9.28,33.287432184503615
P16435,130,0,2.004722235676005,10.42,73.84133545183695
P16615,7,0,2.282019529550836,10.12,26.35622794267419
P16615,30,0,2.017415198112757,10.3,74.92295962252915
P16615,31,0,2.021179198625205,10.68,58.3397028263972
P16615,33,0,2.055761206575555,9.38,34.91788604679324
P16615,47,0,1.960387312349135,10.44,65.89500408381633
P16615,120,0,1.9703293219056144,9.96,68.27960380758488
P16615,128,0,2.35019665747216,10.73,40.12235970146991
P16615,135,1,1.870707705609124,10.43,76.78248794914302
P16615,141,1,2.383281557709359,10.1,40.28955133550315
P16615,143,0,2.031650720235974,11.2,41.35592569185603
P16615,158,0,1.959160005113297,9.79,44.03812586970526
P16615,169,0,1.982749552271584,9.92,47.3109127415059
P16615,189,0,3.57479723700581,6.93,4.421693485157208
P16615,204,0,3.263025710169829,8.97,20.106389332515526
P16615,205,0,2.727842763330187,10.2,35.21849719383363
P16615,218,0,2.461978293377068,10.44,56.24170798242176
P16615,234,0,1.9919802700074936,10.13,48.01816378764531
P16615,252,0,2.0108883151522527,9.4,31.668857469435377
P16615,262,0,1.887357898561226,10.42,80.59985027248939
P16615,297,0,1.9838474125331087,11.12,52.76334314135184
P16615,328,0,1.893726254218872,10.41,74.1989534155706
P16615,329,0,1.9602927532949976,10.66,41.971514227342254
P16615,352,0,3.096947755108188,9.64,8.617683173108077
P16615,397,0,2.1023491835140904,10.27,36.24648521495046
P16615,400,0,2.1808838619593773,10.41,61.28173889663708
P16615,431,0,1.8992588276448668,10.78,52.21353170205016
P16615,436,0,2.0770160464152285,9.68,34.30017039128116
P16615,451,0,2.7139489184092707,9.61,9.263411363114676
P16615,460,1,1.99323086649634,10.48,66.70978922849423
P16615,464,0,2.306613684184428,11.64,50.06288245620361
P16615,476,1,2.041649050047443,9.11,54.272256637855705
P16615,480,0,2.2392163734475865,10.37,61.06667069956009
P16615,481,1,2.03063379965651,10.21,26.019979353969656
P16615,492,0,2.046773012583366,8.82,20.629693583802545
P16615,502,0,1.8707025007313247,10.4,81.97446068305227
P16615,510,0,3.2771432419694606,10.34,32.69835083703205
P16615,514,0,2.5161811096317006,12.62,14.18278548447807
P16615,533,0,1.9536442075697849,10.7,30.78492456145503
P16615,541,0,2.3519450767511776,10.06,23.374038391330604
P16615,543,0,2.1691874827215707,10.36,41.8283426871396
P16615,585,0,1.9338650503340773,10.48,64.10524529405092
P16615,611,0,2.2681987316946777,9.94,41.60388243702529
P16615,628,0,2.279791338499233,10.0,24.1211811191859
P16615,650,0,2.821063057429828,11.07,29.166349846386783
P16615,683,1,3.0046092820175136,12.94,14.810253167185678
P16615,685,0,2.117221735505181,10.97,34.660799047974486
P16615,711,0,2.022516728604024,10.0,53.97953219737279
P16615,712,0,1.9313062373825227,10.48,34.60078153832153
P16615,727,0,2.4482238804644805,9.38,22.248268298870787
P16615,757,0,3.7527717840776487,10.07,11.91210121932562
P16615,818,0,2.070485373693229,10.57,55.06266171454482
P16615,824,0,1.898509127734728,10.44,76.88328071344569
P16615,876,0,1.9351358739723263,10.38,63.10526980742858
P16615,971,0,1.9342972922457424,10.4,77.42697259205758
P16615,984,0,4.813728220070936,8.06,2.5158921167498254
P17213,12,0,1.9995573216145426,11.096666666666666,33.81537246661625
P17213,27,0,2.056594342679164,10.273333333333333,67.27103257439649
P17213,30,0,2.205334033003865,10.17,46.72945630120399
P17213,33,0,1.9317008741203476,10.366666666666667,74.38709990893558
P17213,42,0,1.9150576926557574,9.916666666666666,68.5271460370568
P17213,44,0,1.8980123406158629,10.41,80.3481737943518
P17213,48,0,1.9182425301092019,10.243333333333332,55.35526616364168
P17213,77,0,2.0717933822011894,11.1,41.81646353991821
P17213,86,0,2.28015788336461,11.0,56.70520198190451
P17213,90,0,2.6366736839172416,10.496666666666668,50.73233621572951
P17213,92,0,2.264501741082508,10.549999999999999,56.57370233107457
P17213,95,0,2.6510138664143503,9.6,28.514120304916503
P17213,99,0,1.9526609959880539,10.303333333333333,65.2639912010656
P17213,118,0,1.9281967597687892,10.323333333333332,59.575221403883994
P17213,127,0,2.4081803816226124,10.08,34.913391823969356
P17213,148,0,1.9518557503969831,10.126666666666667,53.022022753113056
P17213,150,0,1.8816406155175232,10.200000000000001,71.814855473962
P17213,160,0,1.9125309868636051,10.22,59.77654513310153
P17213,161,0,1.9905985746456274,10.406666666666666,43.935675042613205
P17213,169,0,2.2082957067193743,10.53,43.90774977458128
P17213,177,0,2.3225414461847183,9.826666666666666,25.91924113120611
P17213,185,0,1.92345963250868,10.45,59.50873526769082
P17213,198,0,1.949605349191546,10.803333333333333,50.898142494668974
P17213,225,0,2.2274207039599383,10.54,40.87700734510879
P17213,277,0,1.870738122849515,10.246666666666668,50.71945350418824
P17213,287,0,1.900116262714504,10.433333333333332,82.33316947756842
P17213,290,0,1.9212179740485251,10.34,71.44143137218997
P17213,296,0,1.9475747889285289,10.153333333333334,55.32542103343257
P17213,307,0,1.892708972841777,10.606666666666667,61.24465065003221
P17213,308,0,1.946729498364978,10.366666666666665,47.49344145634105
P17213,313,0,2.2316056907207877,10.543333333333335,67.75958295695317
P17213,380,0,2.0209622319899254,10.99,43.14905514873936
P17213,389,0,1.9618774697435644,10.956666666666665,32.666051337562344
P17213,420,0,2.230802583205676,9.723333333333333,31.29309898978882
P17213,423,0,1.927145631660516,10.456666666666667,57.75349036388361
P17213,456,0,1.8780591422085955,10.306666666666667,54.73554337948979
P17612,2,0,1.9008691041593342,10.758571428571429,37.82481294913364
P17612,7,0,1.9168940757136212,10.41777777777778,66.0776818788584
P17612,8,0,1.9422342960524748,10.305555555555555,68.03376691023625
P17612,15,0,1.931677676261505,10.6,75.90981241483804
P17612,16,0,1.9848383391801188,10.921666666666667,55.06979029370843
P17612,20,0,2.117118230003864,10.6725,46.01181100124588
P17612,21,0,2.0518575378871033,11.43090909090909,56.704664499828034
P17612,23,0,2.2934252797300334,10.124545454545455,36.46600697661309
P17612,24,0,1.9719295865502484,10.69,52.543398930677085
P17612,28,0,1.914975616362728,10.733636363636363,62.50942927576295
P17612,29,0,2.1896710194565787,10.201666666666666,44.78963464776751
P17612,31,0,2.279065064307043,10.68,45.07098990441986
P17612,34,0,7.115141470288435,10.309999999999999,62.60193503166647
P17612,36,0,6.199834573541367,10.42,68.51122099846313
P17612,37,0,2.220143495116516,9.43,46.97616949928122
P17612,43,0,6.503799662462821,10.397777777777778,44.339958747222035
P17612,45,0,6.788229589805961,10.633333333333333,64.53853782526895
P17612,47,0,2.33030200049482,10.42,21.810376097853233
P17612,59,0,2.0871333321060686,10.80125,50.94828389512491
P17612,61,0,2.9807898593196565,10.49,40.64519985384221
P17612,63,0,2.0304041700779085,10.535454545454545,59.10452891290111
P17612,69,0,3.541760975445216,9.84,21.405470619698377
P17612,71,0,6.402336320342255,10.376999999999999,61.980291658116855
P17612,72,0,2.9723082773737644,12.474545454545455,24.79940218321003
P17612,76,0,5.1787211856074515,9.961,29.058910650126357
P17612,78,0,4.505005449175239,10.4,45.84007555464727
P17612,80,0,3.0997967024139546,12.94,27.86150897267235
P17612,81,0,1.9363920364311504,10.15,66.072286894252
P17612,83,0,4.330817539614339,10.721,65.66940173387276
P17612,84,1,6.481116730997807,10.288,39.78724339511761
P17612,86,0,2.2868833788325125,9.88,36.9272290730752
P17612,89,0,1.91322458610833,10.45,54.1674714328891
P17612,91,0,1.9945550561135643,10.41,77.25303962378854
P17612,92,0,3.2028364671484777,9.346363636363636,9.301675723635958
P17612,100,0,4.180445993483692,7.96,9.44159857143547
P17612,102,0,4.205821900466754,10.825555555555557,37.29754067101448
P17612,105,0,2.2563597943832963,10.56181818181818,47.80276834133356
P17612,111,0,2.1295821894010167,10.35,26.284848934589363
P17612,113,0,2.3340539631809087,10.29,59.41033142280182
P17612,116,0,5.810166506014728,10.571111111111112,45.23130566842076
P17612,118,0,5.620103582803889,10.626666666666667,61.46738011530494
P17612,119,0,2.053416560321586,11.16,43.18344904331147
P17612,127,0,5.975470272070395,12.517777777777777,18.38528743220044
P17612,131,0,7.609300454625467,9.223333333333334,4.593713863454291
P17612,133,0,5.469901167247963,10.168888888888889,54.570307968659826
P17612,136,0,5.59824846677105,10.085555555555555,69.78230320473114
P17612,138,0,5.9834939735237676,10.423333333333334,71.30876089632015
P17612,147,0,6.984832913945744,9.33222222222222,8.582656596682114
P17612,160,0,5.730737355957087,9.633333333333333,41.87340854286713
P17612,166,0,6.390850762342919,10.605555555555556,30.05608233802741
P17612,168,0,2.9382979707304586,11.185454545454546,25.995572511043477
P17612,176,0,2.95501247226208,11.16,27.482259834521813
P17612,181,0,3.6748278110831922,9.625,17.609248596916807
P17612,189,0,2.7735842182313575,9.046666666666667,30.101224551909723
P17612,192,0,1.870705850334007,10.493636363636364,62.6410994928607
P17612,197,0,2.600178568154675,9.47,32.65233959462636
P17612,200,0,1.870671194858097,10.29,69.74587672880097
P17612,213,0,1.9739969021275257,10.269090909090908,57.06752440130376
P17612,217,0,2.6179992347602354,9.604545454545455,49.749588913820205
P17612,222,0,1.953931912544535,10.01,55.14031795795074
P17612,223,0,5.286350601453354,11.292222222222222,23.231179555952266
P17612,226,0,2.5903108523472675,8.87,40.06996709898661
P17612,244,0,6.583358131360813,9.514444444444443,43.23139832840741
P17612,247,0,6.909845904502522,10.097777777777777,63.731112152270285
P17612,249,0,2.137679352036439,10.065454545454545,47.58995816397633
P17612,254,0,1.9488904195738197,10.323,71.56138021586408
P17612,258,0,1.9761654205931225,10.23,39.36697029289894
P17612,263,0,1.8707260891631297,10.34,80.20996553420949
P17612,266,0,2.6817659003108543,10.026,34.48819471159851
P17612,268,0,7.077091183641051,10.21625,62.25197969966704
P17612,272,0,7.6974787960011195,9.48,37.1676357108999
P17612,275,0,2.534315377188208,10.1,44.09078027157638
P17612,279,0,1.9604661006689985,10.65,55.177582720809525
P17612,285,0,1.8861376855683434,10.409090909090908,76.27275561611894
P17612,288,0,2.004718163821769,10.56,56.36812436180527
P17612,292,0,2.302166283249353,9.964,20.43608966403273
P17612,294,0,1.907339227945099,10.46,84.12697524953688
P17612,295,0,1.923235312948865,10.658,61.43029695924372
P17612,301,0,2.2065176787494982,10.29,17.225614319020632
P17612,304,0,4.579554163682203,9.978,48.62596706383686
P17612,309,0,3.2667216977702154,10.2025,62.9898391848556
P17612,317,0,2.0079626191801685,10.035454545454545,73.96365229080698
P17612,318,0,1.9105900398858464,10.27,50.89743345466035
P17612,319,0,1.9375488427976124,10.517272727272728,56.42247450971099
P17612,321,0,5.245941334219955,9.357777777777777,34.94772754089975
P17612,326,0,1.903188909398276,10.31,83.52388763481807
P17612,328,0,1.9016369687765204,10.44,81.15054528472488
P17612,334,0,6.1178345515142745,10.597777777777777,56.420731494342476
P17612,340,0,6.601907621788871,10.35888888888889,75.19530370789242
P17612,342,0,2.2003554431152503,10.249090909090908,37.9718502802964
P17612,345,0,1.894287079232584,10.639999999999999,79.12737151578523
P17612,347,0,5.79455295646448,10.254444444444445,21.833778054240398
P17612,350,0,5.221099686669387,10.777777777777779,59.3300535494153
P17612,351,0,2.1894280688814547,10.39,48.12020009904003
P17612,354,0,1.91741037000675,10.47,77.23690623651541
P17612,364,0,5.158340588518112,10.312222222222223,56.49414440600449
P17612,372,0,3.640883572435852,9.866666666666667,59.79932895204528
P17612,374,0,4.125961151250229,10.593333333333334,59.18066790985501
P17612,397,0,6.234782214310182,10.19,37.00128193879627
P17612,400,0,7.023384380928785,10.275555555555556,71.87790549319028
P17858,16,1,1.9884144953961826,9.5425,30.816528656300903
P17858,47,0,2.2702211631302167,10.07,52.60288466032357
P17858,66,0,2.0603122689862143,11.102500000000001,36.005024367090954
P17858,90,0,1.9231163491311238,10.3025,74.65698780698695
P17858,144,0,1.9407519464267824,11.285,49.38636829443801
P17858,272,0,1.977944969607894,10.5175,70.5292132220195
P17858,280,0,2.4877287035651254,9.9875,37.84958922244594
P17858,315,0,2.832124512786814,9.3775,37.77931244928361
P17858,356,0,1.9472564436737667,10.27,53.32041951366496
P17858,360,0,2.1437288624615913,10.802499999999998,58.267675269828956
P17858,365,0,2.062820635649683,10.43,52.953384953201414
P17858,386,0,2.057024783693586,10.1025,54.228928839174955
P17858,392,0,1.9578627052590836,10.45,61.14594682667801
P17858,395,0,1.8706987642906043,10.385,80.42556551129296
P17858,397,0,1.9667680107569259,10.4275,67.44389925557564
P17858,444,0,1.9312744816619523,10.5975,46.94328095118895
P17858,469,0,2.3646886684649653,7.43,28.025755363592843
P17858,474,0,1.924706903511937,10.35,68.29316828836522
P17858,556,0,2.8384147694134847,5.5175,25.908035571992915
P17858,563,0,2.447508729310261,8.4275,34.80159803122521
P17858,605,0,2.1582874758441903,11.0575,38.17482587440117
P17858,614,0,2.1339452388299525,9.6875,31.84976902763546
P17858,616,0,1.9209828260210284,11.11,56.051289833952225
P17858,629,0,2.0135975319562354,9.6625,37.887132890902514
P17858,648,0,1.9265598257799548,10.745,53.11825311766793
P17858,677,0,2.9052039035456754,7.1675,24.4440206704966
P17858,681,0,2.0615211892570064,8.6925,31.24646051968319
P17858,689,0,2.2788046037395073,10.795,31.904043313218573
P17858,696,0,1.8787834735052673,10.42,74.94093378674773
P17858,713,0,2.2418228350017717,10.9825,48.8249476885336
P17858,714,0,2.0583717243730866,10.0475,52.868349239551904
P17858,715,0,1.893427807715748,10.1425,52.07550615606391
P17858,726,0,2.05964823696005,10.66,39.03672672765205
P17858,727,0,1.8974941206837554,10.485,76.49729842229019
P17858,749,0,2.2939487088067674,8.8125,45.151485034937224
P17900,12,0,1.894345758605052,10.620000000000001,61.584902587708505
P17900,14,0,3.9778028600391733,10.617692307692307,60.844964377621295
P17900,50,0,2.7414267384131175,10.218,31.148105762179398
P17900,52,0,4.848912490235241,10.350769230769231,33.748805776765316
P17900,57,0,2.75616378441565,10.434000000000001,25.03158194527275
P17900,59,0,4.758642131446231,9.788461538461538,22.79312568821874
P17900,65,0,1.97235658717254,10.092,51.17605999811029
P17900,67,0,4.553998794642114,10.11076923076923,48.75676279317186
P17900,110,0,2.0832247855206893,10.656,68.22278025046307
P17900,112,0,3.4899730629634726,10.581538461538461,65.72407173929973
P17900,118,0,2.0322836186450592,10.83,37.88106896258262
P17900,120,0,2.3946816418414496,11.023846153846154,42.47519611105337
P17900,148,0,2.0521272223125004,10.306000000000001,66.66017824450628
P17900,150,0,4.573737554262373,10.203846153846154,69.428749564613
P17900,154,0,2.134401296696388,10.564,54.19365791665372
P17900,156,0,3.8715296291172345,10.66,53.70201729440028
P17900,160,0,2.3649078744977055,10.626,61.82668741231041
P17900,162,0,3.768789208841433,10.346923076923076,55.11087307872876
P17927,47,0,1.9899058153571334,10.378,68.34468713539174
P17927,55,0,1.959998358263475,10.5396,70.45459646950593
P17927,61,0,2.3417597071454908,10.0244,46.926013972566665
P17927,78,0,2.0192560588399835,9.988,50.8435957195564
P17927,87,0,2.5306766636775877,10.1332,45.74537203742108
P17927,92,0,1.920217038554068,10.44,82.99386692023705
P17927,162,0,1.8760839188676706,10.572,74.07895766617284
P17927,196,0,2.0939019080050563,10.208,52.224029857500895
P17927,232,0,2.0360742239854046,10.404,71.83596523126486
P17927,238,0,2.50684097991098,10.112,47.601490427008876
P17927,244,0,2.18595241477642,10.494,62.00517568992717
P17927,272,0,1.9928229126243706,9.904,41.96406603475937
P17927,315,0,2.517868008845761,10.82,29.608692636996924
P17927,340,0,2.3145511975202675,10.496,54.59364811130265
P17927,352,0,1.9921277728057327,10.522,51.37380362069969
P17927,394,0,1.9218150642795728,10.219999999999999,55.69376186375814
P17927,403,0,2.313019940636423,10.046,36.874411046586715
P17927,462,0,2.0490280349543175,10.282,66.4982684131219
P17927,464,0,2.0009643406620823,10.453999999999999,65.57024194325149
P17927,479,0,2.250693045892703,10.264,59.88384797551414
P17927,505,0,1.9226347568723896,10.373999999999999,67.72593082731315
P17927,509,0,2.3049612224508924,10.336,40.306928269868315
P17927,511,0,2.2284508988916496,10.172,34.61028485609864
P17927,514,0,1.9887109982856988,10.392,76.55798842912057
P17927,566,0,1.942166211664881,10.362,68.830671883948
P17927,612,0,1.8893118284553612,10.453999999999999,73.20539855893404
P17927,646,0,2.0175587502790173,10.324,58.138006033052044
P17927,682,0,2.507213366872447,9.894,62.41161923948535
P17927,688,0,2.4269092922055004,10.344,47.4385333980733
P17927,694,0,2.076428392365068,10.394,66.33288319486448
P17927,722,0,2.2166329182529223,10.072,36.03106358869993
P17927,765,0,2.8293037800452474,9.61,21.63890404382949
P17927,790,0,2.2204623443151847,10.524000000000001,52.268673198105354
P17927,802,0,2.1337752029466857,10.366,60.243874493615536
P17927,844,0,1.924907071326856,9.898,48.89244938818526
P17927,853,0,2.2534611028422495,9.902000000000001,45.37860418508386
P17927,912,0,2.0582677193585055,10.34,56.37207753256105
P17927,914,0,2.018263974469305,10.614,61.0222040735424
P17927,929,0,2.2811096302619234,10.276,63.00975884577476
P17927,955,0,1.9107123057882582,10.442,73.58863359276383
P17927,959,0,2.249387750711164,10.436,36.75484072119415
P17927,961,0,2.1578018083743578,10.044,30.842317532245296
P17927,964,0,1.9264172487737603,10.214,64.58241394822304
P17927,1016,0,1.983568855035967,10.39,71.93544899862854
P17927,1062,0,1.8953720239240326,10.448,73.87616131539895
P17927,1096,0,1.9840812802035939,10.512,46.2088485836113
P17927,1132,0,1.9582556168360377,10.354,62.84242322207824
P17927,1138,0,2.38096774626539,10.344,54.614304083
P17927,1144,0,2.1067046978651383,10.440000000000001,57.91657611085152
P17927,1215,0,3.1245965015326767,9.442,24.977913070773923
P17927,1240,0,2.2701512838402795,10.154,48.18830066479128
P17927,1252,0,1.9577562050327348,10.526,60.59967949658866
P17927,1303,0,2.236672157420122,10.342,39.85064466185787
P17927,1356,0,2.140836556402728,10.288,59.70560840731578
P17927,1392,0,2.1835292911305793,10.17,58.921957754831894
P17927,1414,0,2.8110651047958433,9.35,26.25826915674445
P17927,1468,0,1.995773574027553,10.484,55.32057992641985
P17927,1469,0,1.9106857799796473,10.398,77.68806512150967
P17927,1530,0,1.9905621681331638,10.394,69.4083518680809
P17927,1549,0,2.1967707866035484,10.296000000000001,44.47588062604423
P17927,1601,0,2.067780977795885,10.174000000000001,64.21885968337105
P17927,1668,0,2.1220774022118514,10.402,55.16560123382745
P17927,1693,0,2.0587166585408374,10.322,63.01286116852018
P17927,1705,0,2.0394166014347563,10.116,51.673459199974594
P17927,1718,0,1.975402968560989,10.228,52.64150170627012
P17927,1756,0,2.345259103141229,9.788,21.120371086385102
P17927,1812,0,1.9107946994962444,9.784,61.53978146322131
P17927,1845,0,2.0190496841590653,10.118,57.304181527896446
P17927,1864,0,2.1357161159506357,10.49,60.74685656742464
P17927,1879,0,2.284897780062387,9.736,26.1081664777498
P17927,1884,0,1.8888156328109367,10.408,38.06450524862878
P17927,1885,0,1.885403804721158,10.442,80.5790895810369
P17927,1896,0,2.1747867808830117,10.532,63.43015630270263
P17927,1923,0,2.1630925450945306,10.622,55.18308288794774
P18206,4,0,1.892036944119781,10.5135,68.76930528932479
P18206,11,0,2.739756684370694,10.1655,49.07331594961557
P18206,28,0,2.0602375637515666,11.1985,34.01443108571395
P18206,63,0,2.2965251806707867,10.36575,50.98758243760282
P18206,71,0,1.89278931916729,10.4005,72.61933772189921
P18206,72,0,1.9094633053318169,10.395999999999999,64.50782239390054
P18206,91,0,1.9833611721756927,11.138,14.548988013762258
P18510,7,0,1.8956271956820767,10.375,75.18881417376222
P18510,9,0,2.026081847070342,10.4575,77.94431272604132
P18510,10,0,1.9509463367761286,10.669166666666667,53.00794285478798
P18510,21,0,9.747805075395817,9.473333333333334,6.979413508261861
P18510,22,0,2.576555092849001,10.666666666666666,22.373345683468788
P18510,45,0,2.0463448250736778,10.346666666666666,43.74491600952413
P18510,46,0,2.5065116178675555,10.485833333333334,30.303243685751113
P18510,64,0,8.25131553186926,10.037142857142857,53.57431349495039
P18510,65,0,2.1233881702576443,10.209999999999999,48.21919299255158
P18510,71,0,7.58623056697611,10.214285714285714,47.66841383051285
P18510,72,0,2.0002902833529146,10.4275,42.19549451191225
P18510,93,0,1.911337300408002,10.618333333333334,63.68734802127653
P18510,94,0,1.9459265673997574,10.656666666666666,58.70051692432355
P18510,96,0,2.147373857661393,10.26,57.026337110117545
P18510,97,0,1.967970227039908,10.430833333333334,63.441897459830045
P18510,145,0,2.366528680562145,10.056666666666667,43.50341698258725
P18510,146,0,2.0238830911721597,10.433333333333334,51.70493184971118
P18754,3,0,3.871227193510996,9.97269230769231,54.64466500834911
P19174,6,0,1.9041122888626696,10.32857142857143,57.66315866678507
P19174,10,0,2.4609289774381162,10.174285714285714,52.07898551667766
P19174,16,0,1.9066331207366882,10.566666666666666,75.9235709076647
P19174,27,0,2.094042092104176,10.391428571428571,63.04023759283553
P19174,36,0,1.9543687593441825,10.582857142857144,52.11833489966169
P19174,49,0,1.9929033158096634,10.038571428571428,47.53318353840676
P19174,50,0,1.9823624865468201,10.52904761904762,68.53152650181336
P19256,9,0,3.6974562518553853,10.604090909090909,42.97823104820041
P19256,24,0,2.0067187211041664,10.385652173913044,69.03370556155825
P19256,29,0,4.236725403297015,10.650833333333333,29.113546818821572
P19256,30,0,3.778825591321047,10.0375,17.207034743717763
P19256,32,0,3.341367055996845,10.300833333333333,75.44036247928285
P19256,34,0,3.833562528592792,10.447916666666666,39.83869188355867
P19256,50,0,3.9341001218090432,10.17375,58.49112104731554
P19256,58,0,2.125731135294881,10.437619047619048,63.12576963449107
P19256,87,0,3.778662051198134,10.6925,44.39828819623907
P19256,98,0,1.9431627130908096,11.195,51.09707185031895
P19256,123,0,3.969061009524239,11.49,30.30625710578776
P19256,128,0,1.8707322148573944,10.46,82.1380198505798
P19256,137,0,2.0997045793793823,9.805,39.117688188328934
P19256,151,0,2.5113327985984015,8.915,28.360122269197564
P19256,153,0,3.597515587330091,10.754999999999999,23.87778950084138
P19320,2,0,4.415365856953606,10.644,66.38648007453166
P19320,46,0,7.24831292562361,10.08,60.72432218511983
P19320,79,0,5.38215829433232,10.586,50.95865524149718
P19320,82,0,3.7332339163028534,11.028,21.600962767552694
P19320,93,0,7.433300277935016,9.784,36.65590673254485
P19320,107,0,6.466243053450489,10.908,50.37372341432224
P19320,112,0,6.981835195773468,10.58,48.83188209981793
P19320,130,0,5.016785187338052,10.342,22.929437581000702
P19320,136,0,4.558332521380623,10.236,44.57376741714233
P19320,147,0,5.94330818985178,10.540000000000001,47.48062419464671
P19320,152,0,6.247808433538502,9.974,19.35164133244466
P19320,167,0,5.013193695702843,10.58,45.46115607704163
P19320,174,0,4.864726329644646,10.834,27.12299907962973
P19320,191,0,6.984630141866441,9.91,51.97999355816391
P19634,8,0,2.063249403952222,10.22,51.40318569324162
P19634,13,0,1.8837626649368553,10.3305,65.44269655400808
P19652,24,0,2.035400299192509,10.835555555555555,28.595579911650734
P19652,39,0,2.0023892876998723,10.46888888888889,67.20705534900306
P19652,55,0,1.9815552208950589,11.15857142857143,39.56238016094567
P19652,108,0,2.150951863414552,10.664444444444445,49.636462158915315
P19652,120,0,1.958381500234433,10.837777777777779,68.64835915360781
P19652,130,0,2.280904540026745,10.731111111111112,57.77527789071266
P19652,135,0,1.8869416803967785,10.535555555555554,80.84146201860712
P19652,161,0,1.9296098818008227,10.705555555555556,69.48225201749244
P19652,162,0,2.052721970610277,10.537777777777778,48.10742283447439
P19652,164,0,2.0515974538183066,10.255,45.63486897020032
P19652,170,0,2.075339055271881,10.7325,64.95587650178012
P19652,174,0,1.927145090703796,10.17,55.30449889902428
P19652,177,0,1.9003488130208095,10.41,75.37799968344754
P20849,45,0,2.0533474891324572,10.364,59.237995430798335
P20849,64,0,1.8971190671745508,10.4175,74.60691049283949
P20929,4,0,1.9328986724776906,10.363888888888889,61.799521726113376
P20929,23,0,2.240921712797686,10.312999999999999,58.508461984264876
P20929,69,0,2.204675309450777,10.04,63.95507062022463
P20930,15,0,2.2488661728693415,10.215,57.29252163766234
P20930,19,0,2.292134223749725,9.623333333333333,36.54963799771405
P20930,20,0,2.0004352464138364,10.440000000000001,35.71679960358583
P20930,22,0,1.8968703273371783,10.456666666666667,82.20858569389948
P20930,29,0,2.0826883184421647,9.6125,42.42549072824772
P20930,30,0,2.0616241290591164,9.190000000000001,49.25951012858758
P20930,33,0,3.183071631654156,9.605,34.85452241371499
P20930,38,0,2.0602628858709258,10.4775,49.6106976448584
P20930,45,0,2.0616220868038218,10.126666666666667,56.99668287529539
P20930,66,0,2.0180269109199327,10.7875,69.31543762910482
P20930,67,0,2.960286119060645,9.2125,30.278465464526704
P20930,79,0,2.089730940166244,9.995000000000001,56.611777779537604
P20930,90,0,1.870766458595884,10.46,80.93946952831182
P21333,4,0,2.1928255462390913,9.983,34.61553229757784
P21333,27,0,2.100158833178504,10.5955,40.21798029161738
P21333,67,0,2.236559896693256,10.4245,62.197434615342175
P21333,76,0,1.9179386768569955,10.682,57.51388283752355
P21333,97,0,2.5420264471366907,10.5495,43.84444504636529
P21802,6,0,2.3402192219526565,10.4065,37.58641702410702
P21802,16,0,1.968563832251225,10.177499999999998,65.77167693720885
P21802,19,0,2.9133388269551213,7.8145,10.989363097088741
P21802,31,0,2.116411221677826,9.516,35.047247669289504
P21802,48,0,3.86691488705421,7.346500000000001,8.779496465968208
P21802,51,0,2.192873439615392,9.6,32.50635534725103
P21802,54,0,2.057363462598114,10.4695,60.20400244685372
P21802,63,0,1.9847981734211941,10.357000000000001,64.41423402150086
P21802,81,0,2.1879506889050986,9.6375,26.763517431504198
P22061,3,0,1.9382982102484256,11.19,46.68868104655427
P22061,9,0,1.8986912998427523,10.46,75.6690387903715
P22061,18,0,1.9302067379769647,10.03,55.98311563712316
P22061,23,0,1.9639637344608671,10.36,69.03312789551778
P22061,24,0,1.9464780340038346,10.2,63.397683361138505
P22061,26,0,2.175010245858566,10.17,52.50350724896119
P22061,29,0,1.9810245659337764,10.594999999999999,57.18348219264399
P22061,32,0,1.9901668270819473,9.86,35.8604129302554
P22061,41,0,1.909859812819895,10.53,83.57628023730138
P22061,47,0,1.8983433034643897,10.52,69.74468226909413
P22061,80,0,2.573683196596306,11.03,26.97270005109424
P22061,86,0,2.5569149157917264,10.495000000000001,16.590701716222483
P22061,104,0,2.23158728912581,10.32,54.25275258346469
P22061,110,0,2.250245486796652,9.870000000000001,43.494744877866395
P22061,112,0,2.23443490864868,11.54,62.619468318443786
P22061,118,0,2.0002174749597788,10.629999999999999,70.16133599477648
P22061,124,0,1.9687477784415488,9.93,52.22177838276584
P22061,130,0,1.9662802003297157,10.225,68.36913919821218
P22061,173,0,2.2712110539509465,10.09,27.04947272156634
P22061,179,0,2.235223744234088,10.81,35.956198781266416
P22061,196,0,2.4595931116182337,10.2,33.73635268473221
P22061,202,0,2.5217151554864428,9.875,19.698554973709662
P22061,203,0,1.944164894156323,10.43,66.3710535456056
P22061,205,0,2.233820688866297,10.28,66.68079494629548
P22061,209,0,2.0271163065079785,10.434999999999999,65.92802353160249
P22061,211,0,2.331104698166641,10.285,69.10652989887197
P22061,218,0,2.2921453549325626,9.91,28.348554008749183
P22061,220,0,1.902368234149924,11.38,48.920357202924656
P22061,224,0,2.082742298777041,10.325,52.245667576902505
P22061,226,0,1.907626493094229,10.379999999999999,68.11254307324555
P22105,17,0,2.213933554953053,10.541500000000001,55.593988480821714
P22105,29,0,2.007552903656717,10.269,61.11725852251376
P22105,95,0,1.972222676300764,10.076,40.86583560164985
P22105,105,0,1.8890756283250627,10.394,72.981458635103
P22234,11,0,2.0767410180027728,10.781666666666666,60.02915427155815
P22234,12,0,1.9845847952843398,12.208333333333334,31.28658127586341
P22234,17,0,1.9178215858127186,10.421666666666667,45.342066808024136
P22234,19,0,2.343175614693004,11.604999999999999,25.97667337190455
P22234,30,0,2.11973689906725,10.171666666666667,39.52636248683732
P22234,36,0,2.262395979431295,11.051666666666668,35.76193818136553
P22234,47,0,1.9803210855054563,10.22,55.924325312100514
P22234,53,0,3.4516274669260447,11.195,12.588236317394312
P22234,59,0,2.246488904403662,11.0,42.51629693673664
P22234,74,0,1.9723832001383912,10.278333333333334,50.62181869500089
P22234,80,0,1.9657418372993867,9.200000000000001,28.244123323786894
P22234,110,0,1.907530439204579,10.115,67.06273298232487
P22234,116,0,1.986809765294063,10.436666666666666,76.85170661644634
P22234,120,0,2.0093575091839124,9.856666666666667,47.334611040255645
P22234,125,0,2.2631993041126806,9.89,45.70553162475196
P22234,131,0,2.1356366542077394,12.273333333333333,39.222855184069424
P22234,149,0,2.052069621471767,10.331666666666665,57.89633465485152
P22234,178,0,2.1811767127512574,8.683333333333334,32.524832384460346
P22234,191,0,2.418408375814527,12.924999999999999,30.026611726386964
P22234,201,0,2.0679731005673485,10.299999999999999,49.72614299364696
P22234,226,0,3.32061136059303,9.516666666666667,22.983368254887328
P22234,228,0,3.5742822725014247,9.358333333333333,20.35422608629872
P22234,235,0,1.8853124151331573,10.458333333333334,83.42353665698231
P22234,246,0,2.7316171493425085,10.516666666666667,31.728634996316185
P22234,247,0,2.0336875574242246,10.438333333333334,65.32943013970755
P22234,261,0,1.9713375353237599,10.318333333333333,67.69835462513163
P22234,283,0,2.045563619928733,10.493333333333334,50.92284435773862
P22234,285,0,2.2390906084303417,10.706666666666665,48.25273058495944
P22234,286,0,1.9618222944351738,10.348333333333334,69.77792533719071
P22234,304,1,1.9006167099430316,10.371666666666668,74.8500594013349
P22234,313,0,3.554857892423534,10.208333333333334,14.698655723982382
P22234,401,0,2.1057978019881145,9.431666666666667,29.557739931146514
P22234,414,0,2.317507466436029,10.799999999999999,23.361417479177124
P22234,418,0,2.201422663518333,11.026666666666666,38.03628763794716
P22234,419,0,1.92786415734618,10.435,74.57810983310463
P22303,11,0,2.437278825110728,9.19375,45.982722634892134
P22303,23,0,1.900232377860936,10.086025104602511,73.30816073377781
P22303,25,0,2.4399464953916703,9.537142857142857,46.22239062444412
P22303,26,0,1.9007039952026559,9.92,57.92854688785863
P22303,33,0,1.9159717843207595,10.46,71.63570015332174
P22303,53,0,2.0660216310957646,10.289626556016598,29.883208984373645
P22303,56,0,1.9992407853868306,10.01,28.29522874594685
P22303,109,0,1.8996674131887703,10.465,86.05440779236118
P22303,253,0,1.9298281384126552,10.35,65.4240924350126
P22303,322,0,1.9017496877851305,10.465,70.53934158583498
P22303,332,0,2.065531410114575,10.569917012448132,48.268109963743335
P22303,335,0,2.150668656477202,10.530000000000001,59.59702711122609
P22303,348,0,2.2950724846875517,10.199163179916317,18.14043120237496
P22303,351,0,2.2566142993502654,10.585,25.4372793665757
P22303,393,0,1.9020730555002143,10.555,43.179947476499656
P22303,467,0,1.906475924723111,10.54,74.22164815000043
P22303,470,0,2.4725900921449395,10.083389830508473,46.590800661775944
P22303,478,0,2.350314477668248,10.705,47.86586199379315
P22303,481,0,2.4859189410911036,10.934999999999999,38.92349849242892
P22303,496,0,2.149362990008857,10.12195020746888,67.48626489398042
P22303,499,0,1.8990295897751754,10.39,74.32293178815524
P22303,509,0,3.084294371036343,10.43,34.20739523322983
P22303,516,0,2.0518677602525486,10.465,78.78983475509301
P22303,519,0,2.0439011102338434,10.370000000000001,69.8272145260978
P22303,535,0,1.9138675362705249,9.93,45.34421029051175
P22303,538,0,1.9533257474229009,10.070124999999999,61.75151335435006
P22303,541,0,1.9798600011521301,10.395,71.35000339015504
P22303,554,0,2.046742124815288,10.4,77.38645913679568
P22692,13,0,2.0988544907412994,10.335,59.581957283965906
P22692,67,0,2.2461995071526895,8.415,14.696026821796567
P23025,13,0,2.281453888323171,10.96,63.03975451063185
P23025,38,0,1.9375769362150257,10.1,50.68511415115525
P23025,40,0,2.339766136398364,11.09,44.49653659774157
P23025,44,0,3.030019525406655,10.09,36.4045465953342
P23025,48,0,3.4090357792413224,9.18,14.31833211751108
P23025,54,0,1.9291716934833256,10.5,66.19073921725894
P23025,60,0,1.9273630146048104,10.42,70.10925427906619
P23025,66,0,2.5142120113549824,10.57,49.33151314146322
P23025,70,0,2.078483889815937,9.97,51.0524841420844
P23025,71,0,2.106031888442478,10.31,60.67590238834639
P23025,82,0,1.9387074797819488,9.44,48.686766699160856
P23025,86,0,3.6783428807434486,9.23,21.39296969893097
P23025,91,0,1.942451965490387,10.48,64.08237057254198
P23025,107,0,1.9706930603426964,10.95,66.21999529884549
P23193,1,0,1.8955506155462258,10.4675,69.21648836882456
P23193,10,0,1.979987594970478,10.2939,65.35320665102441
P23193,11,0,2.0353033399860667,10.261500000000002,49.51039182741703
P23193,14,0,2.0915945075703526,10.361607142857142,64.74301519172997
P23193,16,0,2.0270543360622013,10.415,64.3518984964351
P23193,17,0,2.1992031911363394,11.025,53.2240255244927
P23193,18,0,1.9321156778735766,10.295892857142858,63.3961175319876
P23193,19,0,2.0214494749254834,10.3874,65.90718790007527
P23193,29,0,2.106683433537546,10.7528,48.26141239807424
P23193,32,0,1.9810550762722556,9.9644,46.111373799299756
P23193,48,0,1.9513984244434468,10.4575,53.974072589306395
P23193,55,0,1.947921894862365,10.1922,65.95520027155146
P23193,67,0,2.156618962833752,10.2202,58.27526974281978
P23193,71,0,1.9852204281808812,10.148200000000001,67.8246599579415
P23193,74,0,2.2178375982692975,10.5996,44.58186029071767
P23193,75,0,1.9870962415204807,10.418099999999999,67.23273906886001
P23193,84,0,1.9965870991787504,10.3895,63.61802681587966
P23193,89,0,1.9027184222476254,10.315999999999999,62.59310348384624
P23193,90,0,1.8904200214681364,10.443999999999999,70.76112657345519
P23193,91,0,1.8942634388920911,10.369499999999999,75.32152628300692
P23193,96,0,2.0226157425093296,10.794,43.15228837117867
P23193,97,0,1.9985948615882312,10.77375,50.332350111696016
P23193,101,0,2.0228266039781806,10.61525,57.83777040450853
P23284,5,0,1.8707116187843884,10.445,72.21806471025008
P23284,6,0,1.8945706738510988,10.34,76.08161826308122
P23284,9,0,2.317757620520333,10.19,52.88270729972652
P23284,13,0,3.6012166171378404,10.21,41.92638655787039
P23284,35,0,1.9056796415937043,10.045,57.53788493264622
P23284,39,0,2.4659840499654586,10.7275,66.41697479447174
P23284,52,0,2.2471641328796843,9.5275,18.359671998350468
P23284,57,0,1.9936936993440735,11.115,51.31933953056042
P23284,60,0,2.30857911057703,9.7,25.839198695463477
P23284,66,0,1.948522962503125,10.530000000000001,57.71735659421341
P23284,84,0,2.5251142719353314,10.1725,47.548094805621076
P23284,97,0,1.9106720978171885,10.3325,60.37304958404798
P23284,99,0,2.547909010510514,10.8925,55.27098857738599
P23284,113,0,1.910207533503319,10.7225,74.01094873020733
P23284,126,0,1.9859438340925992,10.2075,59.29504151739977
P23284,133,0,1.9374116614134187,10.305,59.2680925429182
P23284,139,0,3.455767958402519,9.6025,29.610729763483235
P23284,149,0,1.951115308331916,10.6225,61.578071259933125
P23284,154,0,2.083118879156953,10.3975,77.70101110123635
P23284,160,0,2.080656193662059,10.455,44.61789697644822
P23284,163,0,2.1930655548203966,10.2175,62.421777055731965
P23284,172,0,2.0930019241592333,10.9125,41.60141988653382
P23284,177,0,1.9607725442380965,10.325,74.00197391994433
P23284,183,0,1.9568645414301185,10.56,61.27577477933379
P23468,25,0,2.235871982629339,10.6035,57.10094011816327
P23468,40,0,2.3533287053625718,10.6015,58.75979757778293
P23468,54,0,2.459445673296802,10.506,25.303488425687124
P23468,69,0,2.1121427399899133,9.894499999999999,33.83427220075379
P23468,78,0,2.2893646196236856,10.639,68.40169231583884
P23468,87,0,2.206128443591389,10.380500000000001,49.56187205903386
P23468,92,0,4.10523805320445,10.216,25.04944320850535
P23526,4,0,1.8827520455985922,9.770476190476192,52.49149096872714
P23526,8,0,2.3378135196670855,10.31939393939394,42.819999101548866
P23526,20,0,2.139338099231594,9.094,47.90225974451271
P23526,43,0,2.171723526933902,10.125151515151515,46.88171644515354
P23526,46,0,1.9790699612231633,10.29,64.6776537888442
P23526,94,0,1.951354021643615,10.229999999999999,59.99021111679085
P23526,103,0,2.0163351644223937,9.817878787878788,46.00849351212862
P23526,121,0,1.8826975183841894,10.713939393939395,72.01737316705419
P23526,142,0,1.9596847749057273,10.863030303030303,49.938882762835505
P23526,166,0,2.0168226341449476,10.344848484848484,63.010828653273094
P23526,174,0,2.0087801323839636,10.244242424242424,48.940146856647836
P23526,186,1,3.936933568712141,11.7184375,6.342481845862235
P23526,188,0,2.6233245777584298,10.664827586206897,36.10166388722641
P23526,204,0,3.2731885163380734,8.308275862068966,24.946644744927355
P23526,214,0,2.6844107514529187,8.639333333333333,25.654387417215972
P23526,226,0,2.2296195820218414,8.089354838709678,23.301895769708853
P23526,291,0,2.2705104399474747,9.296071428571429,42.594033434121556
P23526,309,0,2.033058926482387,10.909696969696968,65.16075993413187
P23526,318,0,2.0410323684114964,10.828484848484848,38.23056955863152
P23526,322,0,2.1195831815660413,9.6225,35.00935220790558
P23526,331,0,1.894773710580871,10.352121212121212,64.26974555104442
P23526,378,0,1.9170373532910168,11.08969696969697,46.051620994611135
P23526,388,0,2.164657526333887,10.029032258064515,18.614632141054035
P23526,389,0,2.0475218450972,10.579677419354837,58.22355257220056
P23526,401,0,2.02793576938997,9.665357142857143,28.605444658027107
P23526,405,0,1.9346600957518356,10.020689655172415,64.05849943353547
P23526,408,0,1.9197172115454442,11.023548387096774,57.76131091683231
P23526,412,0,1.9693241021397645,10.438620689655174,73.42518162757183
P23526,426,0,2.101399543218688,9.566666666666666,27.002035465828612
P23528,13,0,1.9866725374033511,10.523518518518518,67.50304925174797
P23528,19,0,2.059245529012379,9.997037037037037,55.28315921883315
P23528,22,0,1.9160555207499077,10.664259259259259,54.51044862947034
P23528,30,0,2.1261483675639643,10.261481481481482,51.430285505379736
P23528,31,0,2.0363100468971935,10.504999999999999,65.03938853693248
P23528,33,0,2.6544372225162514,9.72,22.13972821194399
P23528,34,0,4.263971815793204,8.935555555555554,6.175891191413235
P23528,44,0,2.2725433836150244,10.041698113207548,40.696717920634704
P23528,45,0,2.2455178986008204,10.312692307692307,56.668580694784595
P23528,53,0,2.15333515798159,10.34,45.5606105131776
P23528,73,0,1.9441563535327748,10.290555555555557,67.60668181218774
P23528,78,0,2.0269154172905,10.730370370370371,68.01970973755249
P23528,92,0,1.9346876546423801,10.170961538461539,68.1542277031726
P23528,95,0,1.9407965969575278,10.495740740740741,60.20084437053497
P23528,96,0,2.07499906616526,10.22388888888889,41.783204715376996
P23528,112,0,1.9626333471678272,10.268297872340426,72.24042801779535
P23528,114,0,2.7693210767200287,9.367450980392157,27.01938889191542
P23528,121,1,2.4201650702930446,9.93173076923077,37.95377530958278
P23528,125,0,2.283170584624575,10.316111111111113,51.10334655138671
P23528,126,0,1.963068319868776,10.09962962962963,58.82864651405269
P23528,127,0,2.058449084139925,9.573333333333334,28.20026465412532
P23528,132,0,1.9235948070109814,10.090555555555556,55.01873153486528
P23528,144,0,2.161665256046229,10.00388888888889,53.47775003742442
P23528,152,0,2.6062113380456924,7.86537037037037,7.375203883194759
P23528,164,0,1.9251592976843779,10.84888888888889,60.376648719613115
P23634,20,0,1.8381773667829397,10.399999999999999,75.63842462446074
P23942,5,0,1.903735941116496,11.48,42.216722078939625
P23942,7,0,1.8708298356205504,10.57,69.36698756480864
P23942,11,0,2.242936484937623,11.46,59.32141780572053
P23942,12,0,2.0755925097996704,10.45,68.78278223093484
P23942,15,0,2.102966918198081,10.17,61.14982473010979
P23942,42,0,2.38378490172068,10.1,47.581384234025904
P23942,47,1,1.9024043031800035,10.94,49.223717243536925
P23942,80,0,2.1291146899276203,10.32,72.68241501189708
P23942,90,0,2.081272866776761,10.36,36.903470778632425
P23942,95,0,2.156073414085526,10.08,48.99163208625298
P23942,99,0,1.9743670767654389,10.34,64.71258714882146
P23942,135,0,2.1282439969132465,9.99,53.51048586920714
P23942,139,0,2.3628487519312,9.61,62.35387283952156
P23942,153,0,2.3788247945358028,8.43,22.10571853221415
P23942,154,0,2.163371148120956,10.37,57.61082060584089
P23942,164,0,2.348240441521172,9.67,55.997743677916425
P23942,190,0,2.0968051921678788,10.42,60.611630638641685
P23942,193,0,2.2910560768127097,10.52,51.31896319394046
P23942,197,0,1.935257963883704,10.35,57.07688075442453
P23942,310,0,1.8707217326722816,10.54,71.83048707907517
P23942,317,0,2.0528355028184966,10.31,64.26942623512446
P24071,14,0,2.0646691892592406,10.34,48.90936162863709
P24071,26,0,2.5106823758444943,11.06,32.68584991626466
P24071,44,0,2.02387443211742,10.05,47.366937810494925
P24071,56,0,1.870709957505441,10.17,74.09541175769603
P24071,74,0,2.384134687523633,10.23,30.41241675754032
P24071,105,0,2.1206664625507496,10.36,62.701378801901456
P24071,140,0,1.9546230036240533,11.05,25.21920047653901
P25311,19,0,1.9809106477816862,10.313846153846155,55.65966501079912
P25311,44,0,1.9295960552852436,10.566153846153847,56.529065535454805
P25311,47,0,2.3450859546432428,10.118461538461538,51.56443032762383
P25311,64,0,1.961519549007499,10.5075,74.81425288089946
P25311,71,0,2.3762242575558044,9.016923076923076,26.10899618042498
P25311,82,0,2.133135645858242,11.01923076923077,48.52470532620777
P25311,89,0,1.9828788356596565,10.453333333333333,68.94021092946473
P25311,116,0,2.6726352413484404,11.568461538461538,22.64218072003989
P25311,122,0,2.134894314572958,10.358461538461539,63.04625166659252
P25311,129,0,2.1491570302963665,10.252307692307692,34.95912700227703
P25311,145,0,2.596373670090373,9.969166666666666,25.116839642986502
P25311,147,0,1.9202417802822074,11.123076923076923,44.462550506061994
P25311,159,0,2.419398680060316,10.878461538461538,32.63212062652249
P25311,172,0,2.1564506614768524,10.423076923076923,43.10062981390193
P25311,175,0,1.9382318363603335,10.248461538461537,69.34910717008232
P25311,178,0,1.994309015032866,10.346923076923076,49.84178028669821
P25311,200,0,2.0216191075691428,10.30923076923077,55.65673990610082
P25311,201,0,2.5379616539343326,10.162307692307694,30.751741489051486
P25311,202,0,2.3439496950313536,11.006153846153847,31.328520782598293
P25311,204,0,2.3740809996358054,9.823076923076922,41.48675993590866
P25311,214,0,1.8939803019307908,10.358461538461539,80.97108432169037
P25325,40,0,1.911493318339824,10.025,53.524647579840895
P25325,146,0,1.877720132753024,10.7625,60.57280251693873
P25325,164,0,2.3231146516153314,9.469999999999999,27.73287547972341
P25325,170,0,2.438947971373492,10.8575,54.269884080903786
P25325,224,1,2.0396248371704098,10.0825,25.153333386814918
P25325,236,0,2.084761419240981,9.942499999999999,23.37645185443688
P25325,237,0,1.9561531033694775,10.4175,73.68580207179166
P25325,242,0,2.0802873347367026,10.815,54.6300709511302
P25325,266,0,2.2788059792704813,9.155,23.254625145570717
P25774,5,0,1.887565211206505,10.98,39.336830638378565
P25774,10,0,3.1559803936053252,10.228252427184467,47.84887616992117
P25774,11,0,1.908163202458228,10.62,59.57601771035522
P25774,17,0,3.0905927695822277,10.50056074766355,21.65189632779367
P25774,18,0,1.9132521716159085,10.105,46.92089710353212
P25774,22,0,2.0471284279403466,10.15,21.051223323082656
P25774,25,0,1.8708243113883232,10.41,76.394730330889
P25774,27,0,1.920984595848476,10.44,76.03622879422156
P25774,39,0,3.826224220174763,9.940280373831774,25.88011180767634
P25774,40,0,2.7555440553065176,10.29,29.05119084067864
P25774,41,0,3.199813146043236,10.383396226415096,48.68478529766217
P25774,42,0,1.9949122118407598,10.29,49.875385007154215
P25774,44,0,3.3592220293498007,10.11647619047619,65.54492189079411
P25774,45,0,2.323803445336693,9.06,37.39840252126672
P25774,59,0,1.8707494937678224,10.43,83.41272106977385
P25774,60,0,3.097130175868315,10.462446808510638,69.99452208991313
P25774,61,0,1.9165826559794088,10.42,77.87288239932649
P25774,64,0,2.783152511587091,10.132912621359225,56.37625984132468
P25774,65,0,1.948256662198001,10.45,68.52844412568797
P25774,82,0,3.250517092320135,10.274190476190476,69.39539560337829
P25774,83,0,2.021239695047788,10.41,73.32752142835766
P25774,93,0,2.661850714361479,10.184999999999999,43.098126184500096
P25774,94,0,1.982091389332586,9.83,50.73750675363855
P25774,98,0,2.8772827615798455,10.388962264150944,77.78271751701082
P25774,99,0,2.030649352190793,10.47,82.26168733639143
P25774,104,0,3.0445064370633963,10.829126213592234,67.75098985803463
P25774,105,0,1.899939606257224,10.6,76.78337152207685
P25774,109,0,1.91115714833974,10.54,63.850285415258014
P25774,112,0,3.600378303835397,10.800566037735848,52.24901014998233
P25774,113,0,2.289907724768957,10.64,50.24133146391221
P25774,116,0,2.0487060590692225,10.26,22.33417122299237
P25774,125,0,3.955346669518561,9.785047619047619,31.837611796481028
P25774,126,0,2.8116592904536235,9.88,29.22937804899944
P25774,131,0,3.2817450255601215,10.860000000000001,47.18757991434567
P25774,132,0,2.026060710117134,10.95,48.54235161186615
P25774,138,0,2.659525760833639,10.26,24.4379256534994
P25774,140,0,1.9078999814768016,10.46,63.01573441680128
P25774,143,0,2.196119506929745,9.97,47.70629526692957
P25774,159,0,1.9600500050698555,10.51,61.34051285919799
P25774,163,0,2.0160184868249065,9.96,45.61556535596557
P25774,177,0,2.9012605201249944,10.003461538461538,57.05103058218117
P25774,178,0,2.268885032977688,10.44,66.66803222614026
P25774,181,0,2.0119210018894567,10.43,77.20827192847487
P25774,183,0,6.026739396649713,7.799905660377358,16.612357588694838
P25774,184,0,2.281422029662186,6.54,16.447710163098932
P25774,192,0,1.919278396911609,10.29,29.246133209818577
P25774,193,0,1.9447574340306526,10.105,63.058064105316056
P25774,197,0,1.9223476881558657,10.26,61.03227680498797
P25774,202,0,3.23699995366112,10.01125,38.61715859580409
P25774,203,0,1.9268380522530524,10.08,47.6917981258302
P25774,211,0,2.489474217134613,10.47,60.40480912228037
P25774,224,0,2.8374928116260527,10.0,36.09293987400626
P25774,230,0,1.9766244475341672,9.74,20.31595974244874
P25774,276,0,2.236279606862162,9.88,52.66830996358074
P25774,282,0,5.535225829515522,7.77,15.526634466974576
P25774,301,0,2.0282277924273058,10.19,38.647218325992135
P25874,37,0,3.8312637589089706,10.719999999999999,13.42122197367817
P25874,55,0,1.9441860775392505,10.38,76.96034790822908
P25874,66,0,1.9562228048627919,10.293333333333335,62.722420927695815
P25874,72,0,2.302819577379371,8.43,19.6659773123904
P25874,106,0,1.892131551582148,10.409999999999998,69.94427703152142
P25874,115,0,2.3577000860334585,10.466666666666667,39.43094751829236
P25874,137,0,3.7222955506462854,10.643333333333333,20.35118266841555
P25874,150,0,1.9101567531447212,10.36,77.77004978146054
P25874,174,0,2.1924643898836185,8.67,21.113989726307498
P25874,198,0,2.3291336008583223,11.096666666666666,33.81729232879345
P25874,203,0,1.9328526172356053,10.66,56.31472819500208
P25874,236,0,3.592409349347482,8.813333333333334,7.889717250409067
P25874,248,0,1.9188537859641457,10.28,68.85284629209458
P25874,256,0,2.003036233627206,9.353333333333333,40.74432959703374
P25874,268,0,2.2521404242449443,9.146666666666667,28.3007974370915
P25874,292,0,2.6410072065474597,10.82,27.125503627106344
P25874,297,0,1.9323074139210739,10.426666666666668,66.338372255362
P26038,3,0,1.9507630376342544,10.278571428571428,67.86619686181015
P26038,27,0,2.35623267259791,10.911875,57.352811173241676
P26038,35,0,1.9485145190015218,10.380625,69.13410882813044
P26038,53,0,1.9472168155017324,10.45625,59.869106215611794
P26038,60,0,2.24070686087185,9.543750000000001,53.09372987813894
P26038,63,0,2.1400359044514508,10.251875,51.30118946987815
P26038,64,0,2.3291245129685203,10.276875,50.73527941353454
P26038,72,0,1.8989839881206432,10.150625,66.89088895500429
P26038,79,0,2.579470337334801,9.709375,55.15021315668647
P26038,83,0,2.0931958795000405,8.073125000000001,26.048488898239444
P26038,107,0,2.5765210489469035,8.555,35.349936848970536
P26038,133,0,1.9337313116137358,10.393125,52.52450233267805
P26038,139,0,1.9107121194033105,10.3675,71.93888429747031
P26038,143,0,1.9214979367745506,10.314375,60.57856414877803
P26038,151,0,1.9160046788970881,10.008125,54.60337150419012
P26038,162,0,1.8875532757527786,10.395,78.60274023166389
P26038,165,0,2.0050550721862974,10.149375000000001,67.498547832471
P26038,193,0,2.143714477188101,10.710625,34.174823707833724
P26038,209,0,2.3144781590924177,10.65125,50.36720379144296
P26038,211,0,1.9298859346018213,10.479375000000001,59.843609409609414
P26038,212,0,1.91788281866092,10.336875,67.00865368274413
P26038,237,0,1.930939705239536,10.55,46.16109801152291
P26038,253,0,2.357574347846935,10.171875,45.731104788909114
P26038,254,0,2.332980775205057,10.35125,43.676730222618
P26038,258,0,2.553582220376292,10.614375,39.28733419162279
P26038,262,0,1.8707175319397193,10.184375,72.70391937723551
P26038,263,0,1.905507323598502,10.4525,76.29906515303331
P26038,278,0,1.9971568535595265,10.059375,56.720119774624386
P26038,296,0,1.9459102857654598,10.183333333333334,59.924147627942695
P26038,306,0,2.173412357277408,10.703571428571427,29.807417072292747
P26038,313,0,2.067774690997587,10.35923076923077,59.838443906303986
P26038,316,0,2.0122217735349626,10.9675,50.31665605652054
P26038,327,0,2.132678491121276,10.540000000000001,59.85041115908858
P26038,328,0,2.088938388336011,10.561818181818182,44.09422531352036
P26038,329,0,1.9882256676256125,10.517272727272728,51.45866886724782
P26038,335,0,1.96965192370819,10.607777777777777,62.53181279286499
P26038,337,0,1.951958622326609,10.475454545454545,66.19925067235545
P26038,339,0,2.139423290144068,9.993333333333332,57.896029222232414
P26038,344,0,1.9190229121707147,10.383333333333335,69.30271581510395
P26447,7,0,2.1846976453921414,9.67112676056338,45.07409900260718
P26447,18,0,1.9528240840374478,10.27032679738562,48.80074717984714
P26447,22,0,1.925299509805839,10.585061728395061,35.11865648239723
P26447,26,0,2.0565399008630805,10.232463768115942,62.35013366130885
P26447,28,1,2.7645281680744778,11.401735537190081,29.23301105641297
P26447,31,0,2.2210587449163746,9.850636942675159,38.73441107066444
P26447,35,1,2.2968510416628334,10.250555555555556,43.038919822796004
P26447,48,0,1.9298751478649885,10.181772151898734,65.98928831650333
P26447,57,0,2.045901500853115,10.118969696969696,61.59830671636382
P26447,96,0,2.136397261959092,9.916486486486487,38.98163476121076
P26447,100,0,1.9135007782091933,10.3648,73.69706871752868
P26447,101,0,1.8450937752285184,10.272307692307692,59.13310055538306
P26599,35,0,2.859875394048024,9.44,19.81278131909877
P26599,40,0,1.8707164169604635,10.39,72.83196791217733
P26599,41,0,1.903009153897676,10.03,49.62548112903818
P26599,45,0,2.774929897154358,8.777368421052632,20.63952828448895
P26599,50,0,1.9276920158809805,10.611052631578948,56.4654517289484
P26599,51,0,2.2778369934601357,10.306315789473684,57.05607631491646
P26599,65,0,1.939297406373152,10.44,78.08945594288332
P26599,69,0,2.046552921385066,9.76,64.92978246592433
P26599,75,0,2.418963214071333,10.376315789473685,40.296010201978454
P26599,77,0,1.9076151015544105,10.39,77.67430756368083
P26599,79,0,2.8526561770178454,8.41421052631579,11.712530857060571
P26599,87,0,1.9396959700956764,10.307368421052631,63.1612983211464
P26599,95,0,2.220681197102341,10.06,56.69524269686031
P26599,105,0,2.3702977358445665,10.329473684210527,47.17767063203129
P26599,106,0,1.870709830727294,10.38,64.5133905396298
P26599,107,0,1.9110524624750336,10.47,83.93753066754073
P26599,111,0,1.87066829293948,10.39,86.07816608680395
P26599,116,0,1.9017391232315886,10.216315789473684,63.44622906274911
P26599,117,0,1.9876310528295627,9.85,32.78171327367337
P26599,121,0,1.9128478085812162,10.403684210526315,73.53243456497107
P26599,138,0,2.4658122360843846,9.83,23.28263768006523
P26599,148,0,2.479738337837998,10.481052631578947,41.91579229448648
P26599,149,0,1.975420470467249,9.95,36.07592291379931
P26599,152,0,2.225735224898758,10.29,61.51745652042676
P26599,156,0,1.928882192900708,9.88,54.507712462257565
P26599,159,0,1.998621426185596,10.389,62.807551543623404
P26599,162,0,2.2093795605554987,10.445263157894738,56.12125442856826
P26599,166,0,1.8873163807205908,10.474210526315789,80.20949532873009
P26599,169,0,2.046405699666791,10.73578947368421,63.25984856700884
P26599,195,0,1.928011055804597,10.64,64.10311817402504
P26599,205,0,1.9334662871472474,10.052105263157895,53.84086980715209
P26639,10,0,2.1889158857686,10.7685,53.49946084248845
P26639,13,0,1.953173696780071,10.480500000000001,54.57102046296593
P26639,20,0,2.129778547629798,10.442,65.15586423599682
P26639,28,0,1.963255081232667,10.715,52.27240383938149
P26639,50,0,2.638198247866901,10.631499999999999,31.855577701552257
P26639,72,0,1.924139954140296,10.414,76.18902146192582
P27144,4,0,1.8706488949302138,10.41625,71.79066084720623
P27144,18,0,2.4533369104780665,9.963750000000001,26.110611029533377
P27144,45,0,1.9170155259001396,10.41,65.2858541770238
P27144,55,0,2.1502715749611707,10.94125,40.91442556802537
P27144,60,0,2.086188011131133,8.82125,48.80989831435058
P27144,102,0,1.905488004096747,10.54625,71.51470383938874
P27144,120,0,2.401848191869606,10.63125,36.86805423020172
P27144,163,0,2.277529712399129,10.665,53.73191088266914
P27144,175,0,2.1562549478089843,9.7925,53.20068719990119
P27144,179,0,2.090974635344069,10.2875,67.98049800702435
P27144,186,0,2.0722351064938374,10.55625,44.68385405971187
P27144,201,1,1.9460870651456106,10.635,58.2206454641801
P27144,213,0,1.9786488216558649,9.63,32.939046739805335
P27144,220,0,1.8874116591230887,10.44125,82.67821016237987
P27338,4,0,1.9118925034900294,10.864596774193549,53.69264730835542
P27338,21,0,2.3090401765877093,11.454193548387096,21.424132007309932
P27338,50,0,1.94762092270281,10.320403225806452,55.61723146328403
P27338,52,0,2.020805571213284,10.656612903225808,45.227821461066554
P27338,73,0,1.9395219159436992,11.133548387096774,47.650394763778294
P27338,81,1,1.9462770911120149,10.151693548387096,56.01050349505424
P27338,93,0,1.8708557421773453,10.463387096774193,70.86500155050999
P27338,95,0,2.2219956836570343,10.701129032258065,56.63169617368553
P27338,136,0,1.9510972832145788,10.35725806451613,53.40804841358918
P27338,149,0,2.4225799223476265,10.060655737704918,40.249434871116165
P27338,154,0,1.9061310009693233,10.302903225806451,61.03711455153812
P27338,162,0,2.38077915517499,11.345645161290323,34.141557437590464
P27338,190,0,2.058405889775208,9.583709677419355,32.234299810088444
P27338,209,0,3.9156101804766337,14.315967741935484,13.035362576926147
P27338,230,0,2.4272132803995015,9.898951612903225,25.322948776470678
P27338,258,0,1.9856611254733378,10.798145161290323,50.72866495435484
P27338,271,0,4.223936570965602,7.077570093457943,25.0596955294375
P27338,296,0,5.285553811436793,7.5482258064516135,10.85123151179402
P27338,302,0,1.9220993670703141,10.582258064516129,72.1912366068568
P27338,308,0,1.8947840587421727,10.984516129032258,55.46067410982677
P27338,309,0,1.9527295937756977,9.763629032258065,31.211044499073832
P27338,332,0,2.83073108039238,8.401209677419354,11.7386205939504
P27338,348,0,2.5120504862342465,9.308467741935484,22.44656919523768
P27338,351,0,1.9994723555124438,10.22107438016529,58.99773802171557
P27338,357,0,2.0581987990801967,10.377983870967743,40.7855965172676
P27338,362,0,2.0575399142420734,11.035483870967743,57.17548622706785
P27338,363,0,2.0573128425310756,9.912983870967743,41.866471181647945
P27338,370,0,1.9347630114306913,10.297338709677419,62.03452640988114
P27338,386,0,2.3011347139164604,9.743467741935484,22.249525041496494
P27338,456,0,1.898984666168135,10.170483870967743,44.86548028801493
P27348,3,0,2.1995463388846694,10.5175,35.77475544305987
P27348,9,0,2.202361825775678,10.066666666666668,42.01961986485035
P27348,11,0,2.225008767513158,11.0025,43.746178646154874
P27348,27,0,2.547056601445594,10.705,37.04014642152532
P27348,49,1,2.0943587785779463,9.46,58.353643643797504
P27348,68,0,1.9408982519517457,10.424999999999999,73.90509996522779
P27348,74,0,1.9562737768442906,10.4575,77.54964196770322
P27348,75,0,1.957467392662858,10.236666666666666,50.2829684748801
P27348,80,0,2.5442160461829584,10.8275,45.45703764542231
P27348,85,0,2.1184010456198528,10.3125,50.679665451396666
P27348,103,0,1.9406758512834108,10.825,58.53417886537762
P27348,115,0,2.8668714434322826,10.3725,47.534685768227234
P27348,120,0,2.83433178982783,9.856666666666667,24.50007028317822
P27348,122,0,3.5013766054747375,10.355,36.12607385902459
P27348,139,0,2.153694522537276,10.4575,64.64084593533363
P27348,157,0,2.1346591796134398,10.0125,43.33300194359173
P27348,158,0,1.9142380229733424,10.66,71.79766398082984
P27348,193,0,2.23406174645418,10.915000000000001,54.30308351576907
P27348,212,0,2.0618395107610197,10.4425,71.04198822917847
P27918,15,0,2.0125398978856444,10.064,42.392369833198785
P27918,17,0,2.041514613425754,10.244,60.84001133458828
P27918,39,0,1.8757588538883936,10.440000000000001,70.98963980534185
P27918,87,0,1.88550190551381,10.414,75.80869894628532
P27918,127,0,1.913932022151613,10.448,82.00967270071126
P27918,142,0,1.8805752675943743,10.45,74.46017029973189
P27918,190,0,2.0688131532540006,10.41,60.144567440838614
P27918,196,0,2.10867550034711,10.506,72.89294098959576
P27918,205,0,1.8928165314959453,10.442,80.07821499229956
P27918,209,0,1.878816990367645,10.394,71.97589045905882
P27918,306,0,1.8782578008085067,10.431999999999999,75.05905603427652
P27918,327,0,1.8916098668215384,10.384,81.1360612335949
P27918,352,0,1.8800621167458569,10.468,65.08644321958334
P27918,386,0,1.8798097157446325,10.07,52.42585100555526
P27918,400,0,1.9462148961046153,9.942,37.77807708342243
P27918,419,0,1.9413568119920643,10.192,56.736305930836615
P27918,425,0,1.9131013241123849,10.006,47.50955957198321
P27918,435,0,1.8764362052989527,10.4925,80.97229262655713
P28482,46,0,2.094933446141651,10.531379310344828,61.30825511221685
P28482,48,0,2.0640975911479127,10.545669291338582,58.37121409326133
P28482,52,0,2.605366908039129,12.398620689655173,29.14531561971189
P28482,53,0,2.6410971356269983,10.184193548387096,16.70096834587114
P28482,54,0,2.51885232464723,11.664645669291339,27.275039950194397
P28482,55,0,2.425173610635683,10.138031496062991,14.315619040981415
P28482,59,0,2.589576065107483,13.6,33.065982627349015
P28482,60,0,2.563327199860449,9.74,8.986689410210978
P28482,71,0,2.4609402314404933,9.997241379310346,33.49914438425599
P28482,73,0,2.292950106483645,10.128897637795275,35.98547174066783
P28482,78,0,2.237744115288918,9.725,30.400226723545916
P28482,97,0,1.9446082618838665,10.465172413793104,66.78831888882324
P28482,99,1,1.9440527598471489,10.478110236220473,66.55376555436906
P28482,104,0,1.9179847266915366,10.475000000000001,71.85499804675786
P28482,112,0,2.0087440669600767,10.447241379310345,59.04688955113529
P28482,114,0,2.0858890493288778,10.562913385826771,56.02092554988824
P28482,115,0,1.9107375500574053,10.664137931034482,52.858196896266634
P28482,117,0,1.9055147278190294,10.506692913385827,52.95573889302168
P28482,119,0,1.9826316776391355,10.305,48.45950846808947
P28482,122,0,1.9042408920354776,11.280000000000001,55.27586459098375
P28482,136,0,2.3570699927204344,10.752758620689654,21.521858502705292
P28482,138,0,2.391438059342768,10.420866141732283,20.325604060841016
P28482,143,0,2.3375653314069647,11.785,23.959127298138235
P28482,149,0,2.7292220065769794,10.45448275862069,30.493361291532644
P28482,151,0,2.7212514370421728,10.464803149606299,30.02373047295399
P28482,156,0,2.7015071173497534,10.594999999999999,33.256932555825024
P28482,162,0,3.5076265597981755,9.884482758620688,24.288633424161297
P28482,164,0,3.5145001234364046,10.13716535433071,24.528538905188878
P28482,169,0,3.4479556094001884,10.105,25.145798473184822
P28482,201,0,2.135254026605405,10.27655172413793,39.79912660474329
P28482,203,0,2.0815779874652938,10.506639999999999,39.69466720460102
P28482,205,0,2.1175415744767445,9.618620689655172,45.55463606223786
P28482,207,0,2.1157235248267483,9.476299212598425,43.98233348265245
P28482,208,0,2.1855049622447904,10.325,60.16066483069592
P28482,212,0,2.188446078018856,9.75,58.172331205284856
P28482,229,0,1.9469802601997914,10.359655172413794,70.10026733801259
P28482,231,0,1.945109491407136,10.523650793650793,71.50382845127847
P28482,236,0,1.9331860786139239,10.45,75.41425889865772
P28482,257,0,1.942504082283126,10.303103448275863,71.75734687510877
P28482,259,0,1.9669294793638634,10.322,70.12121772569044
P28482,264,0,1.9119858109852272,10.225,68.03001081624186
P28482,268,0,2.0307228706265303,9.811724137931035,37.457798257373646
P28482,270,0,2.0040932342452535,9.811666666666667,38.283267460240644
P28482,272,0,1.933625803379158,9.936062992125985,35.813433725841556
P28482,275,0,2.0424719398686926,10.235,44.97577673956966
P28482,277,0,1.9400537568082612,9.879999999999999,41.99420896177209
P28482,283,0,2.225141500783971,10.70448275862069,51.74425855631146
P28482,285,1,2.233791235419888,10.73732283464567,52.53932867169118
P28482,290,0,2.036983093100865,10.946451612903225,40.75406790087426
P28482,292,0,2.018278008562476,11.023464566929134,44.02904302854333
P28482,297,0,2.093815809696214,11.41,42.40417044060382
P28482,298,0,1.9233706814609999,11.750689655172414,39.90753299175925
P28482,300,0,1.9162587309070578,11.941587301587303,38.74120222843911
P28482,305,0,1.9228768068309878,12.32,39.40354039488213
P28482,328,0,1.9763531775312404,10.532068965517242,68.91845412143356
P28482,330,0,1.9345003032784513,10.327086614173227,72.29755213214949
P28482,335,0,2.023727690553983,11.975,54.2963258190715
P28482,338,0,2.040373210475787,10.60344827586207,46.57784173074482
P28482,340,0,2.1014199767936987,10.672948717948717,46.746316139823236
P28482,342,0,2.317181064677329,10.577756410256411,45.3166846441415
P28482,344,0,2.57392619743914,9.639212598425198,24.062193285077875
P28482,345,0,1.9517949692361223,10.575,42.85021114756663
P28482,347,0,2.2838811539093253,10.605,52.88483441975238
P28482,349,0,2.6227731368390184,9.735,25.262593725066722
P28845,35,0,2.452907582403036,10.38,48.007789986903774
P28845,36,0,3.1610455639401542,10.5,30.91435163379824
P28845,44,0,2.028911723767401,9.43,56.971211976524096
P28845,56,0,2.048178618268831,9.53,45.4965120843639
P28845,68,0,2.302085055108077,10.51,50.72199513991145
P28845,73,0,1.91983078260631,10.45,68.91832886396784
P28845,108,0,1.8706779744943105,10.4,72.53986524524043
P28845,138,0,2.1730582484770764,10.6,39.71509802882486
P28845,159,0,2.049110025566974,10.21,45.75323910902444
P28845,174,0,2.139224111817746,10.82,10.26276507619098
P28845,187,0,3.923318295809884,7.21,6.963471016375675
P28845,199,0,1.9728470992370075,10.74,60.19648225943919
P28845,225,0,1.870722292576063,10.54,59.16299645117857
P28845,238,0,3.1403622904068387,10.89,30.95486508906016
P28845,247,1,2.3805490296902763,10.6,26.503031949382567
P28845,274,0,2.065565501256145,10.64,58.99243415002744
P29374,7,0,2.2651738269366244,10.6295,29.54225776985054
P29374,11,0,1.9579572832707868,10.6555,52.79938637206709
P29374,13,0,2.6000017623063916,10.35,39.53911975283862
P29374,15,0,2.467648747759978,10.23275,43.72700511349093
P29374,16,0,2.345808659603716,10.3905,31.355848485136544
P29374,20,0,1.8833156593076885,10.4575,83.05907754799625
P29374,23,0,2.2422901493468896,10.552499999999998,51.188124041149315
P29374,25,0,2.2390679868104435,10.7015,53.55828880117309
P29374,27,0,2.038984926687681,11.270999999999999,46.23950856441493
P29374,30,0,2.194406901896876,10.69925,50.62119746687026
P29374,34,0,2.841538386124443,9.903,50.158903926663655
P29374,36,0,3.055899005452612,10.0855,47.8446202459656
P29374,37,0,1.9658908717672183,10.3225,57.40587095510233
P29374,38,0,1.8878349678502804,10.4955,79.9923660643017
P29374,40,0,2.0276842047091663,10.963,43.28872184963785
P29374,45,0,1.9487700845164135,10.421,63.05394567369674
P29374,46,0,1.8924267652305846,10.4675,82.65105174838806
P29374,50,0,2.2304170291998,10.332,58.34575693724006
P29374,54,0,1.9830533380851683,10.2865,52.376073124457605
P29374,57,0,2.1446709874640466,11.1125,50.84146319991815
P29374,58,0,2.3328978085046934,10.8865,58.624964348081676
P29374,60,0,2.2476112362470735,9.5185,42.78197477338295
P29374,65,0,1.8912101422780043,10.7285,68.39327055678257
P29374,67,0,1.909387055052165,10.3645,50.04079313285806
P29374,68,0,2.162167801760025,10.1625,59.120830387281174
P29374,75,0,2.1561018442533797,10.8415,36.24110360128501
P29374,79,0,2.355282473878218,10.318,63.35175229479531
P29374,80,0,2.0965021637101495,10.129,64.32165684923656
P29374,83,0,2.110748664925576,10.5075,51.75289731546373
P29374,86,0,2.337759097647172,10.102500000000001,56.01866799398628
P29374,88,0,2.2940431938514765,10.063500000000001,54.82931501146091
P29374,94,0,1.9786326188429395,10.120000000000001,53.77406876533566
P29374,95,0,2.006002881715097,10.181999999999999,60.84315783598039
P29374,103,0,1.9688675728324707,10.708499999999999,63.142896924440024
P29374,106,0,1.9531518005412831,10.6265,60.83017913133025
P29374,108,0,1.937819251026046,10.7185,58.25144370778541
P29374,110,0,2.025733464696164,10.6075,56.88119552952171
P29374,112,0,1.9339700644226834,10.4745,61.14733436343336
P29374,128,0,2.7707597088117195,9.5295,17.557688843735942
P29374,139,0,2.1051787272318796,10.112,58.49384376094864
P29374,146,0,2.1396480789250054,10.4085,37.67745776121417
P29374,152,0,2.4755759112532294,10.5525,36.161539494840504
P29374,173,0,2.393144607434585,10.266,52.90516314221499
P29374,193,0,2.4562541571810264,10.0755,42.81691026543858
P29374,198,0,2.0807777593236514,9.574000000000002,48.546438954808174
P29400,40,0,1.940789816206514,10.66,58.6439955273285
P29400,97,0,1.9052045348903786,10.254999999999999,70.68552381899732
P29400,139,0,1.9028764386384125,10.12,52.932160113250994
P29400,204,0,2.0399633375078965,10.468,59.85343997662127
P29400,211,0,2.1630385132841354,10.484,71.59625516681128
P29400,217,0,1.9071939831830858,10.56,69.24240378113971
P29400,227,0,2.3308222876142106,10.285,42.75779596367353
P29400,265,0,2.526398290884611,8.916666666666666,22.311623750718184
P29400,411,0,3.97085406050762,7.669999999999999,5.804725109360988
P29400,420,0,2.112361139877878,10.69,60.971135739629055
P29400,435,0,1.9299139291328977,10.47,78.65182284449155
P29400,443,0,2.233813614473912,8.709999999999999,30.338807496337452
P29400,489,0,2.0803224634004738,10.876666666666667,50.22064931227607
P29400,546,0,1.9045553977340905,10.01,54.740713917398814
P29400,653,0,1.9174359043135294,9.99,59.6464962872123
P29400,660,0,2.2127538688487056,10.803333333333333,47.77623933670325
P29400,676,0,2.2987357053447535,10.603333333333333,10.920666937730244
P29401,5,0,1.915805292659718,10.34,57.65220454406724
P29401,6,0,1.9385322080246834,10.517631578947368,63.81795405204702
P29401,10,0,2.337512203107754,9.726,46.82704202300613
P29401,11,0,2.2268523286958626,8.949761904761905,26.66384222333819
P29401,15,0,2.166940996856332,10.302000000000001,48.44761950339104
P29401,16,0,2.177614667288461,10.142857142857142,47.089707062947674
P29401,58,0,2.325863758826583,10.554,44.33923443558246
P29401,59,0,2.262234007220435,11.017142857142856,34.90990428212475
P29401,74,0,3.2408498578259177,10.998000000000001,3.752331355417038
P29401,75,0,3.9231541264671526,10.872380952380952,5.287712614194436
P29401,101,0,1.9805464297913198,10.186,44.77431229318117
P29401,102,0,2.0481904257418924,10.243243243243244,46.322022159367656
P29401,113,0,1.9298561111474886,11.458,34.75663071387836
P29401,114,0,2.0396639746262992,10.495238095238095,25.3549824173551
P29401,139,0,2.0928490366444,9.998000000000001,40.80693237564121
P29401,140,0,2.0217297508973964,10.462142857142856,35.75038160838982
P29401,143,0,2.005294009790849,10.404,67.47944670370025
P29401,144,0,2.0080910269455994,10.357619047619048,61.37907840234832
P29401,173,0,2.542637067553909,9.075999999999999,35.65405283531507
P29401,174,0,2.1531946703896607,10.325,64.6414408276925
P29401,203,0,2.0504555878041097,10.912,64.23419458251139
P29401,204,0,2.290457117329571,10.28829268292683,55.11892144518021
P29401,225,0,2.023216592013447,10.392,74.7745586395552
P29401,226,0,2.0327525301293172,10.327857142857143,65.0116843785687
P29401,231,0,2.10529492831238,9.422,36.165883728431794
P29401,232,1,2.0122509284324788,9.224285714285715,22.340744257621772
P29401,240,0,2.1232693933189877,9.914,37.42035439993367
P29401,241,0,2.163828635789777,10.12595238095238,44.178486962313315
P29401,243,0,4.276847370710167,7.9319999999999995,8.401305979092077
P29401,244,0,3.9697190099646016,7.755476190476191,9.856058948080156
P29401,253,0,2.0533513485685284,10.408,59.15549589871813
P29401,254,0,2.1552424579015765,10.21404761904762,53.38085231818011
P29401,259,0,2.436437218639443,10.260000000000002,60.29271971439416
P29401,260,0,2.317385600832174,10.13452380952381,55.42171879574651
P29401,263,0,1.9528209667188663,10.53,71.70566767595723
P29401,264,0,2.0162372105985136,10.756666666666668,70.67130639807718
P29401,280,0,1.9160921624899736,10.478,81.3608945478368
P29401,281,0,1.900938113622941,10.600425531914894,74.41457584752177
P29401,282,0,1.9600957008571211,10.351063829787234,70.27031173063529
P29401,283,0,1.923681122497377,10.710714285714285,39.32436244253463
P29401,309,0,2.076602841996585,10.774000000000001,68.93733549952206
P29401,310,0,2.0867808781501926,10.58547619047619,69.46841145263548
P29401,313,0,1.9437703514588187,10.414,59.25425317278067
P29401,314,0,1.9538567794728132,10.353095238095237,55.522109510989345
P29401,318,0,2.8709308002649934,9.456,39.9165657477057
P29401,319,0,2.7544922474188773,10.004761904761905,45.421856404774694
P29401,326,0,2.2220268213225816,10.45,26.16087978448316
P29401,327,0,2.1064161132786468,10.449047619047619,22.413115425886495
P29401,342,0,2.6442058174682552,10.778,27.67862246534056
P29401,343,0,2.688959232887655,11.959999999999999,24.050559175997392
P29401,351,0,2.2713665070705766,10.026,47.632710004003926
P29401,352,0,2.242917125651749,9.640212765957447,45.5015203902055
P29401,353,0,1.937366113230934,10.473333333333333,73.74725519267086
P29401,455,0,2.9246608064478807,9.824000000000002,22.595669541495564
P29401,456,0,2.736605703213999,9.92095238095238,24.822370262834006
P29401,464,0,1.9263332887492617,10.424,72.67248627011479
P29401,465,0,1.8856987991193304,10.307380952380953,74.12309236796672
P29401,492,0,2.417985921264124,9.937999999999999,22.536895578934654
P29401,493,0,2.3925840382656083,10.456428571428571,18.455688871737916
P29401,496,0,1.9353263693703582,10.142,59.48823637562615
P29401,497,0,1.9665929432579001,10.101904761904763,59.1664372431325
P29401,498,0,1.9406684831564014,10.484,75.24667456554279
P29401,499,0,1.8870933101101088,10.523333333333333,77.14680673054056
P29401,522,0,2.0462094162251914,10.192,42.973773913623134
P29401,523,0,2.0333712841337794,10.31340425531915,49.131533222933044
P29401,524,0,1.8960736957935913,10.421904761904761,70.71227722310289
P29401,525,0,1.9896865654170717,10.437999999999999,73.04639470075423
P29401,526,0,1.9652718044592479,10.436190476190475,74.43406251161659
P29401,537,0,2.4200429515422783,9.303999999999998,38.42641017733763
P29401,538,0,2.4262914049547626,7.954523809523811,24.22497522647013
P29401,542,0,2.0403906426838083,11.132,61.58192461967229
P29401,543,0,2.0135140539745473,11.03,64.91813862648603
P29401,552,0,1.8707391046180077,9.784,43.784658247422826
P29401,553,0,1.87817249624367,10.04452380952381,52.5900475299257
P29401,596,0,2.259553330287793,10.9275,60.53166728813079
P29401,597,0,2.314116549111284,10.72342857142857,62.44235168261954
P29401,602,0,2.0514477980075183,10.728,63.62545210101611
P29401,603,0,2.0579465429750967,11.102619047619047,55.22255257398377
P29401,621,0,1.8712084984907185,10.28,56.55393647729572
P29401,622,0,1.8943618599593304,10.396,68.72168479880722
P30101,13,0,2.0221100865984023,10.184999999999999,38.576507947593754
P30101,17,0,2.087841124641158,10.469,52.970228471313945
P30101,30,0,2.375812652237991,10.1005,49.989117206198856
P30101,37,0,1.92350383993053,10.562999999999999,71.17870805071806
P30101,46,0,2.254737351629267,9.3995,38.24199050734104
P30101,51,0,1.9098196990536227,10.817,58.54805750542333
P30101,58,0,2.308137936900283,10.689,36.72825335711697
P30101,61,0,2.0078322750771145,10.732,62.34556070895893
P30101,66,0,2.2905913529053774,9.624500000000001,32.71191368156623
P30101,68,0,2.3102431861829107,10.561499999999999,53.23969367243709
P30101,70,0,1.917376262336877,10.6505,66.49931724691928
P30101,73,0,1.9435050587794802,10.6805,47.62862102481574
P30101,76,0,1.9143762147566163,10.405,72.11910945040052
P30101,80,0,3.3856563248410323,10.496500000000001,15.704842946495635
P30101,84,0,2.6683669854127476,9.951,33.48838121334738
P30101,105,0,2.0357318905513955,10.2365,57.89419553568704
P30101,106,0,1.949969268313381,10.3285,65.74759466602367
P30101,111,0,2.3785872757189024,8.541,24.761336254724732
P30101,112,0,2.316173520622068,9.45,21.38196594341253
P30101,116,0,2.0921021935161237,10.501999999999999,47.96722417176429
P30101,117,0,2.025282272485758,10.619,47.95745905459938
P30153,32,0,2.007633470266442,10.415,65.07184135872885
P30153,33,0,2.0026537637413626,10.303749999999999,58.77390120167752
P30153,34,0,2.1075603178260987,9.991666666666667,56.14383864461618
P30153,106,0,2.3053716613773014,11.195,26.058938375366516
P30153,107,0,2.444331745167367,11.589999999999998,26.596794309292047
P30153,132,0,2.197326345786444,11.03,39.21697560615176
P30153,133,1,2.301180911727739,10.483333333333333,20.633446041694334
P30153,162,0,2.8313459236884064,10.16,24.152073446946204
P30153,163,0,2.936585327695442,10.641666666666667,19.23664267886154
P30153,187,0,2.400552358710409,10.530000000000001,35.68860708201221
P30153,188,0,2.3649239490801452,10.201666666666666,33.29684060000266
P30153,193,0,2.0171480312192567,10.15,50.23845167064643
P30153,194,0,2.0394768186879957,10.301666666666668,65.0866766573708
P30153,201,0,2.2210210076869297,10.754999999999999,30.078295288861646
P30153,202,0,2.202446218136291,11.115,37.96343104998423
P30153,254,0,1.8861152387578255,10.39,78.72862278573322
P30153,255,0,1.8918440005472734,10.301666666666668,80.52194313800346
P30153,265,0,2.7014749459800456,11.355,29.020740299385245
P30153,266,0,2.547201130211993,11.046666666666667,28.558238955914575
P30153,271,0,1.9372562186032436,10.370000000000001,70.89859579574235
P30153,272,0,1.9359317356221555,10.436666666666667,61.760891772002566
P30153,279,0,2.010121761525061,10.52,40.97916364788958
P30153,280,0,2.13558613257262,10.816666666666668,47.15602567869923
P30153,291,0,1.9667883902773466,11.405000000000001,38.04887582517718
P30153,292,0,1.955662950861045,10.81,43.539278044561804
P30153,304,0,2.636642999285221,10.245000000000001,20.81851639225269
P30153,305,0,2.634995784039258,10.031666666666668,18.749052227393445
P30153,306,0,2.485014736701108,10.525,30.036718273586793
P30153,307,0,2.4615942787099128,10.906666666666666,35.59196492883694
P30153,330,0,2.214156073106752,9.965,59.415518323172584
P30153,331,0,2.107919075313039,9.626666666666667,40.11844361896075
P30153,341,0,3.575750968271786,11.25,27.706147398475295
P30153,342,0,3.4596298016015496,11.323333333333332,15.210920767750542
P30153,357,0,2.197377147778073,10.235,58.98192944959199
P30153,358,0,2.22394817071592,10.38,53.88116107740726
P30153,373,0,2.0396477108652755,10.51,47.516670697854295
P30153,374,0,1.975854668620408,10.536666666666667,48.75206928395502
P30153,415,0,2.2483081463642867,10.11,51.823205177303365
P30153,416,0,2.2066048271099183,10.386666666666667,73.26168433648009
P30153,441,0,2.183750243163586,10.035,41.47015203724515
P30153,442,0,2.0399897141106296,10.67,36.41054616463793
P30153,466,0,2.8458163889968504,11.375,41.61908316397938
P30153,467,0,2.6457253099195603,10.977500000000001,34.31131731833979
P30153,468,0,2.316182815194659,10.36,52.57859458587433
P30153,471,0,1.912544820530403,9.145,40.0789664529422
P30153,472,0,1.967648924143931,9.836666666666666,41.746606736607134
P30153,474,0,2.277429309632097,10.33,48.32289827504353
P30153,475,0,2.2272190987671387,10.501666666666667,56.13260854171039
P30153,484,0,1.934848115315043,9.885,22.5746339606859
P30153,485,0,1.9211743073656955,10.198333333333332,50.00199228192466
P30153,518,0,1.9640230322133398,10.780000000000001,64.99143622175103
P30153,519,0,1.9381014699673225,10.99,47.57590280934386
P30153,541,0,1.9450784964012175,9.81,40.5096264458718
P30153,542,0,2.1432435863960477,4.336666666666667,22.652099308704887
P30153,545,0,1.9282600510067316,10.415,31.27196959753187
P30153,546,0,1.938799190693126,10.185,38.74526765087682
P30153,560,0,2.59097606682415,10.705,38.35773365293322
P30153,561,1,2.6259462837208205,10.783333333333333,34.8755672665863
P30153,565,0,1.9771637826462598,10.295,58.62755125328236
P30153,566,0,1.9368564083191082,9.566666666666666,46.379305074176536
P30153,575,0,2.15767455898754,10.405,59.174875598399964
P30153,576,0,2.43013688269759,10.253333333333332,49.56713259048246
P30838,2,0,1.919747860826605,10.345666666666666,80.2614974712054
P30838,8,0,1.9580206376725597,10.545,65.39876879839694
P30838,53,0,3.4145899533390147,9.479333333333333,9.241299132322691
P30838,76,0,2.348355107613313,10.648333333333333,31.11060627236952
P30838,88,0,1.938982812550039,10.116666666666667,40.63911078683109
P30838,137,0,3.1046478340687673,9.086333333333332,9.05872678425626
P30838,159,0,1.8977255061709946,10.317499999999999,68.52459544093787
P30838,177,0,1.9075052733292739,10.790333333333333,64.18071878506106
P30838,193,0,2.1133587056032335,9.487777777777778,49.837511968403035
P30838,201,0,1.941524294440454,10.129642857142857,66.7722856511004
P30838,213,0,2.319418769351301,9.344,9.31779582260682
P30838,220,0,2.0394204029841547,10.545333333333334,47.056468825673136
P30838,235,0,7.309071120296587,7.877931034482759,8.378486551419345
P30838,262,0,2.316289809109968,11.073333333333332,28.392506853468323
P30838,264,0,2.517343068658875,10.403571428571428,32.73421384691874
P30838,265,0,1.9924943718097687,10.560344827586206,56.246633647627554
P30838,268,0,2.0183909079756956,10.610000000000001,37.18109048527012
P30838,276,0,2.1397913452505106,10.446206896551724,33.44446103712944
P30838,277,0,1.930893846179986,10.70551724137931,61.21419465458491
P30838,301,0,2.1230731525279576,10.435333333333334,62.706623516303694
P30838,359,0,2.348846416657818,8.3008,28.310606187487707
P30838,371,0,1.953994745717523,10.340333333333332,72.14357296694418
P30838,374,0,2.0560617700979305,10.441666666666666,59.743931474366455
P30838,375,0,2.0962077032742905,11.221333333333332,35.66561891410188
P30838,415,0,2.4963900292374275,9.991034482758621,37.81396391157237
P30838,416,0,2.824017106396346,8.41037037037037,23.57370526979296
P30838,439,0,2.0689427874132815,10.828571428571427,37.13951565165683
P30838,448,0,1.897755378612698,10.477142857142857,81.88430351887895
P31946,5,0,2.0990981427123296,10.317,27.465756655613415
P31946,7,0,2.378319725462385,9.67909090909091,29.41373241789872
P31946,11,0,2.265634833261097,9.689,49.71955546655146
P31946,13,0,2.3423165890665487,10.194285714285716,42.87751775871189
P31946,15,0,2.1517948713299972,10.962727272727273,38.27106913059257
P31946,29,0,2.4030871767986133,11.506,33.25548938669978
P31946,31,0,2.446372155623074,11.207272727272727,35.66676022059967
P31946,51,1,2.125700848180949,8.478,46.91805985266685
P31946,53,0,2.0271397665830277,9.860000000000001,64.41357059805223
P31946,70,0,1.9566912869283208,10.262,62.18400103425573
P31946,72,0,1.9710694831916002,9.811818181818182,61.18194870498996
P31946,76,0,1.9532482847928954,10.144,61.57939825558003
P31946,77,0,2.001783674674258,10.379999999999999,52.196360934702874
P31946,78,0,1.992886042916892,10.443636363636363,73.40403527443499
P31946,79,0,1.9385886848482707,10.382222222222222,67.65478684367874
P31946,82,0,2.47407924596058,11.045,48.40925525747833
P31946,84,0,2.5336550456746156,10.984545454545454,48.886927206098534
P31946,87,0,1.9842515017080578,9.915,46.07836531436295
P31946,89,0,1.9795115561012444,10.77727272727273,53.65732260083899
P31946,105,0,1.9497132072387018,11.03,49.834109061175326
P31946,107,0,1.9575398429498356,11.014545454545454,61.335425621094174
P31946,117,0,2.924956484963963,10.381,45.332799109696055
P31946,119,0,2.8542564078273314,10.143636363636363,40.47455722787889
P31946,122,0,2.9703164546500798,10.492,31.41294856786171
P31946,124,0,3.306548785018331,10.08047619047619,31.23743233662835
P31946,126,0,3.256933333560181,9.974545454545455,34.65203769346235
P31946,140,0,2.40069244433285,9.818999999999999,41.35093514102611
P31946,142,0,2.3817520530970753,10.123636363636363,53.64997139302932
P31946,159,0,2.139154412253861,10.208,41.59124734407165
P31946,160,0,1.916278460919519,10.495000000000001,65.19003069235077
P31946,161,0,2.1247137710218333,10.267,43.65512972781685
P31946,162,0,1.9213397719726983,10.519,67.17684915380495
P31946,189,0,2.0527319472272514,10.296000000000001,54.76756144461763
P31946,191,0,2.2240386166179795,10.219090909090909,53.49567932883128
P31946,195,0,2.2160800772681375,10.772,56.215485501241325
P31946,197,0,2.2310932906444023,11.127272727272727,59.04184580948147
P31946,214,0,2.003365680973837,10.535,71.64368339840343
P31946,216,0,2.0680147159157882,10.457272727272727,67.03071660302643
P31947,9,0,2.7826992583356334,10.058157894736842,41.22453885589385
P31947,11,0,2.6227994017419216,10.897719298245613,44.40647961776379
P31947,27,0,3.17644192896667,10.767913043478261,38.556812167835844
P31947,32,0,2.6454692411715715,10.140877192982456,25.807586849977827
P31947,49,0,2.6397664268784387,9.515391304347826,55.11096341702921
P31947,68,0,1.9448492147419205,10.349734513274337,67.52460188527594
P31947,77,0,1.9005255081056576,10.409999999999998,61.76690671210368
P31947,86,0,1.937780478646207,10.63,65.84340778780425
P31947,87,0,2.033031103312936,10.674678899082569,60.90520952987883
P31947,108,0,1.9441521429945592,10.543333333333335,69.32709588309274
P31947,109,0,2.555342961953358,10.414821428571429,54.708962268210485
P31947,121,0,2.8715559308783214,9.626666666666667,24.72606860469584
P31947,122,0,3.543775888198988,9.866071428571429,29.147627976104165
P31947,123,0,3.4866688735192937,10.376666666666667,36.60303416451725
P31947,124,1,4.080293488814231,10.250535714285714,36.871883046248286
P31947,139,0,2.324134658548006,10.04,43.825512041888885
P31947,140,0,3.246177018642041,9.955739130434784,42.14953951843299
P31947,141,0,2.837539541985766,10.48205357142857,68.79968231641509
P31947,158,0,1.9967612956167287,10.26,51.034398167710606
P31947,159,0,2.4850111721553447,9.944608695652175,53.46295391383579
P31947,160,0,2.334604965140881,10.503303571428571,68.55492384814185
P31947,194,0,2.170478423358631,10.75,56.390759100542084
P31947,195,0,2.7043455786678883,10.455625,55.6866310444956
P31947,213,0,1.999465722663513,10.496666666666668,68.33908681015441
P31947,214,0,2.2983151056631255,10.478636363636365,64.652065675347
P32119,7,0,1.940105837763181,10.407,63.6083516922543
P32119,9,0,2.12776706422637,10.31842105263158,57.50220658482772
P32119,10,0,2.379739505317137,9.424642857142857,46.55699946073311
P32119,12,0,1.9683124046507932,10.601,53.023259209805005
P32119,16,1,1.9455513248923775,10.6095,51.110496432051434
P32119,17,0,2.2793752242155327,9.799,39.962233378414915
P32119,26,1,2.0180587501601677,10.365384615384615,59.63054078926678
P32119,27,0,2.0169726246961845,10.857,65.48075891250173
P32119,29,1,2.5380851662310864,11.221,37.67599004839633
P32119,34,0,1.9061035202856313,10.376000000000001,67.60555710504927
P32119,36,0,2.138981091347476,10.621500000000001,50.756975628736846
P32119,63,0,1.9007941863387512,10.47,72.44177883210914
P32119,67,0,1.9010914805295276,10.62675,63.32337078678862
P32119,80,0,2.4348532533065423,9.744736842105263,40.14054098000681
P32119,91,0,1.9243627299743096,10.615263157894736,38.71508465018588
P32119,92,0,1.9111378831162338,10.399000000000001,73.58972333271554
P32119,93,0,2.07225213673736,10.3515,59.434484052572465
P32119,119,1,2.421515978136041,11.230500000000001,18.275232696431285
P32119,135,1,1.8943957596394234,10.20051282051282,61.19140468223675
P32119,151,0,2.924811227332607,9.584999999999999,20.783881735743574
P32119,153,0,2.051142084223188,10.685500000000001,45.596995598139735
P32119,169,0,2.3607754816363316,8.65,45.53121686570903
P32119,171,0,1.9452730271899903,10.88,41.385803546988605
P32119,177,0,2.1701956620561607,9.863823529411764,56.85567663419598
P32119,184,0,2.2605826736448598,11.575714285714286,36.290403620583454
P32119,191,0,2.033803699530844,9.769285714285715,55.25650195501202
P32119,196,0,1.9244412122145589,11.046333333333333,53.711916499841365
P32322,17,0,2.6101206724027337,9.999363636363636,45.000813983521695
P32322,29,0,2.307212454614462,10.266636363636364,34.33499446984731
P32322,47,1,1.9113267004934942,10.357,71.45153187023729
P32322,51,0,2.217533818219104,10.219727272727273,54.304095310903044
P32322,57,0,2.1594315748978787,10.71809090909091,58.220298208117136
P32322,71,0,2.2416203366393628,9.590185185185184,55.235767772479036
P32322,106,0,1.9117890622011606,10.411090909090909,69.0769072981425
P32322,107,0,2.0367281371828776,10.758545454545455,36.62942423697245
P32322,194,0,2.0708074488960433,9.260864197530864,51.3770972024423
P32322,215,0,2.2342192433219092,9.312842105263158,43.80512854823857
P32322,228,0,2.3662857131460084,9.175555555555555,33.97865201785319
P32780,9,0,1.9070453203948758,10.437000000000001,75.13907992589586
P32780,11,0,1.880126452146806,10.4185,74.85531066072184
P32780,13,0,2.171780423108004,10.970689655172412,49.12284661648528
P32780,14,0,2.2937953466266485,10.75025641025641,45.33958894394667
P32780,18,0,1.9015836761915406,9.907719298245615,57.13218472685417
P32780,19,0,2.0192961484265877,10.178461538461537,58.56373555475482
P32780,34,0,2.1992466130234316,10.299,47.32581730790255
P32780,38,0,1.8925048712940264,10.38103448275862,53.79093620649571
P32780,51,0,2.2601743688855698,10.404727272727273,47.253424570938265
P32780,54,0,2.025664154024005,10.241896551724137,52.1532371589933
P32780,60,0,1.9118750166689817,10.225,49.50108861690475
P32780,62,0,2.1040736260203854,9.90017543859649,46.00232974408605
P32780,87,0,1.9660080042295969,11.033684210526316,61.476198429625406
P32780,93,0,3.037242437175408,10.75258620689655,26.436355482025284
P32780,102,0,1.9100166229939983,10.42135593220339,49.27155276176141
P32780,104,0,2.097241888240532,9.507894736842106,32.23165840687074
P32780,106,0,1.897385973455594,10.46103448275862,54.52341816863425
P32780,109,0,2.0495001003737814,11.7255,51.0810333653239
P32780,114,0,2.4058740134972467,11.478,14.250563709733095
P32780,129,0,2.113819510376237,10.1405,38.05022736451669
P32926,4,0,1.902693813186496,10.06,44.56231369392611
P32926,7,0,1.9216227867039204,10.01,32.85428509738993
P32926,17,0,1.907931509920119,10.52,79.01265875903354
P32926,23,0,2.0836033664264724,9.93,26.41411833230127
P32926,33,0,1.9451750072161664,10.12,45.45599862910198
P32926,55,0,2.2481866850020094,10.24,59.15236085104924
P32926,90,0,1.8999407912916848,10.47,80.3111182726704
P32926,97,0,2.1878114964270314,10.91,58.97417364272843
P32926,144,0,2.2856343588177523,9.88,21.00769917486104
P32926,148,0,2.2448883423078385,10.29,63.9849484753572
P32926,193,0,2.355707259970659,10.22,21.99880620722167
P32926,207,0,2.325827649816933,10.68,37.67836424159442
P32926,209,0,2.330809717244936,11.51,47.24726276534725
P32926,281,0,2.6327896026137827,10.23,33.245675182149654
P32926,284,0,2.257072778596229,10.35,48.83170538523116
P32926,295,0,1.908192248065398,10.28,59.59614353829225
P32926,301,0,2.5887473156989245,11.21,34.782961187306256
P32926,303,0,2.062965811500108,10.62,58.96442161553292
P32926,339,0,2.243584369010163,9.96,40.4138405948608
P32926,345,0,1.870656303277734,10.42,76.60855498087398
P32926,350,0,1.9762108535752,10.37,77.05446478814287
P32926,351,0,1.9889448481790355,10.33,57.67633590263763
P32926,369,0,2.0782205495355472,10.42,79.14332937846879
P32926,375,0,2.4833773323412505,10.64,41.768325177486645
P32926,391,0,1.8707221836261403,10.5,77.32768517423474
P32926,396,0,2.523733584794496,11.04,50.89380098815464
P32926,399,0,2.2703535005101383,9.74,30.192210747477752
P32926,411,0,2.3364410582942083,9.98,51.87240709974786
P32926,426,0,2.050884045742281,10.39,68.8616820214328
P33981,22,0,2.1061486669173695,10.3,66.78856139179064
P33981,25,0,1.917213121349312,10.39875,71.48165984790997
P33981,37,0,1.9412248797384153,10.022222222222222,63.65120879745242
P33981,53,0,1.9304502628944107,10.59375,62.93833179155229
P33981,71,0,2.9449584463384073,9.727777777777778,27.078834250128537
P33981,91,0,2.2374835624831118,9.458,45.45549139278812
P33981,92,0,2.03518981341178,9.729999999999999,43.72261033807338
P33981,111,0,1.9481110030386055,10.153,74.68323319561381
P33981,112,0,2.5193365696195364,8.043000000000001,27.100464697324917
P33981,114,0,2.467535190227206,10.101,47.57739506585431
P33981,119,0,2.6158054670779816,8.870000000000001,36.89491648363609
P33981,142,0,1.9257637198735889,10.034,44.525036733595854
P33981,143,0,1.9331455664228825,10.261111111111111,72.51547790504642
P35318,11,0,2.0368463951255853,10.3415,66.69125874057656
P35318,12,0,2.0060756950392866,10.2405,56.43585186342892
P35318,15,0,1.9974920345601923,10.336,68.28089807830831
P35318,25,0,2.016593537811257,10.2485,50.12714111593892
P35318,36,0,1.9059565263679712,10.305,65.32211830097249
P35318,38,0,1.9004361851968603,10.416,59.80245290960121
P35318,46,0,1.8966646692146347,10.4025,69.70112703219522
P35555,18,0,2.1842109841306785,11.004999999999999,48.71703725337513
P35555,30,0,2.012132540568627,10.4576,63.44408403013355
P35555,38,0,2.0556863401404204,10.395,64.50576563246014
P35555,43,0,2.413655809557643,10.0336,23.566501520268094
P35555,46,0,1.9007487034963544,10.325,49.57809543984654
P35555,68,0,2.388001548100276,9.67,28.510427842717753
P35555,94,0,1.932995883449065,10.155000000000001,60.05605961280841
P35555,100,0,2.1886005164943407,10.385,57.25262995594644
P35555,118,0,2.0358634609511967,10.165,49.25966557197408
P35555,130,0,2.2322506193455025,10.379999999999999,72.83303147219027
P35658,15,0,1.912756435838574,10.67,72.66078383748017
P35658,23,0,3.8850731849248175,11.0,31.65360765509608
P35658,24,0,4.1754912073424215,9.43,17.486955557891136
P35658,36,0,2.095000175936611,12.07,33.157383338614395
P35658,47,0,2.248741762591969,10.68,38.42151452878579
P35658,65,0,1.8706824646649585,10.12,68.5324365663519
P35658,72,0,1.9228234424731203,10.41,76.05998708866431
P35658,79,0,2.1314858495080826,10.56,62.59996426405276
P35658,83,0,2.008221899388453,9.92,36.99575506283162
P35658,92,0,1.8983902842932083,9.38,56.46865532672015
P35658,133,0,1.9622484328409773,10.69,28.886748100217297
P35658,136,0,2.133890513493037,9.32,7.706359504179236
P35658,143,0,1.960257144256188,10.37,68.78490935096072
P35658,146,0,1.9181864740860808,10.61,34.26728184318888
P35658,156,0,2.352145706984244,12.15,45.513529044570845
P35658,184,0,2.0790545990423444,10.45,74.60984755472137
P35658,203,0,1.982823554604708,10.36,58.74146671189847
P35658,205,0,1.9438981398709347,10.17,56.045260266801975
P35658,211,0,2.760995572446445,10.81,25.63159996216962
P35658,226,0,2.0108290250801084,10.28,37.87081951655029
P35658,227,0,2.1380247665952705,10.09,37.88181509083785
P35658,278,0,1.9904392902521075,10.63,42.35253051136044
P35658,279,0,1.8706198762616049,10.5,83.73070915117938
P35658,282,0,1.870673461544092,10.44,71.94440253769127
P35658,356,0,1.9201734077029624,10.7,71.11073511216836
P35658,381,0,1.956726809704355,10.36,57.30958768525449
P35658,411,0,1.8779308804584456,10.49,78.73243523931804
P35658,415,0,2.139582092237211,9.55,40.761084757852885
P35658,429,0,1.9317991809229456,10.46,72.47196102903003
P35670,5,0,2.301453696122999,10.4944,46.45823868042878
P35670,10,0,2.1702924352338018,10.254999999999999,54.237211517306456
P35670,11,0,1.979737436591145,10.574000000000002,55.17240539991635
P35670,23,0,1.964245758494189,10.6015,67.92962547723646
P35670,24,0,2.274600213729262,10.142,46.83319430861941
P35670,28,0,2.108202185106455,10.287777777777778,55.8072729877642
P35670,31,0,1.9288468875033309,10.2925,68.36129012531674
P35670,33,0,1.9433857574317688,10.366499999999998,74.4059385565493
P35670,39,0,2.022203374597082,10.286249999999999,65.21242762997699
P35670,43,0,2.3281831411079255,10.6144,58.652790023263144
P35670,46,0,2.026750674542542,10.3535,68.190053690742
P35670,47,0,2.549667747998794,10.4328,45.37452535062195
P35670,49,0,2.165716143472676,10.669,45.05095734251471
P35670,50,0,2.578486663674681,10.213,43.634850092739455
P35670,74,0,2.6850038656118116,10.726,34.235653204650404
P35670,75,0,1.961856249049654,10.3095,54.13741031818506
P35670,101,0,2.2083939943439135,9.969199999999999,34.355557978760885
P35670,119,0,2.482946881022759,11.2664,22.114288535173756
P35670,120,0,1.899550542954099,10.4565,64.3724524754543
P35670,123,0,2.231800834771058,9.996,25.510585813153345
P35670,136,0,2.030227283471788,10.694,63.980889275849385
P35754,8,0,2.033679703159023,9.651904761904762,37.376930296478115
P35754,9,0,2.151185238419344,10.633500000000002,41.35054244194441
P35754,10,0,2.2192541230786755,10.48,32.70973911040133
P35754,13,0,2.699708977021031,10.078095238095239,30.345232489646357
P35754,14,0,2.7777463085905354,10.5705,31.85013881927073
P35754,15,0,2.5664507831916863,10.98,33.4099870229171
P35754,19,0,2.454786607693267,10.03,36.752735106117996
P35754,20,1,2.4163277921865793,10.4375,33.64541175864166
P35754,21,0,2.171392668979755,9.815,32.8224601093106
P35754,38,0,2.054377726003515,10.453333333333333,55.153365852439094
P35754,39,0,2.030696091208361,10.339,55.152156199017796
P35754,40,0,2.061998684420171,10.545,60.63201826596655
P35754,76,0,1.9301975461038876,10.235714285714286,58.04690514441888
P35754,77,1,2.080434025350557,10.199,52.860177826160225
P35754,78,0,1.957522405646234,10.51,72.12578042605087
P35754,99,0,2.133797550016684,10.415238095238095,65.06787540966964
P35754,100,0,2.0892378758968806,10.398,55.81010551169609
P35754,101,0,2.0154036509507662,10.09,47.03725056894711
P37837,17,0,1.8778046590388275,10.355,58.61824101255377
P37837,29,0,2.105167594161169,9.27,32.485147960593125
P37837,48,0,1.9571626828586521,10.465,64.71502515562035
P37837,81,0,1.9072183708109902,10.5,71.90739064924117
P37837,91,0,2.1775744897622085,9.635,56.17468733914518
P37837,96,0,3.5610461242508302,9.515,33.06673530058894
P37837,107,0,1.9118544515977478,11.57,58.591913811618205
P37837,108,0,2.059356195939051,9.93,41.40344228074158
P37837,125,0,2.375059115825686,10.785,42.48501736404856
P37837,140,0,2.0120590557241034,11.4,55.847748991169254
P37837,146,0,2.3440567834030013,10.305,43.24421922620435
P37837,152,0,5.654904789633584,9.67,14.481891285038596
P37837,164,0,2.2482470663703835,11.335,43.19076306370811
P37837,213,0,2.2209650477122507,10.675,50.011062539881124
P37837,214,0,1.92595471081613,10.285,65.39882879408998
P37837,225,0,1.9875011699503498,10.79,52.34664032828428
P37837,229,0,2.1381617874997945,8.495,34.88362305191503
P37837,235,0,2.1480870831713186,10.719999999999999,26.70985346574389
P37837,236,0,2.264138202662875,10.2,28.700183311486924
P37837,240,0,1.8706918033192985,10.32,73.15514289395364
P37837,255,0,2.182372448529863,10.59,41.41594320150898
P37837,268,0,1.9415481243258845,10.530000000000001,81.35324346072838
P37837,279,0,1.9125422887290084,10.219999999999999,64.73665633003725
P37837,287,0,1.9203589587629253,10.399999999999999,80.19689192728127
P37837,296,0,1.9280871375465876,10.94,47.31547786833066
P37837,302,0,2.0888755122819243,10.254999999999999,48.16846936116549
P37837,317,0,2.1374087528702415,9.365,34.009262184051096
P37837,324,0,1.9464618176135169,10.815,61.65650472027157
P37837,331,0,2.2233252485946644,10.175,51.7689963415672
P37840,2,0,1.8958334624822717,10.443333333333333,60.59615538594067
P37840,6,0,2.5057708999212744,9.884324324324325,59.09416488139348
P37840,7,0,2.472560343005649,10.378181818181817,32.713621476322665
P37840,10,0,2.7346842426938003,9.921410256410256,52.72838998622854
P37840,12,0,2.895425931513637,10.118115942028986,59.60256046893886
P37840,16,0,2.894118180335035,11.07181818181818,18.167717265974126
P37840,21,0,3.3376322635714795,10.16095238095238,62.675025369082796
P37840,23,0,3.6789365922104347,10.02359375,55.77634576478168
P37840,26,0,1.9921721421465628,10.77818181818182,64.56171335163003
P37840,27,0,2.1418997648792946,10.761818181818182,63.2493754954468
P37840,30,0,1.9182911590191336,10.383636363636363,70.29671751569559
P37840,32,0,3.9278975373378797,9.763333333333332,52.165485348823715
P37840,34,0,3.9337059524273865,9.570615384615385,56.48379337285928
P37840,35,0,2.228566015612248,10.213636363636365,58.43193951070771
P37840,43,0,4.3756488386536505,9.732666666666667,55.18580254725465
P37840,45,1,3.544979397247601,9.570655737704918,54.20526925597676
P37840,47,0,2.2414090645000715,10.282727272727273,46.84457960699563
P37840,58,0,5.06445490112399,10.06765625,56.171280367815285
P37840,60,0,4.597298877431228,9.826612903225806,62.535629703607846
P37840,80,0,5.108646237830153,9.942058823529411,47.470844736265335
P37840,84,0,1.993977484366895,10.685454545454546,76.58669770698577
P37840,89,0,2.0522740131145802,10.074545454545454,49.3751800893509
P37840,96,0,3.9330117831699742,10.067169811320754,58.96762001371405
P37840,97,0,3.0559793760591085,9.821777777777779,59.76873114859625
P37840,102,0,1.8954871865548506,10.370476190476191,66.57334889338442
P37840,103,0,2.1725597816996203,10.423636363636364,56.796835734291605
P37840,120,0,2.186115896395824,10.58909090909091,41.88255598536532
P37840,128,0,1.9411695018348416,10.393636363636363,72.62538142026642
P37840,138,0,2.0104992773300796,10.31,70.29060092999883
P37840,141,0,2.041090970710589,10.67090909090909,35.21466242780097
P37840,143,0,1.9080433684463074,10.637272727272729,56.80649851169583
P37840,145,0,2.0186445158562503,10.183636363636364,40.006073173398406
P37840,171,0,2.2050678533283334,10.846363636363636,53.03765534989057
P37840,176,0,2.014583772315944,10.273636363636363,69.7460790283279
P37840,180,0,1.9743015657462353,10.455454545454545,65.84888871665412
P37840,190,0,2.2957044459966074,10.72,34.08185647679406
P37840,201,0,1.935598437935633,10.462727272727273,61.39474995736807
P37840,203,0,1.9795576900099021,10.352727272727272,71.6060565788913
P37840,220,0,1.8996825220270246,10.561818181818182,54.60919839993931
P37840,240,0,1.9173935326491955,10.41090909090909,74.23277016149233
P37840,252,0,1.9171871407696097,11.07181818181818,45.984842317435394
P37840,257,0,2.7286064493711284,10.205454545454545,35.6260771907343
P37840,274,0,1.932696710783102,9.81,41.29748195352291
P37840,278,0,2.2120267472331503,10.758181818181818,35.14768045943396
P37840,296,0,1.9569463477808227,10.733636363636363,61.58284091752958
P37840,298,0,2.8549748090747182,10.159090909090908,25.784288505117388
P37840,306,0,2.062299588310921,10.027272727272727,45.53649896585718
P37840,314,0,1.9053085221243726,10.694545454545455,66.81867397387433
P37840,327,0,2.0259999106818913,10.085454545454546,32.35833590713487
P37840,363,0,2.173924373209868,10.608181818181817,54.82934193514796
P37840,372,0,1.9352385315731164,10.257142857142856,68.78939266547677
P37840,374,0,1.9031432863026094,10.272857142857143,73.22918303331559
P37840,377,0,2.058737304663022,10.2475,52.915775834897886
P37840,381,0,1.9876369805516247,9.8325,62.171275947762524
P37840,383,0,1.94537711409932,9.77375,53.53834296031514
P37840,385,0,1.9486191287309782,10.495999999999999,55.393556505768856
P37840,394,0,1.8789424131475074,10.58,57.28569849111781
P37840,396,0,2.0693008176129846,10.325,63.28970747613309
P38935,12,0,2.0203324470984048,10.35,58.970802975610525
P38935,38,0,1.9023281778442047,10.43,80.84230923051487
P38935,49,0,1.9205730298267656,10.24,75.2409477039347
P38935,112,0,2.1913014606922747,10.27,62.865559742975
P38935,138,0,2.38381429138138,9.25,20.13351829407621
P38935,149,0,2.3703354127027176,10.21,52.840377611211736
P38935,150,0,2.0082747016534914,10.28,75.41213177863185
P38935,156,0,2.1855521427265834,10.9,39.54303038119387
P38935,157,0,1.9473318076074289,10.37,68.62409907700507
P38935,197,0,2.327507029737725,10.27,60.608259971523786
P38935,207,0,2.0903274501907814,9.87,47.43670734734339
P38935,220,0,2.5925402301498,13.18,40.27040725527033
P38935,233,0,1.9468498616347327,10.1,40.16774917032959
P38935,237,0,2.371613722770312,9.33,21.712201327428552
P38935,259,0,1.9644630175114297,10.44,70.38735067875584
P38935,298,0,2.0929513834451363,10.38,55.96272800979828
P38935,306,0,2.4840843050074444,9.39,32.36573471483324
P38935,308,0,1.9883901144761835,9.36,38.01673995032483
P38935,309,0,2.160912257395331,10.11,46.64993473716001
P38935,313,0,1.9133309345576432,10.54,55.24084892286562
P38935,316,0,1.958702875503004,10.34,65.91326459111532
P38935,324,0,1.9228842411318792,9.97,53.873241645926335
P38935,328,0,2.112937846329348,10.18,45.69021090641179
P38935,331,0,2.1056004468912843,10.59,57.46126770556063
P38935,362,0,1.9068959284412448,10.25,44.9677100459331
P38935,391,0,2.2351466287651176,8.92,27.87888590703751
P38935,394,0,3.4961651844554327,7.97,11.313889618204565
P38935,402,0,2.0666833687180794,10.19,33.66720492142977
P38935,412,0,1.89829523189744,10.42,78.63740206154695
P38935,509,0,3.1819556916751046,9.16,24.864953179923287
P38935,562,0,2.3539079124966067,9.59,41.56363078115118
P38935,572,0,2.3239798646786167,10.64,13.038754884719262
P38935,585,1,1.901801834723719,10.07,47.15560025469405
P38935,624,0,2.3587729945014098,10.41,45.04660983643106
P39748,8,1,2.0016896744531762,10.675,71.76765195351102
P39748,24,0,1.9679992798161947,10.551,65.60643898110706
P39748,30,0,2.139168506889021,9.526,39.4953534401833
P39748,80,0,4.171753430981541,8.859,21.140166392595066
P39748,88,0,1.9340641547333042,10.292,71.31000371619167
P39748,93,0,2.6859338341336083,12.215,23.250465807797063
P39748,99,0,2.015690673712726,10.797,48.158700971508246
P39748,109,0,1.961372343041336,10.748000000000001,60.54598444215105
P39748,125,0,2.012916737067269,10.537,48.05849071084342
P39748,128,0,2.1920431156496285,10.145,40.99154675893248
P39748,132,0,1.9343392169650158,9.637,56.87083154625721
P39748,135,0,2.0380279660078444,10.714,66.12422581029622
P39748,142,0,2.343820894284014,10.081999999999999,16.05411114600465
P39748,168,0,1.9865946294091525,9.879000000000001,55.87495322005394
P39748,171,0,1.947907295738172,11.142,32.04268408776613
P39748,200,0,1.9487784832777055,9.786,46.0882768755604
P39748,201,0,2.226332446357234,10.124,63.85554431046044
P39748,244,0,1.9055504722063692,10.547,78.1252177392567
P39748,252,0,1.9223381703498235,10.507000000000001,62.67352661953197
P39748,254,0,2.136882210603127,10.301,54.154793797534936
P39748,267,0,1.9550921305289186,10.527,61.58718024238235
P39748,277,0,2.016204499274072,10.61,70.23694693046522
P39748,297,0,1.9218988002081585,10.427,51.82746268984745
P39748,308,0,1.9325073173886602,10.991666666666667,58.57134619721423
P39748,314,0,3.047256468575959,11.303999999999998,4.8527723571072885
P39748,326,0,2.0192603877269417,10.684000000000001,53.88192029563188
P39748,330,0,1.9354334233568729,10.343,66.39129391077482
P40189,3,0,1.9244928006957644,10.39,68.52081921851831
P40189,5,0,1.8707333894512463,9.9,32.88930076550807
P40189,10,0,17.29329344521899,10.58,37.06415015289414
P40189,12,0,16.485756161105826,10.535,61.66213340710925
P40189,22,0,11.470040641041907,10.29,55.460302259688255
P40189,23,0,10.596099301181983,10.395,45.6720812988067
P40189,25,0,2.6785550204484085,10.31,49.80880615034455
P40189,29,0,2.2038547609829764,10.469999999999999,52.58027991943328
P40189,31,0,1.9466073927301712,10.55,77.58277595272156
P40189,34,0,1.8706322789098493,10.41,80.82768118972159
P40189,40,0,2.241722612361463,10.29,55.374530235260565
P40189,43,0,15.00352393457205,11.495000000000001,19.894560902862537
P40189,46,0,2.3763626817239203,10.575,37.52193910738444
P40189,48,0,2.0893887064954466,10.59,67.95611793903556
P40189,50,0,11.245660810970758,10.025,56.507925234890024
P40189,54,0,1.9056365351113078,10.5,78.85304294478476
P40189,55,0,16.414480219082805,10.385,57.42793737100144
P40189,57,0,17.26833291080944,10.085,55.258978530470706
P40189,74,0,2.3037119060109834,10.51,58.82125007533026
P40189,87,0,2.2218841473674424,10.43,76.0901267431847
P40189,88,0,19.124605154919898,11.15,46.99580445336616
P40189,91,0,1.896961875778332,10.6,68.8583113543149
P40189,101,0,9.667595965337076,8.94,37.5698974827369
P40189,103,0,12.0045061841543,10.489999999999998,19.12928856740215
P40189,106,0,1.9879789628171078,10.325,63.23975288044866
P40189,108,0,2.163852035862422,10.7,67.5300230729307
P40189,118,0,1.870689963902533,10.15,66.2693281209839
P40189,119,0,2.0549367582963916,10.075,48.41668790572257
P40189,123,0,9.566484014813037,10.245,46.56327913979849
P40189,132,0,6.330375271965385,10.295,53.33305133412626
P40189,138,0,8.975788041127483,9.635,26.420941478845794
P40189,139,0,3.0064507471870128,11.225000000000001,17.00478653541205
P40189,146,0,9.326970042669158,10.445,46.21745851097754
P40189,151,0,1.959764397046615,10.315000000000001,52.527576430176964
P40189,153,0,2.1331172457168526,10.045,57.42687381098851
P40189,172,0,14.91040907141652,10.594999999999999,63.60450487749983
P40189,184,0,1.9461168975489032,10.71,44.47047119619382
P40189,185,0,7.682687968600753,11.115,21.491815330286883
P40189,189,0,7.404704583734761,10.71,53.66185500274027
P40189,197,0,3.0049968322801877,9.440000000000001,36.579984910083105
P40189,199,0,2.4382264931708946,10.504999999999999,30.24655048290782
P40189,210,0,18.85125564673345,10.45,77.959537996688
P40189,219,0,2.8633026579838177,10.28,44.31010270870511
P40189,228,0,2.1254517405339115,10.19,51.783313495587464
P40189,234,0,3.5067328804979367,9.120000000000001,23.456570648334285
P40189,242,0,1.9567726136038106,10.745000000000001,48.64363525002095
P40189,268,0,2.2414683624771587,10.475,65.23464785301645
P40189,281,0,3.9332715628438715,11.100000000000001,26.562738572262507
P40189,285,0,2.041337884844657,10.695,55.82137270284849
P40189,306,0,2.118932247295274,10.76,66.61563962365696
P40189,313,0,2.108320789086656,10.89,58.15150179149308
P40189,330,0,1.9887070535119244,10.31,40.82535650755757
P40189,340,0,2.181257013823892,10.36,64.06810250590692
P40189,352,0,1.922604939986145,10.44,72.49022153632902
P40189,364,0,2.0316029623180096,10.16,51.97568695823463
P40189,386,0,1.8942810113610813,10.07,56.90206421322165
P40189,409,0,2.399356326147259,10.31,62.36238131962503
P40189,413,0,1.8936199360246349,10.45,72.4189466530007
P40189,429,0,1.959533349036417,10.09,53.67191791670879
P40189,430,0,2.639920870466742,7.27,20.83864222018974
P40189,441,0,1.870683483868814,10.54,78.22438080237032
P40189,468,0,2.308697711898607,10.26,54.20860666169705
P40189,489,0,2.0160193809257314,10.36,51.18128944088159
P40189,493,0,2.033402751785699,10.55,73.00740622692624
P40189,499,0,2.080331058971783,10.34,58.17552188532366
P40189,506,0,2.0925354703685093,10.57,55.51770177546322
P40189,507,0,1.948039606564126,10.24,80.79966865522707
P40189,510,0,2.166961015932619,10.45,59.40820430277596
P40189,579,0,2.1887105265406186,10.5,52.17301824678823
P40189,590,0,1.823538261042124,10.46,80.22096110849705
P40925,32,0,1.909748159977178,10.011666666666667,68.54684098683477
P40925,66,0,2.028539233037547,10.228333333333333,51.48208057500107
P40925,73,0,2.2507219754484233,10.94,60.490608417477624
P40925,79,0,2.399307779549563,10.415,50.33912989771693
P40925,99,0,1.9691915643981381,10.485,61.05516243480474
P40925,103,0,2.0439062014391443,10.35,59.28464044588867
P40925,107,0,2.134690556034803,10.273333333333333,63.2510429790475
P40925,110,0,2.3279579918710662,10.441666666666666,48.41205187489695
P40925,118,0,1.936728146936857,10.355,65.7116899708178
P40925,121,0,2.2041958353352205,11.278333333333334,37.364614037778885
P40925,122,0,1.934490032599243,10.351666666666667,53.539431064020675
P40925,125,0,2.6955627353313463,9.095,37.170958848962286
P40925,142,1,1.9326748352208225,10.158333333333333,42.161771478271376
P40925,149,0,2.2849697442458914,11.08,48.2547268052914
P40925,164,0,3.0550107518004483,8.485,27.618990018953827
P40925,170,0,1.9726981681567208,10.328333333333333,38.09749960730696
P40925,179,0,2.401063516303257,10.808333333333332,27.879311331042697
P40925,199,0,2.531935687771774,10.221666666666666,48.360619203502246
P40925,201,0,2.0875235755455983,10.611666666666666,55.03498733759289
P40925,205,0,2.025690289966141,10.388333333333334,71.49590746146785
P40925,214,0,1.9525528644426482,10.391666666666667,62.737905270653336
P40925,220,0,2.1614566081091393,10.191666666666666,40.35246500088363
P40925,236,0,2.0090143188798577,10.356666666666667,63.76456247821553
P40925,239,0,2.0210121906543015,10.36,54.09859201395915
P40925,248,1,3.3617344303011283,10.266666666666667,22.87207079014921
P40925,293,0,1.981219428805886,10.315,68.40393670017382
P40925,295,0,2.0166813251524154,9.49,38.77876161005338
P40925,298,0,2.2087032074032575,10.315,62.54946425297709
P40925,312,0,2.1749645639941977,9.726666666666667,30.624348816117635
P40925,318,0,2.030419687002959,10.993333333333332,62.773291821237535
P40925,324,0,2.293223515988171,10.711666666666666,27.888457947153924
P41208,6,0,1.8874360657766185,10.4125,68.54734604148707
P41208,7,0,1.8912668719639618,10.371,67.01485423761953
P41208,17,0,1.8918871471364298,10.443000000000001,69.5473771604793
P41208,22,0,1.8826829402594984,10.51,62.11965401722705
P41208,30,0,2.09749659608737,10.6645,50.1246867466783
P41208,51,0,1.9334122391562985,10.808,72.06364070511056
P41208,54,0,2.140483461428724,10.2485,57.98126346708434
P41208,65,0,1.9177864300916088,10.993500000000001,51.22049226295833
P41208,66,0,1.9075681050075335,10.5165,60.49957231943279
P41208,70,0,1.954107697058706,10.4895,70.41374169329217
P41208,71,0,2.0470372106635737,10.869499999999999,55.58700498215218
P41208,78,0,1.9046738288206861,10.4495,62.30453838113698
P41208,83,0,1.98454415954702,11.063500000000001,48.5003508088323
P41208,96,0,1.9896267139924775,10.791,33.68669424960523
P42336,9,0,2.80737176461929,8.6,39.513332513140405
P42336,14,0,3.8464994394661707,10.334,24.464812450626376
P42336,30,0,2.5987963052574097,10.488,39.75665868163798
P42336,87,0,1.9875073983379725,10.7305,43.58906792479808
P42336,90,0,1.8875024642082816,10.4655,82.59074298691618
P42336,93,0,1.888015562377675,10.483,79.26508900124185
P42336,117,0,1.9267862986030746,11.095,40.7797428729721
P42336,145,0,1.8772376660612153,10.3575,71.54849150475349
P42681,9,0,1.8819031062974105,10.374500000000001,69.04723888252015
P42681,37,0,2.224430022874374,10.692,34.650709954067175
P42681,69,0,2.2775602843393394,10.0585,41.16584624634446
P42681,74,0,2.2622117270387045,10.567,42.798135976841024
P42681,75,0,1.9752508730013727,9.99,42.87858856495789
P42684,15,0,1.9045671869734175,10.3385,68.52901681184878
P42684,19,0,1.9440443236587384,10.3415,66.16388350880928
P42684,24,0,1.9034988043712289,10.338,66.87175960098703
P42684,26,0,1.8935732061654484,11.0265,51.21956942011634
P42684,31,0,1.9252114918962036,10.427,63.57471701590681
P42684,36,0,1.9205581706896933,10.620999999999999,65.07350378484138
P42684,39,0,2.182646782247081,10.3505,49.13501306596587
P42684,74,0,2.325250502604486,10.2395,48.83077926989683
P42684,86,0,2.4282891994680944,10.273,45.89810580026311
P42684,95,0,2.0120789676722537,10.8595,56.44793881391437
P42684,110,0,1.8868059856825414,10.3155,69.14357942098407
P42684,113,0,1.8964173208937898,10.4175,68.53213713330211
P43361,1,0,1.870620053493492,10.43,74.38689265108692
P45983,24,0,1.9568617799427577,10.297142857142857,61.26522216026041
P45983,30,0,2.144221426046596,10.308571428571428,61.884279537634974
P45983,55,0,3.1688672531301134,9.747142857142858,17.446619752213792
P45983,56,0,2.36624863845493,9.837142857142856,16.369721995469195
P45983,68,0,2.3750864273500136,9.758571428571429,25.669911497580586
P45983,78,0,1.9985084314904007,10.797142857142857,28.649786929335587
P45983,83,0,1.939727681960266,11.208571428571428,49.7924717385415
P45983,96,0,1.9335596848940584,10.76142857142857,54.10299865865449
P45983,140,0,2.3022925597229262,11.09,32.68533099247812
P45983,153,0,2.9176449110094604,9.888571428571428,17.1081271687567
P45983,160,0,2.0340751746679926,10.858571428571429,38.269404409485425
P45983,166,0,3.4049746694011302,9.954285714285716,19.53334319754666
P45983,203,0,2.1476730299885873,10.322857142857144,62.28027916161559
P45983,222,0,2.0442978003358223,10.575714285714286,69.64119437359385
P45983,236,0,2.093454931625682,10.712857142857143,34.47398648482352
P45983,250,0,2.010689731549758,10.29857142857143,66.79673935016703
P45983,251,0,1.9215874092256624,10.961428571428572,32.47604108188897
P45983,265,0,1.8970335973222177,10.384285714285713,66.77355140439053
P45983,273,0,1.9067271845560538,10.438571428571427,64.25957135816944
P45983,288,1,2.0448555522619634,10.47,55.053414586168635
P45983,290,0,3.2868500123787046,9.73,26.29529881015301
P45983,300,0,2.064055242629286,10.915714285714285,43.9816286268204
P45983,308,0,1.906954105214393,11.078571428571427,49.499508873616115
P45983,336,0,1.9116923466406952,10.397142857142857,80.53741579348834
P45983,340,0,1.8865911313988393,10.24,69.2355455721772
P45983,353,0,3.117452150935575,10.067142857142857,20.723179340192186
P45983,358,0,2.132795515155696,11.202857142857143,42.20367418445129
P46013,11,0,2.0210456255291356,10.25695652173913,63.49747374680691
P46013,46,0,2.231347503452037,10.349565217391303,65.24992185534266
P46013,50,0,3.378914525435876,10.31304347826087,32.49765599547434
P46013,83,0,2.126379543578625,10.483478260869566,70.80908530451335
P46100,23,0,1.9345794003426868,10.49,66.18723765044712
P46100,38,0,2.2809246593397745,10.536666666666667,38.05988230777257
P46100,42,0,2.0212807943372986,9.87,48.49575132083791
P46100,81,0,2.7604069448162414,9.556666666666667,33.24212998210654
P46100,82,0,2.017474100663346,10.95,56.1229165102079
P46379,13,0,2.2922864019707294,10.239,47.57016776650489
P46379,15,0,2.0027873435718884,10.597,46.02732834183459
P46379,22,0,2.5406149870282806,10.442499999999999,42.22129538699525
P46379,31,0,2.504989320574011,10.8205,50.49867044464173
P46379,34,0,3.3405699662088844,8.566500000000001,11.494624461817882
P46379,40,0,2.1245562358085657,10.2185,39.34820745802462
P46379,43,0,3.3295408373625905,8.341,6.972699444795595
P46379,47,0,2.1641808439486994,10.503499999999999,42.883158600521156
P46379,56,0,2.273009734520054,10.310500000000001,38.37782021096211
P46379,61,0,2.272083549054495,10.9645,38.47162947659525
P46379,62,0,2.606086503335927,10.359,45.1764279716098
P46379,70,0,2.146736110535536,10.3705,53.26881067309888
P46379,71,0,2.247196565803133,10.6685,48.68394990137276
P46379,80,0,2.2957880267817563,10.4465,44.12701003435542
P46597,71,0,2.017170942668587,10.355,68.05839968735634
P46597,74,0,2.2554322202419677,10.0175,49.2019306257335
P46597,81,0,1.9537472415408528,10.59,55.565218364348766
P46597,107,1,2.6850545656332585,10.1625,39.00053296228882
P46597,195,0,2.1828168634370737,9.265,23.83958315268444
P46597,205,0,2.254767685895591,10.3825,60.36010687681366
P46597,219,0,2.0353330913923826,10.3725,58.52176793814977
P46597,239,0,1.9187053445618019,10.94,58.826747862474036
P46597,261,0,2.275073470951648,9.915,40.40889913141608
P46597,274,0,2.174369824484848,10.72,60.295237897255554
P46597,332,0,2.3122325627599674,10.217500000000001,48.86506026348295
P46597,333,0,1.9499062258073705,10.835,48.235956334601596
P46597,345,0,2.4186941243327316,10.26,19.485883877277196
P46940,11,0,1.930701828558795,10.39,54.353947137105564
P46940,20,0,1.948919258709649,9.689444444444444,44.353474140617166
P46940,35,0,1.9639240967631468,10.31,70.25050413904034
P46940,53,0,2.337498154854142,10.392777777777777,35.895439506681356
P46940,55,0,1.98171119516896,10.141666666666667,54.15771031543707
P46940,83,0,1.9693522571282385,10.620555555555557,37.08118529361414
P46940,89,0,3.150264960755208,10.671111111111111,34.12866997565706
P46940,101,0,1.936006906965707,10.287777777777778,66.37786032968839
P46940,102,0,2.002197297942771,10.506666666666668,33.80989467803682
P46940,106,0,1.8464986362604716,10.342222222222222,61.348643184630205
P46976,17,0,3.227511981086431,9.638285714285715,42.594363020850835
P46976,27,0,2.0154543763661463,9.883714285714285,50.1917775147909
P46976,49,0,1.9939621615850704,10.618285714285713,64.7286251663176
P46976,76,0,2.0093873685206223,10.133823529411766,61.4178149034322
P46976,86,0,3.336650842040386,12.695428571428572,10.553400731558392
P46976,97,0,2.987558011715309,9.944571428571429,26.477300809553164
P46976,181,0,2.8060806185097813,10.391714285714285,30.299711186094964
P46976,202,0,2.019066206907433,10.34625,68.48905422613203
P46976,209,0,2.5829311846906085,10.336857142857143,35.228721394924996
P46976,218,0,2.536866716804175,10.584,9.42466295603831
P46976,227,0,1.9077043394304,10.449428571428571,77.99915572404453
P46976,229,0,2.077368955884285,10.414,54.747084057502654
P46976,232,0,1.9188158200556817,10.459714285714286,64.49572656093585
P47756,23,0,2.1264183802300267,8.21,23.4139300730465
P47756,48,0,2.1200012832827464,10.76,58.0013271176668
P47756,53,0,1.8849782372874264,11.64,60.49683160709176
P47756,57,0,2.268176057925066,10.36,53.13310205169466
P47756,78,0,1.9808802533674208,10.41,61.50345025317949
P47756,95,1,1.9482388415915624,10.49,74.71188386611608
P47756,135,0,2.307287158126839,10.68,23.066685910054403
P47756,136,0,1.991592886774742,9.72,40.88838471017023
P47756,142,0,1.919767252506234,11.2,53.88786968671961
P47756,143,0,2.002558145462228,10.42,72.12046262598619
P47756,145,0,1.913719693196145,10.34,58.5794128908508
P47756,159,0,1.9141082692753448,10.44,38.68985890127992
P47756,168,0,2.1496204074344223,10.82,32.331602619648926
P47756,181,0,1.935518483069405,10.11,61.77454351924551
P47756,223,0,3.366963886673377,8.45,23.218365930360537
P47756,235,0,2.5162761659450137,6.53,9.334686246442995
P47756,237,0,2.361705925309985,6.77,22.031694755313943
P47756,254,0,1.9241093080356315,11.0,51.82763940443421
P47756,256,0,2.0482197604961234,9.93,35.15910145772669
P48052,24,0,2.008342407503922,10.481428571428571,70.92391164070956
P48052,41,0,2.1802953118527717,10.426190476190476,55.02823353671955
P48052,63,0,2.276018331244013,9.95,41.20884274413328
P48052,86,0,2.206365087098858,10.91,64.51551765965566
P48052,131,0,1.9070410356387104,11.19,40.03645677734832
P48052,147,0,2.3399760185409764,10.08,31.24696775599705
P48052,154,0,2.1014397974269183,10.24,10.189363072836793
P48052,180,0,2.370393421131216,9.96,32.44276918469315
P48052,187,0,1.8759974487676063,10.47,63.81252085356799
P48052,217,0,1.920026224566516,10.36,63.71624412870486
P48052,223,0,3.5149392680430065,9.45,7.338105940316259
P48052,227,0,1.9733706027719111,10.36,73.98025275198788
P48052,272,0,2.3074403482262498,10.8,57.03211305911087
P48052,279,0,1.958857533273388,11.33,49.26910671239659
P48052,283,0,2.052852127346028,10.45,35.31716283811043
P48052,285,0,2.7306938136358525,9.57,41.412572534391074
P48052,304,0,2.1601798181877307,10.36,52.282057691806585
P48052,307,0,1.949576993453444,10.38,65.1012283400093
P48052,320,0,2.0965746753954964,10.47,55.00814199203564
P48052,332,0,1.9150500944832447,10.25,70.71021477375913
P48052,334,0,2.157674593133224,10.19,68.26772466036348
P48052,359,0,2.455605136186338,11.27,27.11037380415312
P48052,393,0,2.490074489843173,10.69,13.502041626353332
P48637,12,1,1.9343769149784649,10.48,74.41065094552968
P48637,95,0,1.9625343671516904,10.49,79.50120914159024
P48637,108,0,2.111143665232293,11.02,40.53750808067242
P48637,112,0,1.915124102313465,10.46,77.25578851736041
P48637,141,0,3.5248991852618965,9.74,26.80426486996896
P48637,172,0,2.477648647612218,9.76,34.92488918041687
P48637,174,0,1.9490867113124783,10.38,56.44702415230324
P48637,178,0,1.976023105035528,10.5,53.29878833924805
P48637,186,0,2.3100108343988057,10.54,66.11458832033287
P48637,194,0,2.409742509424849,10.72,33.49664262027862
P48637,213,0,1.993361546520398,10.52,61.31825991123507
P48637,245,0,1.9110303044142,10.92,43.88369695582724
P48637,293,0,5.487774782805148,6.43,0.0
P48637,305,0,4.8737903938769245,12.71,18.182327456809148
P48637,306,0,4.567802786708289,9.46,11.088807594544246
P48637,364,0,3.7371862895440975,7.86,6.963471016375674
P48637,384,0,1.9061710342571,10.15,51.002840433172985
P48637,387,0,2.210757508915376,10.6,68.92045598399372
P48637,400,0,2.0813780075159936,9.58,27.60654909387945
P48637,437,0,1.90085322505248,10.52,88.25931496132908
P48637,443,1,2.416073205163965,10.23,73.11156965834684
P48637,452,0,2.6263338073605205,9.0,19.226448865199107
P48729,16,0,2.2509361065422917,10.55,57.148286537446744
P48729,18,0,2.283891514412935,10.315000000000001,55.26061477664446
P48729,22,0,1.9604467793093705,10.97,61.79311491331751
P48729,46,0,2.6192073947429138,11.15,20.06224341074789
P48729,51,0,1.8903646169825108,10.57,80.76722189360171
P48729,62,0,2.025484716202816,10.219999999999999,56.05133074010657
P48729,65,0,2.0578553572061526,9.92,57.173599265754575
P48729,83,0,1.8707123164538948,10.3,50.75975970160148
P48729,111,0,2.4584331897402505,10.684999999999999,22.51217844423407
P48729,130,0,2.1216279013414017,10.15,31.73689258533969
P48729,138,0,3.150035840447358,10.945,29.650466001812628
P48729,152,1,2.380526644089982,9.585,36.170776104491296
P48729,162,0,2.438420998374972,9.315,31.352685621282696
P48729,163,0,1.9706198188072457,9.76,38.51628590716908
P48729,179,0,2.0068899166297607,10.42,32.6660349751006
P48729,225,0,1.88730406405644,10.335,70.67382465885505
P48729,229,0,2.001626693828611,10.785,65.27453953473234
P48729,230,0,2.0676671724735334,10.565000000000001,69.43870423460388
P48729,232,0,2.5792557173735906,9.96,52.29105704576217
P48729,235,0,1.9474752427011146,10.275,49.920152702467874
P48729,239,0,2.292309610725284,10.035,40.03964745738712
P48729,240,0,4.255778389766502,6.37,7.233189835655748
P48729,250,0,1.922708750609075,10.370000000000001,76.19597550816425
P48729,302,0,1.9789446691004113,10.065000000000001,55.082165768935866
P48729,304,0,1.9143271269241446,10.415,69.69760746667549
P48740,40,0,3.182764994059136,9.235,28.703063104752715
P48740,60,0,2.917672060238418,10.79,43.13256178730801
P48740,125,0,1.9087334974262467,10.955,71.70713048003655
P48740,189,0,2.6014219911477365,11.260000000000002,13.822467714557753
P48740,229,0,2.200174550199554,9.675,34.84248782310709
P48740,231,0,1.9589207975602694,10.32,58.6258659197234
P48740,235,0,2.078429416413958,10.305,67.04528514395884
P48740,244,0,1.9151725006396378,10.64,68.82223212618382
P49419,15,0,2.0077768174784665,10.232543859649123,61.8035910512101
P49419,16,0,2.005877634332449,10.242999999999999,60.6657249371457
P49419,18,0,1.975174763525539,10.193333333333333,60.643204735641056
P49419,65,0,2.0352805506325837,10.449912280701755,56.69360372360961
P49419,66,0,1.9901347595500287,10.231008403361345,39.21134609431602
P49419,67,0,2.0083232187060833,10.403,37.68188217086798
P49419,68,0,2.009491938617953,10.53,57.89364575697266
P49419,69,0,1.9999661150478054,10.066666666666666,31.35781252596043
P49419,72,0,2.052752663606339,10.780227272727274,54.85996547228681
P49419,73,0,2.041316686622827,10.846666666666666,61.995302216904534
P49419,75,0,1.993245831260267,10.765,62.44890601729264
P49419,81,0,2.010426583420285,9.709946808510638,52.27989366920743
P49419,82,0,1.970309061172777,10.076666666666666,55.84314750331843
P49419,84,0,2.029077030188804,10.236666666666666,57.50859339905924
P49419,96,0,2.142647523040561,9.795877192982456,35.71164485401707
P49419,97,0,2.144062641139146,10.193000000000001,36.39751728177178
P49419,99,0,2.1182544477681504,10.39,39.9968596199437
P49419,110,0,4.5644418025522455,9.622824074074074,3.017077198349054
P49419,111,0,4.172332968762971,10.16,3.681269184091307
P49419,113,0,4.097596972306577,9.941666666666666,3.088512827713515
P49419,190,0,3.986325216515181,8.25798245614035,10.250344532428599
P49419,191,0,3.84574783293698,8.233,8.60583020582547
P49419,193,0,3.9862119298495053,8.125,9.52996677312551
P49419,204,0,2.1061958147082662,8.794649122807018,26.356952483962356
P49419,205,0,2.083442011809684,8.899000000000001,30.895001386547527
P49419,207,0,2.0662185382601224,8.89,25.65116401225369
P49419,208,0,2.0660312632252533,11.153201754385965,60.67141361967641
P49419,209,0,2.0841503220652497,10.937999999999999,61.70634477872384
P49419,211,0,2.082353568401659,11.006666666666668,62.23391417837042
P49419,214,0,1.9611224813499417,10.43066079295154,72.30267759482226
P49419,215,0,1.9699956719381142,10.431000000000001,72.2258401520677
P49419,217,0,1.9655709357678095,10.44,68.6862873399152
P49419,235,0,2.0180298284875806,10.084342105263158,53.499268396973555
P49419,236,0,2.013391562243988,10.33,55.94254000450663
P49419,238,0,2.0054744582434396,9.98,52.11476242884901
P49419,252,0,2.317797531388242,9.118732394366196,42.64159759595924
P49419,253,0,2.354550284865011,9.67,44.642241047021194
P49419,255,0,2.416997166728646,9.7475,54.44822673261108
P49419,323,0,2.226201421360441,10.082546296296297,43.74039027381098
P49419,324,0,1.963309402409749,10.207136752136751,65.01563364550881
P49419,325,0,1.9511493936421185,10.315999999999999,71.07376903861112
P49419,326,0,2.22387700432849,10.031666666666666,36.4035866642456
P49419,327,0,1.9852320196722273,10.351666666666667,68.44353385757844
P49419,347,0,2.0084546380225032,9.515291479820627,55.562104360419895
P49419,348,0,1.933624637614443,9.845,59.56912256897905
P49419,350,0,2.148851263298225,7.776666666666667,32.21390743237147
P49419,361,0,2.112433825652161,10.169776785714287,47.22038523054236
P49419,362,0,1.9800380950467527,10.253772727272727,48.734821613037575
P49419,363,0,1.9099482509047836,10.86,59.27825363165715
P49419,364,0,2.1645302453334057,10.078333333333333,53.06105813266469
P49419,365,0,2.1190028515383603,10.440000000000001,34.67425553650736
P49419,372,0,2.2097939494872,10.926740088105726,58.577885919972175
P49419,373,0,2.254387477663147,10.981,58.66133646427784
P49419,375,0,2.2198600578782606,10.971666666666666,61.29391256816975
P49419,409,0,1.9177177210202483,10.389339207048458,52.6054498546279
P49419,410,0,1.9045659650447604,10.591,54.405345629135766
P49419,411,0,1.9552375094234977,10.821315789473685,60.985146312787286
P49419,412,0,1.911146833821279,10.443333333333333,49.44971556505453
P49419,424,0,2.0297023352993393,10.0275,58.7861188652674
P49419,425,0,2.005405533943111,9.951,52.150866746088084
P49419,427,0,2.095981064392615,9.998333333333333,61.2022173325931
P49419,434,0,2.0560461461484034,10.175101010101011,53.99973025152984
P49419,435,0,1.9385882410904722,10.54,65.49961428618744
P49419,437,0,1.9421605264702915,10.506666666666666,66.65692211462054
P49419,446,0,1.976811327724409,8.963019801980199,53.29514032030346
P49419,447,0,2.0149898490356426,8.706,48.096788688786084
P49419,449,0,1.945074193250747,6.35,31.96253747768377
P49419,472,0,2.0591553063696364,10.285686274509805,25.36148058340956
P49419,473,0,1.9492764093194943,10.761,29.063809571170555
P49419,475,0,2.1039579739137086,10.661666666666667,19.210168215770345
P49419,486,0,2.2172038707798256,8.855560538116592,25.972244843508506
P49419,487,0,2.1230607428813397,10.264444444444443,27.973217317005204
P49419,489,0,2.1353847208521937,9.198333333333332,30.760708118083603
P49419,500,0,1.9932143706842946,10.127391304347826,67.06882479797086
P49419,509,0,2.186635130825832,9.577063492063493,61.432106543623235
P49588,6,0,2.1313846529488316,10.432500000000001,46.057687253342245
P49588,10,0,2.13453771647902,9.605,32.30177385190156
P49588,15,0,2.1239238003199823,10.61,59.60274579160333
P49588,16,0,1.943030844118764,10.7775,67.79889922543128
P49588,19,0,2.079543693131971,10.14875,51.78379618820872
P49588,24,0,1.9965657800942123,11.1775,45.545378576342785
P49588,26,0,1.9401623562074846,10.434999999999999,71.01685548794975
P49588,33,0,1.882094305201418,10.965,60.28160796662826
P49588,50,0,2.312570990430853,9.846875,35.8350920207167
P49588,56,0,3.188346695958103,9.9275,23.492118096458892
P49588,64,0,1.9097645910116174,10.9975,54.55279104434424
P49588,65,0,1.8976815394929747,9.9525,67.01427827896637
P49588,67,0,2.3133300095914833,11.0425,51.514682780012926
P49588,68,0,2.1182476867461713,11.057500000000001,56.543873563327196
P49588,74,0,4.745344024498971,11.195625,7.658671109445447
P49588,78,0,2.1009126883019436,10.2875,62.15611612696277
P49588,81,0,1.9232030240977587,10.454375,50.79136788706279
P49588,83,0,2.059725473827929,10.76,63.83089589809914
P49588,88,0,1.986859910596082,10.254999999999999,60.9070794290039
P49588,90,0,2.040901174343183,10.873999999999999,47.69538804993539
P49588,111,0,2.5879910391511003,11.6,13.75031743952648
P49588,113,0,2.0594546177735022,10.355,60.31480740149354
P49588,116,0,2.128939143845808,10.53875,60.98885287684451
P49588,120,0,1.9243464937147454,11.059999999999999,53.084211016023175
P49588,123,0,1.9727916287288156,10.255,65.93039608855442
P49588,142,0,2.0230356100434777,10.09,56.04113692644414
P49588,153,0,2.5399812759758906,10.2125,33.42906565330296
P49588,159,0,2.7838247341204183,10.635,43.664685405471516
P49588,165,0,2.9819024224685657,10.61625,24.70180511924692
P49588,172,0,1.9033854328800528,10.56,71.42583726438495
P49588,174,0,1.939117479437889,10.4175,74.36785492685539
P49588,178,0,2.0367244420481745,10.44,60.80967369428089
P49588,187,0,2.074771832639935,10.665,58.469620772592535
P49588,231,0,2.2799852864431767,10.71125,55.57024982133303
P49588,235,0,2.091669261383244,9.50375,50.26187862523901
P49588,236,0,1.9847534217597211,9.536875,46.66635446751353
P49588,254,0,2.0355769942554707,10.209999999999999,36.31307634360643
P49588,272,0,1.9670400637163603,10.289375,63.829891652010005
P49588,282,0,2.2044431457484888,10.502666666666666,34.9897259804669
P49588,338,0,2.09954489922494,10.133750000000001,29.877268129263093
P49588,365,0,2.0415849470323586,10.555,45.43071453510219
P49588,366,1,1.9426110197597235,9.87375,50.81892227262865
P49588,372,0,2.5339739092560065,11.033125,23.5427374171514
P49588,384,0,1.9284137083303146,10.19875,58.66404158826459
P49588,396,0,2.3332257081559105,10.19625,38.24730748928263
P49588,404,0,2.1077186586821743,10.32375,66.38938359336697
P49588,432,0,1.9816720287588017,9.64375,33.33363977645017
P49588,446,0,2.003705025351774,10.645,63.528697592270234
P49588,451,0,1.9182501203272762,10.35,70.90350780675593
P49675,9,0,2.011117793820981,10.14,37.80360252373285
P49675,11,0,2.1063837072269456,11.1475,39.28672059930763
P49675,27,0,2.4052155976019343,11.192499999999999,36.15029848362688
P49675,32,0,1.99764288412476,10.35,37.66896400732627
P49675,49,0,2.1121097700769216,9.6975,55.20665137783435
P49675,68,0,2.0551443224134873,10.290000000000001,71.14996411418389
P49675,87,0,2.0573393911198163,10.780000000000001,61.69786084231296
P49675,109,0,1.9090408149677638,10.2325,55.42603926481003
P49675,122,0,2.889021145827402,10.035,31.87906601537636
P49675,124,0,3.8357489637929043,10.9725,33.537687855547006
P49675,140,0,2.5155293972017265,10.030000000000001,45.563859976875236
P49675,141,0,2.174248591608889,10.5775,66.4167539012383
P49675,159,0,2.1095539364860776,9.245000000000001,48.53065245172388
P49675,160,0,1.9154516905380996,10.5075,66.20499092143226
P49675,195,0,2.388232031612154,6.7925,19.57238403125221
P49675,214,0,1.9867642616940504,10.61,70.75985848267054
P49790,17,0,2.203972673066053,10.5215,58.729057420916796
P49790,22,0,2.1464959851301453,10.433333333333334,61.44784569945713
P49790,24,0,1.9000089810326035,10.4015,72.89826369839895
P49790,26,0,1.904237352243961,10.3995,73.5162444257912
P49790,27,0,2.031443241589071,10.6345,54.122878815916046
P49790,30,0,1.9578601840314456,10.489,37.85625038061926
P49790,35,0,1.9715429352032434,10.134,37.60368842059398
P49790,39,0,1.889514962685686,10.4375,74.529201889556
P49790,41,0,1.8980639431446118,10.4055,72.16051793231946
P49790,43,0,1.904302909964958,10.401,73.3405312216851
P49790,47,0,1.8994239944202707,10.595,53.90909507208543
P49790,55,0,1.95554917323622,10.363,35.049147351097226
P49796,7,0,2.09300766825441,11.03,49.5584604857616
P49796,14,0,2.2233733509846467,11.27,37.39202116118911
P49796,19,0,1.9317147751182384,10.43,76.11663393119937
P49796,48,0,2.148974534114883,11.25,44.93969751143858
P49796,49,0,1.9783176027796603,10.25,69.13365886043266
P49796,51,0,1.914846599497919,10.45,85.71478853653872
P49796,55,0,1.948148226062588,10.39,74.63298407561811
P49796,59,0,2.1799988546716143,9.72,48.55760142620546
P49796,61,0,1.9534299838512108,9.87,50.51792251712202
P49796,62,0,1.9011493806949435,10.23,60.91348533277412
P49796,74,0,2.1565276984157133,11.1,42.87334766846338
P49796,87,0,2.266539111393896,10.65,61.38465878096562
P49796,103,0,1.915014446952108,10.37,76.92592128873349
P49796,111,0,1.919567511834945,10.57,69.34260749681985
P49916,12,0,1.9087179373892713,10.544642857142858,73.33566175307203
P49916,19,0,2.1774661785576077,10.468571428571428,52.2060376945744
P49916,20,0,1.9056664957450715,10.2025,55.42014176610096
P49916,22,0,1.8810912568756337,10.496785714285716,80.42284700515002
P49916,24,0,1.960213967110733,10.420357142857142,65.86186542380894
P49916,27,0,1.9879046968640661,10.356428571428571,64.04733269822576
P49916,34,0,2.578442538824128,9.509642857142856,33.36274976462836
P49916,48,0,1.9709798953376902,10.446071428571429,51.01797337278559
P49916,54,0,2.0252700405610473,10.793571428571429,70.56221864483845
P49916,59,0,2.077153145959708,9.665000000000001,45.935068133829084
P49916,68,0,1.947004147710436,10.353571428571428,56.998324575623045
P49916,69,0,2.0354184173738363,9.771071428571428,41.79873598137295
P49916,87,0,2.6269862104993784,10.35392857142857,33.14056857168463
P49916,100,0,1.8815579219447092,10.49,75.16614904759648
P49916,106,0,1.8945735214384156,10.441428571428572,73.4602724179281
P49916,107,0,1.8847237329786213,10.4125,74.6338933609918
P49916,108,0,1.8756351127078983,10.344285714285714,75.65493785459562
P49916,114,0,1.8814837544089058,10.429642857142857,76.2583351873402
P50213,25,0,1.9027506795786784,10.445,61.49050754594517
P50213,31,0,1.9867024199452212,10.485,73.89390804139937
P50213,50,0,1.961633775864622,10.344999999999999,72.07720027715237
P50213,58,0,2.5094646178801057,10.34,53.43114429224225
P50213,63,0,1.9223998360240322,10.535,72.37980764452473
P50213,65,0,2.2674215857022366,10.205,44.941382844997534
P50213,69,0,4.0715732003398974,9.705,15.228903113199994
P50213,73,0,1.972539752984698,10.559999999999999,65.44084759583176
P50213,89,0,1.9780436850902567,9.91,62.99760480919618
P50213,107,0,1.8933443984713896,10.29,78.37455547619659
P50213,142,0,2.38906304622701,9.21,28.13898359881597
P50213,150,0,2.351531479822235,10.885,41.305529309704696
P50213,173,0,3.3487736271543804,12.445,21.708830660310646
P50213,187,0,3.418029966316251,12.280000000000001,10.822279455302976
P50213,196,0,1.8756394942513488,10.91,72.19874064293815
P50213,199,0,2.1255066185998484,10.345,66.92937346501077
P50213,272,0,1.8706780519641892,10.45,59.32824095226505
P50213,309,0,2.026135165405929,10.545,41.8717359356673
P50213,312,0,1.9331196121227148,10.955,68.81172742574839
P50213,316,0,2.049648120143123,10.379999999999999,66.54467562710165
P50213,323,0,2.4357312372672286,10.61,51.69909590502483
P50213,336,0,1.9771800276299696,10.47,56.39445156274083
P50416,40,0,1.9322477997435716,10.375,69.27581920049994
P50416,41,0,1.901153597603614,10.442,78.03868976909672
P50416,42,0,1.8258401234500266,10.4345,81.10308269196307
P50461,9,0,1.963319165792632,10.47,61.46590959886061
P50461,15,0,2.0851076784326223,11.064736842105262,65.00833261645045
P50461,32,0,2.0536770717011867,10.417368421052632,65.42429222928224
P50461,42,1,2.1207714911835294,10.59421052631579,60.376467616186716
P50461,59,0,1.9275001332411967,10.338947368421053,68.89287576296196
P50552,21,0,2.067957808131495,10.714666666666666,64.93529334303751
P50552,53,0,3.3714499579941184,9.190666666666667,9.773994345816229
P50552,71,0,1.9472066918858133,10.425333333333333,72.25198191177023
P50552,96,0,1.9161010049165417,10.462666666666667,75.9493572123651
P50895,16,0,2.138483870776443,10.1725,61.58294727353088
P50895,115,0,1.9871973435547594,9.956,44.00631724408767
P50895,125,0,1.9212751787401223,10.168000000000001,61.84576604269627
P50895,151,0,2.2162607181984777,10.041999999999998,69.21975813409509
P50895,197,0,2.044155556547551,10.34,58.99750651316604
P51157,14,0,2.5524047093730653,8.485,11.876840114281423
P51157,25,0,2.8187707749956816,8.7725,13.322103634626627
P51157,39,0,1.9211820334221428,10.2875,73.14851609694998
P51157,42,0,1.9547298978131555,10.345,69.0385602328146
P51157,77,0,1.908415010102584,10.6575,72.76253380579448
P51157,81,0,1.923729718679064,11.055,52.852567645206136
P51157,112,0,1.9490500063255687,10.2875,49.10636566795595
P51157,113,0,1.9397724725621537,10.9575,46.06446949373242
P51157,130,0,2.3675155420443597,10.565000000000001,33.83650731302713
P51157,140,0,2.246670501204119,10.53,61.17205313438012
P51157,143,0,2.3685377510399745,9.522499999999999,34.09503420847878
P51157,161,0,1.9356767911696222,10.3475,62.304736366924004
P51157,172,0,2.29375679279447,10.2,38.448021716800454
P51157,181,1,1.9153610553631202,10.71,69.30827905209469
P51157,184,0,1.8235905540181556,9.715,29.853213265201326
P51532,1,0,1.8732588603888467,10.49,73.30742505285173
P51532,5,0,2.0641771679091514,10.256,62.015307326234996
P51532,9,0,1.9797405571542623,10.225,61.39261093737004
P51532,11,0,2.036367716438891,10.13090909090909,61.378631445060165
P51532,12,0,1.9782647334550698,10.239,65.51549969126268
P51532,13,0,2.0029373205708976,10.573636363636364,76.57473823495224
P51532,14,0,1.975916533565681,10.379999999999999,58.50606741236443
P51532,19,0,1.900834539409529,10.315999999999999,60.278906524195406
P51532,21,0,1.9304189154269609,10.567272727272726,64.25456316988078
P51532,22,0,1.9006691661261619,10.408,77.85709262374985
P51532,23,0,1.9432427549903641,9.945454545454545,48.569019449505156
P51532,42,0,1.9059567708959448,10.378181818181817,78.61754398298378
P51532,53,0,1.9478404161524487,10.402727272727272,66.97236806447069
P51532,58,0,2.014681239536585,10.386363636363637,50.69907281851381
P51532,59,0,2.0719304828815144,10.017272727272728,48.295903188169774
P51532,61,0,2.098129160949268,9.77818181818182,55.06976004794583
P51532,68,0,2.0018661580174193,10.027272727272727,50.8559590766455
P51532,77,0,2.0145793151824267,10.495454545454546,66.99858370316713
P51532,113,0,1.917672777013661,10.243636363636364,68.26067987683726
P51659,5,0,9.16332673710937,10.383333333333333,81.00515935803377
P51659,20,0,5.372430532320753,10.401666666666667,70.4763842872232
P51659,28,0,5.078420263948025,10.601666666666667,68.44113948401086
P51659,29,0,4.471197623316779,10.631666666666666,46.1053592856143
P51659,40,0,5.474881076138875,10.486666666666666,64.00558699376204
P51659,46,1,2.486050898711094,10.199166666666667,50.52168861039859
P51659,47,0,6.618344622773466,10.19,37.67649892095636
P51659,50,0,1.9138542490040955,10.323333333333332,60.113120971040814
P51659,53,0,6.353732251375021,10.693333333333333,57.457722505517516
P51659,57,0,1.9912952242265785,10.423333333333334,61.508489891394625
P51659,58,0,6.414766369489011,9.67,56.432085224736966
P51659,65,0,7.298761732199281,10.756666666666666,61.70422856700579
P51659,68,0,2.141756440370989,10.170833333333333,63.29143644292335
P51659,81,0,2.0097251245360686,10.930833333333334,52.884880780060634
P51659,84,0,2.2063444412468964,10.7025,57.14305873092163
P51659,86,0,2.5605518044808524,10.546666666666667,59.13863274565151
P51659,91,0,3.2984108653191613,10.495,70.074429506335
P51659,99,0,5.670113045380941,10.206666666666665,60.750515213869136
P51659,109,0,4.593990385127536,10.065,45.21641946434229
P51659,115,0,2.8824676626510772,10.293333333333335,63.6456073813843
P51659,119,0,3.511590393393331,10.538333333333334,64.68582906972684
P51659,139,0,2.215660492079103,10.077272727272726,50.97921601341716
P51659,140,0,1.9203505979463629,10.400833333333333,69.16628288206017
P51659,142,0,2.0794710616056307,10.3225,65.62799597903076
P51659,168,0,4.1207822372121745,7.101666666666667,8.430202086520412
P51659,184,0,1.9206132486990524,10.239,78.50006537519987
P51659,214,0,2.461848583513956,10.551,44.76863779145062
P51659,246,0,2.3024268608082523,8.803333333333335,28.219625082463327
P51659,260,0,1.9482212086582464,10.663333333333332,53.92344713269073
P51659,270,0,2.2017857588025835,9.767,50.14969513319782
P51659,274,0,1.9407958490765551,10.5975,78.11475776288333
P51659,275,0,1.956486735928418,10.229166666666666,57.226109132547
P51659,284,0,2.0508432890255164,9.058333333333334,20.25025627734202
P51659,301,0,1.946239769252775,10.43,66.9897967637148
P51665,8,0,2.791872662077856,10.768333333333333,36.626290676800075
P51665,28,0,1.8963420732730525,10.4,76.52884252144304
P51665,33,0,1.9302795091128004,10.57,52.80887987236715
P51665,45,0,1.9441610311173436,10.411666666666667,75.30165789113452
P51665,46,0,2.1978591229365803,10.671666666666667,40.09706333562382
P51665,63,0,1.9247672001463405,10.65,67.70835754340713
P51665,83,0,2.217698158133969,9.8775,55.88526811593323
P51665,84,0,1.915651589181571,10.3625,70.45640844851872
P51665,100,0,1.9705667316266355,10.25,71.43538816965496
P51665,103,0,1.8896130120616792,10.581666666666667,74.41794860346458
P51665,113,0,2.1227139573878815,10.538333333333332,31.611927010896892
P51665,127,0,1.9542333637617162,10.631666666666666,50.96174883759634
P51665,129,0,1.8821837625643367,10.466666666666667,80.80621363992206
P51665,153,0,1.9630468973517987,10.926666666666668,27.029570513939692
P51665,180,0,1.8774937826743148,10.43,73.66386001060174
P51687,9,0,1.9831832533739329,10.465,64.32682575089942
P51687,46,0,1.975198271458992,10.855,54.17403278004582
P51687,78,0,2.075105051350945,11.195,28.337427534767723
P51813,14,0,1.9361704092969767,10.219,44.42930651495475
P51813,24,0,2.35598861171371,10.327,51.50360866590903
P51813,30,0,1.984564399711087,9.9755,34.78524538696481
P51813,32,0,2.100917592831637,10.133,45.67196512532837
P51813,33,0,1.9173627989543143,10.2835,67.86836932922998
P51813,54,0,1.9335505096445416,10.526,42.49945887277802
P51813,59,0,1.9277721631276006,10.3905,73.98062581611549
P51813,60,0,1.9211407011996573,10.290000000000001,69.07861717539404
P51813,64,0,2.189158638507463,10.1465,41.63763819558965
P51813,75,0,2.318393954289708,10.9075,43.30008885180686
P51813,89,0,2.0145623463709477,10.666,53.27008203637588
P51858,18,0,1.9528932729022106,10.4445,64.57635329239548
P51858,21,1,2.065132923672459,10.756,64.39430617935082
P51858,29,0,2.2710364984714855,10.0665,52.70820819028135
P51858,31,0,1.8888306022697137,10.431999999999999,81.36186484181783
P51858,49,0,1.902907129892214,10.407,78.57978328878471
P51858,54,0,1.9534601253582473,9.997,33.10699186520158
P51858,71,0,1.9093038448303097,10.4795,74.8787449784222
P51858,80,0,1.99568017454543,10.706,45.05487124336231
P51858,82,0,1.917484553721962,10.3065,64.61504887815838
P51858,85,0,1.9045103124162406,10.3395,66.4910149338337
P51858,88,0,1.9160071429500476,10.084999999999999,57.635838809837445
P51858,90,0,1.9420082395079514,10.458499999999999,78.55441656435315
P51858,106,0,1.8885008213317476,10.1535,70.09261529172537
P52209,37,0,2.3185804737547224,10.735,33.05135458655573
P52209,38,0,2.2523089351964134,10.28,43.34893451883444
P52209,47,0,1.9328941184996293,10.21,52.50869414933196
P52209,48,0,1.9481010018068539,10.33,61.3934840978282
P52209,50,0,1.894220619596458,10.3,55.42954083162185
P52209,51,0,1.9073531249692985,10.31,57.664608480061446
P52209,58,0,2.0820596164273075,10.395,71.7022544664388
P52209,59,0,1.9971623918917896,10.01952380952381,65.15783934096149
P52209,63,0,2.1740742810454905,10.91,32.88216673219054
P52209,64,0,2.305381237514972,10.67818181818182,26.998264166314218
P52209,65,0,2.0507466660915528,10.120000000000001,40.584713782784945
P52209,66,0,2.154884404902807,10.675833333333335,42.58889445238873
P52209,67,0,1.9200666048157218,10.759545454545455,51.64912197188562
P52209,75,0,2.0221471304102066,10.43,84.25458608862724
P52209,76,0,1.9940747037314732,9.684999999999999,61.03991316588084
P52209,86,0,1.9511943807040402,9.64,39.99550153561948
P52209,87,0,1.9654035613757423,9.912272727272727,50.44158568313073
P52209,116,0,2.0781782817216854,10.53,60.2919572236772
P52209,117,0,2.0939319194693464,10.764999999999999,54.15246110548978
P52209,118,0,1.9112217941091325,10.504999999999999,37.68793628171083
P52209,119,0,1.9420050436422216,10.502727272727272,47.1366941739047
P52209,146,0,1.9430820412809093,10.355,63.76256625788357
P52209,147,0,1.9507215988972377,10.052272727272728,55.77304394086216
P52209,153,0,2.352134053404911,10.43,47.636034856228974
P52209,154,0,2.269177795095802,10.364090909090908,45.12349258164576
P52209,162,0,1.9304678981076746,9.48,35.49021223344566
P52209,163,0,1.9450257467962577,9.51590909090909,33.80099482107078
P52209,183,0,2.5216761269396137,8.915,16.548372027707707
P52209,184,0,4.44403433537265,8.583636363636364,13.567513785750942
P52209,205,0,2.367895248658247,10.59,39.93273513239465
P52209,206,0,2.248577629412614,9.935238095238097,35.61827576731075
P52209,224,0,1.9223417782653924,10.39,51.958620910642466
P52209,225,0,1.933701067501418,10.59,56.36458263258738
P52209,240,0,2.135766136706764,11.004999999999999,34.84523671667898
P52209,241,0,2.091514584751897,10.772380952380953,46.20601180024494
P52209,247,0,2.3001616679377808,10.4,67.7421623893567
P52209,248,0,2.1752859799235025,10.371904761904762,61.78585231780062
P52209,252,0,1.8931512752605175,11.45,27.18107600132062
P52209,253,0,1.978415712034715,11.32611111111111,32.01284913864433
P52209,260,0,1.9050779548796608,10.355,69.57243463438402
P52209,261,0,1.982812322603589,8.706842105263158,60.595254397989095
P52209,264,0,2.3642731839891473,10.31,33.393280949483156
P52209,265,0,2.7332485923001566,8.957272727272727,25.069036215188373
P52209,293,0,2.44384552149789,10.23,23.095009331321926
P52209,294,0,2.5165593969803988,9.371666666666666,20.21248535247243
P52209,301,0,1.9157409713650053,10.315,56.942708568177466
P52209,302,0,1.9209969190428051,10.3265,63.92471334496314
P52209,303,0,1.9706813383506063,9.941666666666666,51.61531828287779
P52209,304,0,1.8706635920325514,10.415,75.52573635047494
P52209,305,0,1.980627983426512,10.214666666666666,59.999181514147494
P52209,308,0,1.8831194882313373,10.39,76.47088122781508
P52209,309,0,1.8934485520162638,10.41,66.84690963284707
P52209,315,0,2.1709085361218152,11.21,38.42169451586491
P52209,316,0,2.018920871683364,10.443333333333333,52.22028258105533
P52209,317,0,1.9233095843017523,10.651363636363635,74.25915983728179
P52209,324,0,2.9492809205997537,10.4,24.921158235991417
P52209,325,0,2.820547368181246,10.326363636363636,26.875511490863367
P52209,330,0,8.237979567320526,9.465,19.447587535580702
P52209,331,0,7.498440749718579,8.975,18.77997529674852
P52209,374,0,2.546591628968117,10.17,40.56658417517986
P52209,375,0,2.2868790026097865,10.203181818181818,38.320611689740524
P52209,376,0,2.5225589474286227,11.01,39.49307578550945
P52209,377,1,2.549242110889357,10.71,28.870750075127635
P52209,395,0,1.9785415230919647,10.95,45.6256282699341
P52209,396,0,2.2647509048429635,10.094444444444443,33.81220542124441
P52209,459,0,2.2439032946633524,10.34,64.87920609669388
P52209,460,0,2.19296600475958,10.223157894736843,57.783680541092856
P52756,1,0,1.8897734360340661,10.472249999999999,62.25662009381578
P52756,6,0,1.889717366028366,10.522,68.36494713551505
P52756,7,0,2.338279849383933,9.285,45.174531562294426
P52756,9,0,1.9311843812599734,10.9025,64.14644351833655
P52756,17,0,1.9303672641766219,10.37225,72.89003338014501
P52756,20,0,2.1854140223042178,10.48625,58.59955262688034
P52756,28,0,2.0495198138668256,10.0165,40.59165228468471
P52756,42,0,1.9141818192523847,10.445,33.302632911457714
P52756,44,0,1.8706799336335802,10.455,82.50139740084502
P52756,45,0,1.921196621090413,10.2175,62.06057244038548
P52756,47,0,1.9079369065590779,10.436499999999999,78.14591625335456
P52756,55,0,1.977744612244803,10.949000000000002,54.91611296223955
P52756,71,0,1.8847504497666128,10.45,79.26850221076027
P52756,72,0,1.997293935970863,10.22,56.69799159043221
P52756,78,0,2.207828533366313,10.4,84.03681808536355
P52756,81,0,1.948102386588299,10.418000000000001,55.357308744281895
P52756,85,0,2.1296964613403992,10.156,43.87635184675331
P52756,90,0,1.9471569357148433,9.285,58.361023114041096
P52756,93,0,1.886308186349509,10.4135,66.32496539962975
P52756,98,0,1.925682957849142,10.95,55.94410752834109
P52756,106,0,1.911551849983026,9.975,61.93841357354604
P52756,109,0,2.5159696658688615,10.195,44.30766470190623
P52756,117,0,2.6689839635574635,8.16,30.80230149582019
P52799,2,0,1.8959393591021545,10.385,70.33492207885669
P52799,17,0,2.067397780630443,9.8,40.16281752436193
P52799,33,0,2.3149561121161293,10.448,48.69539626148119
P52799,40,0,2.142561311554783,10.783,35.360399007005455
P52799,44,0,1.9324481267635345,10.281,65.41773725487378
P52799,53,0,2.366350920402419,9.532,30.114037450280925
P52799,59,0,2.052946969719068,10.757000000000001,58.631857853211656
P52799,68,0,2.112347713487112,10.578,41.412022755676695
P52799,69,0,1.888899152065815,10.5,70.98656366253522
P52799,79,0,1.9850494346696859,10.295,45.35965972688424
P52799,85,0,1.9391311903083106,10.53,55.96836324162068
P52799,89,0,2.0402508543820863,10.093,44.80117291036936
P52799,104,0,1.9569006541152216,10.423,71.28745951640983
P52799,106,0,1.9973513916181749,10.482,56.51543233233517
P52799,135,0,2.203729614317292,9.968,28.649394230253893
P52799,139,0,2.2141289551769163,10.534,48.39216057557813
P52907,4,0,22.534124913153537,10.495833333333334,52.72471500529234
P52907,9,0,18.543887321242075,10.442777777777778,71.3728922015616
P53990,7,0,2.1334232468798366,10.094375,57.81111554527669
P53990,11,0,2.3028043316642623,10.145,46.35814295699612
P53990,23,0,2.087186763294176,10.424000000000001,54.586544621247036
P53990,27,0,2.0274292389407895,10.600000000000001,61.68451725476608
P53990,28,0,2.016233112375093,10.220625,55.43654396524548
P53990,29,0,2.0934708859170374,9.78875,15.825175762605161
P53990,31,0,2.0621936917663986,10.925,59.26015674897553
P53990,32,0,2.173196750959481,10.425,62.561136142349795
P53990,33,0,2.57345750653972,10.475,17.05092867751165
P53990,35,0,1.9571855317944378,10.429375,66.26770619196417
P53990,38,0,2.265560401579179,10.645,65.59505561647632
P53990,39,0,1.9618815864115888,10.415,71.09353816488229
P53990,42,0,2.3208900092921536,11.184999999999999,52.118056737812154
P53990,48,0,2.0886332633483478,9.527999999999999,49.87611259128614
P53990,52,0,2.2080443313201004,10.225,58.95404781479139
P53990,90,0,1.90573061427371,10.451875,77.96497442460027
P53990,94,0,1.8833542222014428,10.435,81.78226720748422
P53990,118,0,2.1505009937316157,10.299375,46.482354494660505
P53990,122,0,2.344650359329573,10.585,47.0925229646962
P53990,127,0,2.151224466421554,8.648125,20.817332159084437
P53990,130,0,2.009527435086873,10.691875,60.16861698710032
P53990,131,0,2.251029691215032,9.455,16.163985076571606
P53990,134,1,1.9469687412534848,10.408823529411764,71.97658846242658
P53990,138,0,1.996349963032766,10.39,58.640935746983594
P53990,151,0,2.714246768104016,10.345,19.68825480404594
P53990,155,0,2.253873577718013,10.175,7.242009202532233
P53990,159,0,2.1070796998728367,9.920625,51.392234297600744
P53990,163,0,2.0886504942884296,11.08,54.871220912216685
P53990,171,0,1.920929759829061,10.373333333333333,64.4020167167369
P53990,175,0,1.9096379031926471,10.370000000000001,65.74283318965809
P54132,2,0,1.9071494744721433,10.393,69.7735194716602
P54132,4,0,1.9019153134313576,10.493,61.97432590456739
P54132,6,0,1.8986170945976273,10.3365,66.15600661972886
P54132,7,0,1.9467587566880875,10.732333333333335,58.493792491901864
P54132,8,0,1.9470287726347544,10.533,66.86653261258502
P54132,13,0,1.8887281356251056,10.3505,70.75001318944312
P54132,16,0,2.3345874676555844,10.315,42.35860425715738
P54132,18,0,2.160524610542736,10.500499999999999,55.46968449524851
P54132,22,0,1.9632520298552887,10.45125,62.83248466281892
P54132,23,0,1.9877345290120787,10.583,58.32928157451662
P54132,33,0,2.04684080591699,10.261,49.74767926578579
P54132,35,0,2.0793173378915646,9.972,47.198034662963956
P54132,37,0,1.8817302596814796,10.357000000000001,64.51281294473046
P54132,38,0,2.059673722628916,10.476,66.38751581835966
P54132,39,0,2.1692177452381896,10.5155,48.033911020821435
P54132,53,0,2.0724355716741,10.153,53.32784316255523
P54132,54,0,2.0409030113797018,10.52,41.292508062654036
P54132,56,0,1.8943863991274683,10.392,60.20873447078818
P54132,59,0,2.22889395882514,10.147,44.453558955742
P54132,61,0,2.411221600569781,10.272,52.03926003082313
P54132,64,0,1.939678822775041,10.8275,60.468233296467055
P54132,67,0,1.9983331260731838,9.995000000000001,36.06434483587389
P54132,75,0,1.9359661367582117,10.3405,58.618941325916126
P54132,76,0,2.6151102036769993,10.4035,25.96701733781789
P54132,79,0,1.9600387255592273,10.394499999999999,47.1765000270713
P54132,81,0,2.1702891040749344,10.849,38.024940816147634
P54132,82,0,2.1842269551766846,11.527,31.53851409923488
P54132,87,0,2.6548587838532995,11.056999999999999,38.5678865665043
P54132,90,0,2.1487482065586745,10.583,55.67772010627075
P54132,110,0,2.372372256072138,10.286,40.620040337676095
P54132,120,0,1.935293656362893,11.333,53.27778875585422
P54274,2,0,1.8933401336661657,10.374444444444444,73.50365969285866
P54274,12,0,1.9850842487044342,10.367777777777778,58.11552619228635
P54274,20,0,1.9527485034358476,11.008888888888889,58.10510512221091
P54274,28,0,2.2170686822150483,10.288888888888888,52.3144899090215
P54274,34,0,1.9534409889236954,10.765555555555556,64.16988974427296
P54274,44,0,2.286712210577976,10.297777777777778,52.98751250325748
P54274,51,0,1.9804714787939615,10.895555555555555,49.729057329887524
P54274,52,0,1.9303014385908976,10.391666666666667,70.31301783313391
P54277,9,0,1.9184183370929144,10.3215,74.79603764307794
P54277,10,0,1.9223427559826516,10.436499999999999,62.063511138513526
P54277,32,0,1.9026151304703487,10.4225,77.00849936063003
P54277,47,0,2.004682543164212,10.5985,63.743117835862435
P54277,54,0,2.593073727658103,10.264,36.95035250400256
P54277,56,0,1.9215856910256008,10.871,58.669437519084056
P54277,60,0,1.960917044305215,10.394499999999999,51.585061000438046
P54277,63,0,1.9615476830303056,10.578,67.00965915601789
P54277,73,0,1.973113941155722,10.389,69.49891973004385
P54277,85,0,1.885390539649371,10.385,70.79706508441532
P54652,26,0,2.291558129353504,10.54,66.21205950490284
P54652,30,0,2.208311318603571,9.58375,58.31319563838254
P54652,57,0,2.2626793431045202,11.795,34.07477748084783
P54652,61,0,2.2238399069654755,11.03,36.621762365514236
P54652,72,0,2.3057012910104913,12.045,17.136078928393324
P54652,76,0,2.361984270860768,12.43125,18.20247373782338
P54652,78,0,2.3151150029378176,10.69,65.91676615792713
P54652,82,0,2.333535203023964,10.8975,57.55995789353004
P54652,89,0,1.9107836829698588,10.325,68.0929081191606
P54652,93,0,1.9018391220665216,10.39875,68.95232596884283
P54652,101,0,2.422882098874709,11.245,45.20378764388097
P54652,103,0,3.304000218551998,11.059999999999999,8.89028178565394
P54652,105,0,2.4482685643416886,10.53,57.653318009588475
P54652,107,0,3.4275925655991233,11.09,9.334064472896975
P54652,109,0,1.934990947947017,10.399999999999999,54.93806156841417
P54652,113,0,1.9879419728230778,10.426,41.81530180513485
P54652,117,0,2.139818013374128,10.126249999999999,38.34984285576034
P54652,127,0,2.331596862885223,10.26,44.2880297478213
P54652,129,0,3.3900730496790636,11.219999999999999,33.452496698510984
P54652,131,0,2.412196683742115,9.9,34.89177564847572
P54652,133,0,2.8723895820473535,10.11375,23.865034961917043
P54652,139,0,1.941297734522614,10.225,65.45472296338511
P54652,143,0,1.9540501270937918,10.6225,65.89164568854471
P54652,160,1,2.623237583361157,10.21,45.38635999194741
P54652,164,0,2.536146485617432,10.27625,50.4962667990125
P54652,188,0,1.911558324334881,10.615,64.93691649924186
P54652,189,0,1.9361632048185853,11.145,43.99229461437867
P54652,192,0,1.9112492591888957,10.6175,69.30971894872758
P54652,193,0,2.0054833670468892,11.18875,43.222710770250465
P54652,196,0,2.6178555251637414,10.115,31.39714242982334
P54652,200,0,2.5186977741189316,9.79,29.02586174990907
P54652,223,0,1.9715391662570951,11.48,37.91820520574193
P54652,227,0,2.0432289880287735,10.5925,34.990044503055394
P54652,249,0,2.163459592607511,11.055,45.06655567728902
P54652,251,0,1.9573196791108054,10.83,40.352628625501
P54652,253,0,2.1618912482827,10.65,47.41705275830438
P54652,254,0,2.051019456791771,11.085,29.634643501312517
P54652,255,0,1.9429823038319736,10.879999999999999,44.96700318758604
P54652,257,0,2.001053583096982,10.271428571428572,70.11836115777034
P54652,258,0,2.1817481729458565,10.046000000000001,18.27163377297213
P54652,260,0,1.8917763468494009,10.355,80.99673814439288
P54652,264,0,1.9909474833613285,9.47625,58.08668598993562
P54652,274,0,2.4219609197896106,10.434999999999999,18.061408864569415
P54652,278,0,2.5713103229598033,9.79625,24.30823269115296
P54652,322,0,2.5694809099083527,10.765,58.233412274950744
P54652,326,0,2.353074366440284,10.37875,50.86164056960969
P54652,328,0,1.9692746213409698,10.295,65.65316689933687
P54652,331,0,1.9221425921826332,10.275,37.021951364073274
P54652,332,0,1.9695229012072266,10.395,72.3787440845118
P54652,335,0,1.933603519883537,10.27375,39.53761031574334
P54652,348,0,2.3931187585933493,10.26,39.06542648553953
P54652,351,0,2.153341665233093,10.885,65.72488356913209
P54652,352,0,2.34441164055473,9.885,41.22581957735073
P54652,355,0,2.0856636277335547,10.665,62.49084709734116
P54652,360,0,2.1616412972874715,8.05,17.644444252114056
P54652,364,0,2.03483684018702,10.134,44.04335531247656
P54652,368,0,1.9423786866282955,9.31125,39.77744309865997
P54652,387,0,1.9310307915680294,9.965,49.20346051590596
P54725,3,0,1.9556359796441347,10.535128205128204,70.14769096033835
P54725,8,0,3.175010823780662,10.017999999999999,23.821761159360015
P54725,10,0,2.1991916200002097,10.676410256410255,46.37982993160305
P54725,16,0,1.9405212073534828,10.4044,54.799586054730156
P54725,26,0,2.3288144322600335,10.8476,55.016867765631
P54725,28,0,2.0784664382814007,10.44025641025641,37.77231497958904
P54725,29,1,3.361926037032219,9.378400000000001,9.722430774727622
P54725,31,0,2.0654494065192592,10.1692,38.03984898228586
P54725,36,0,2.0733750289588686,10.2284,30.9154381012576
P54725,47,0,2.6363636992921373,10.2236,47.274821077903916
P54725,53,0,2.1011500185253023,10.3248,62.76471985478251
P54725,69,0,1.9164138855253423,10.5952,75.93925568298687
P54725,78,0,1.8779978959446308,10.391739130434782,69.47278155111194
P54725,80,0,1.8867939336201545,10.348333333333333,69.6523816224332
P54725,122,0,1.9038796728847605,10.443333333333333,70.01151856803146
P54725,321,0,2.2698475784702814,10.460833333333333,57.68423897165682
P54725,328,0,2.28525735622503,10.795,37.41909012705676
P54725,346,0,1.96049735044798,10.6875,47.29002060494415
P54762,33,0,1.9712257454187774,10.3655,74.15126011209829
P54762,48,0,2.0045225076220503,10.631,60.38731274194451
P54762,72,0,1.9671892470215844,10.358,68.47900494754828
P54762,73,0,2.0276845828769168,9.9175,49.147610525257534
P54762,90,0,2.1660166226126734,10.256499999999999,65.60173968209607
P54762,94,0,1.9298875021431354,10.7215,55.11905493892293
P55196,2,0,1.8960684656126658,10.4215,72.05289220399524
P55196,8,0,1.9275522917248473,10.301282051282051,65.02007304709338
P55196,12,0,2.0085821480680064,10.3375,63.54380505319242
P55196,13,0,2.0575869963532294,9.964,32.721328642049954
P55196,18,0,1.9469360725754494,10.548717948717949,66.86135764842031
P55196,19,0,1.937562288998999,10.333846153846153,53.63672435926305
P55196,25,0,1.9097238965149106,10.3385,54.65310111602567
P55196,31,0,2.050943432796842,10.453728813559321,48.91944035040763
P55196,37,0,1.9962690376089234,10.359152542372883,61.93952427963517
P55196,41,0,1.8961770288265565,10.727500000000001,73.94485911100361
P55196,43,0,2.0314356442337003,10.367179487179486,58.78169319475453
P55196,47,0,2.00223278030484,10.547435897435898,68.25412619600877
P55196,90,0,2.059799374899778,10.5275,44.223993617565625
P55196,96,0,1.979332897839718,10.39948717948718,52.50236187663957
P55773,37,0,2.0553813560444736,10.458,64.96622166821363
P55773,45,0,1.936567562784927,10.537,71.91891527645824
P55773,46,0,1.8965523818563137,10.244333333333334,64.79061100220109
P55773,57,0,2.0365271212188762,10.458,72.96483982813167
P55773,67,0,1.9385576605328851,10.381666666666666,61.05759935077285
P55773,73,0,1.9068726349165197,10.365333333333332,71.46401920520313
P55773,76,0,1.8940404353430895,10.418000000000001,76.42797667147794
P55795,29,0,2.0588354602348238,9.947,45.92165792768798
P55795,72,0,1.9356428786501205,10.3985,53.76491396799357
P55795,74,0,2.2664526584665525,10.0705,44.358509415509175
P55795,75,0,1.89828345463637,10.418000000000001,71.18989506580795
P55795,76,0,2.169765825707449,10.24775,44.94869686539418
P55795,78,0,2.0412987960966893,10.560500000000001,55.669093816442775
P55795,90,0,1.9656837873769102,9.7125,29.10286840358401
P55884,5,0,1.9567588159408336,10.478125,63.62535883498421
P55884,33,0,1.936981702557377,10.35,66.57127689927131
P55884,35,0,2.1968777555405383,10.826875,48.61927154449389
P55884,40,0,1.9591908091633703,10.361875,67.74131972257723
P55884,44,0,1.915109546954057,10.14375,65.71950850045134
P55884,47,0,2.0240691751439943,10.365,75.7488466974959
P55884,59,0,2.0684537250737107,10.60125,56.81707554164963
P55884,61,0,2.594556345258829,9.34,9.156576759815453
P55884,79,0,2.008675968602536,10.705625,51.091936082641105
P55884,85,0,1.9320086731591368,10.285625,62.27382563139425
P55884,88,0,1.88139468544753,10.400625,61.96440943463141
P55884,102,0,1.942099332317654,10.618125,51.819754743184475
P56192,11,0,2.0636214968919573,10.298,65.65848469940153
P56192,24,0,2.1580856791828262,10.663,59.64239040014699
P56192,33,0,1.9881808092799673,10.125,63.50186315502083
P56192,36,0,1.964671940619177,10.414,70.68779001994797
P56192,39,0,1.9322673604145535,10.381,81.25565283018771
P56192,47,0,2.132761143391664,8.343333333333334,33.22599659483342
P56192,48,0,2.0434182215121455,10.6795,47.08336489486176
P56192,53,0,1.9903550716419496,10.205499999999999,58.528190204381715
P56192,54,0,2.0914970955252823,10.507000000000001,59.863169096370356
P56192,62,0,1.9137188255433955,10.652,62.64103567925993
P56192,68,0,1.8923290925723293,10.4505,74.59990408672351
P56192,70,0,1.8826376147886457,10.404,70.42403859046354
P56192,71,0,1.904788570034103,10.311,72.01627955961153
P56192,72,0,1.909905114128393,10.331999999999999,69.87595829961367
P56192,73,0,1.9003742796689516,10.3885,72.13976051335933
P56192,108,0,2.121258757606425,10.586666666666666,41.32800042382412
P56192,109,0,1.898186456993325,10.323333333333332,65.0722122411949
P56192,191,0,1.9856852326987375,10.636666666666667,33.28610137094898
P56192,204,0,1.915697212050171,10.295,65.69093146102688
P60174,5,0,2.0054602195519706,10.324310344827586,50.94094349731151
P60174,13,0,2.333967836337539,10.556600000000001,31.43220718532669
P60174,18,0,1.9575982147964133,10.071063829787233,55.4356060828642
P60174,32,0,1.9300605786253708,10.354655172413795,76.1840850764865
P60174,54,0,1.9913327228965578,10.018181818181818,47.28182325952977
P60174,58,0,1.9438685849645623,10.176666666666666,37.9315696051919
P60174,68,0,2.3453363327950774,9.577735849056603,32.562961654102565
P60174,84,0,2.185878390827769,10.100370370370369,45.59986405888573
P60174,112,0,3.9686587053722624,9.748070175438595,5.654899501385102
P60174,130,0,2.3531812322376675,10.598571428571429,43.29045019309624
P60174,141,0,1.9566241317047233,10.573448275862068,69.12442196867046
P60174,148,0,2.3186147732077402,11.06844827586207,53.31955399586133
P60174,155,0,1.8891743693311793,10.30655172413793,78.67700316851129
P60174,159,0,2.1412925450669373,10.196896551724137,52.5578791450919
P60174,174,0,1.9565364905334024,10.522758620689656,54.22863713597778
P60174,187,0,1.9984542149122755,10.87396551724138,41.219127612611516
P60174,193,0,2.1823150430719194,10.72896551724138,53.387092595685324
P60174,218,0,1.9721888697577943,10.75,64.5351283521594
P60174,237,0,2.238324382469041,10.581034482758621,60.5074762347862
P60174,247,0,1.996502259318955,10.111272727272727,51.28753060744352
P60709,17,0,2.7087851871408093,8.9725,27.07323101600911
P60709,18,0,3.51983281101665,10.227333333333332,21.845535755634664
P60709,49,0,1.9052772507274165,10.51,57.70191043033326
P60709,50,1,1.9203153656952723,10.768666666666666,48.71228341282502
P60709,60,0,1.9667443648665928,10.2325,38.82261573458669
P60709,61,1,2.086536011868607,10.59769230769231,45.25873530769713
P60709,67,0,2.273597744940162,9.870000000000001,58.05043904657174
P60709,68,1,2.2405382801026175,9.572000000000001,53.561761460969166
P60709,83,0,1.9594959161850531,10.2425,37.939615486925376
P60709,84,1,1.9673929411181612,10.081999999999999,36.09780061597306
P60709,112,0,2.0811536617074338,10.3275,60.15953582083604
P60709,113,1,2.109301169066929,9.927333333333333,48.687615365509636
P60709,117,0,2.379811914797468,10.325,33.90343796276415
P60709,118,0,2.3277661053818925,10.245333333333333,33.42869695249848
P60709,190,0,1.916132879975375,9.5725,52.77566407504014
P60709,191,1,1.994329003568246,8.697333333333335,41.424730934292775
P60709,212,0,2.9119470018280174,9.285,11.495578393337174
P60709,213,0,2.8531219628306945,9.762,14.009664094311185
P60709,214,0,1.9303493946632873,10.85,39.951044727078845
P60709,215,1,1.9232748682626881,11.457333333333334,51.32485149850437
P60709,237,0,1.9869261089220074,10.085,54.74489452637273
P60709,238,0,2.0595695268403476,9.825999999999999,44.05838477899779
P60709,283,0,1.922606158218569,9.8325,40.153031135996756
P60709,284,0,1.9621864515021048,8.645333333333333,26.183106552507308
P60709,290,0,2.0464463718609136,10.29,53.32826531406806
P60709,291,1,2.0123549222504953,9.706,46.586404752387416
P60709,314,0,1.9666879464742195,10.4475,62.91301088201358
P60709,315,1,1.948049446765698,10.484,45.38114145748395
P60709,325,0,1.933820960263125,10.3775,78.51191834248247
P60709,326,1,1.966199651808709,10.158666666666667,67.30132712688797
P60709,327,0,2.285072252778918,10.355,77.4074030878196
P60709,328,0,2.324460331677349,9.856,55.60924429473032
P60709,335,0,2.042165695864449,10.3725,63.82958690116015
P60709,336,0,2.1051439902552778,9.560666666666666,48.04676755242393
P60709,358,0,2.058358303259494,10.665,57.97269280962627
P60709,359,0,2.127700177502221,10.192666666666668,39.998332241500066
P60709,372,0,2.0274337502458306,10.5825,46.80476453135059
P60709,373,0,1.875843308910742,9.723333333333334,49.45000281716059
P61011,9,0,2.021920314536663,9.525,25.32855080833037
P61011,17,0,2.294471475585168,10.72,13.550932662024822
P61011,33,0,2.06780365721714,9.379999999999999,53.953515883210244
P61011,41,0,2.199162593609034,9.02,33.98355675666156
P61011,47,0,2.0213652042057695,10.355,61.83012680176762
P61011,50,0,2.0393521059332627,9.475,51.51909246345117
P61011,55,0,2.0671977195604736,10.030000000000001,62.667737580569266
P61011,57,0,2.0857894293325057,10.254999999999999,32.412498630478865
P61011,58,0,1.9579204401576322,9.765,56.44471704519827
P61011,65,0,2.071524073279251,9.77,29.379421823131818
P61011,71,0,2.4575362141205748,10.155000000000001,48.25587763176694
P61011,73,0,2.106840545646083,10.265,49.02802220115705
P61011,79,0,2.5100936511092105,9.895,30.720652811750337
P61011,81,0,2.0572296712141513,10.2225,63.549142488211174
P61011,85,0,1.9294168453755678,10.84,53.02268815989038
P61011,89,0,2.1607453543471378,10.215,60.600193277887215
P61011,92,0,1.901763113261126,10.305,73.47632165539798
P61011,93,0,1.9314358318543308,11.149999999999999,46.717888040755625
P61011,98,0,1.9158837907124286,10.989999999999998,42.6863901806513
P61011,100,0,10.757707903785468,10.404,69.48662988503285
P61011,106,0,16.443023817701896,11.143333333333333,47.50810222205778
P61011,108,0,14.10382257214369,10.643333333333333,51.96460411748446
P61011,114,0,2.544935714129591,11.785,4.210306841971133
P61011,120,0,2.210483256333998,9.51,9.617789559424303
P61011,122,0,14.657264572793176,10.75,17.477116264233015
P61011,127,0,17.546816253842508,8.626666666666667,11.461108140610285
P61011,128,0,1.9458945586787335,10.524999999999999,53.57776831187152
P61011,131,0,2.187767686390296,10.399999999999999,54.85065329781273
P61011,135,0,1.9132483712710817,9.455,38.36974369984851
P61011,138,0,16.296476350659002,10.213333333333333,48.67931632491641
P61011,149,0,2.2741800673851884,11.535,43.30224051552533
P61011,154,0,1.9333251914875482,10.2,67.57678698857632
P61011,156,0,14.245168745254611,10.736666666666666,48.03979496206222
P61011,161,0,17.17858416410767,10.11,61.3684381272299
P61011,178,0,1.9713064956276147,10.48,54.96075630284401
P61011,180,0,2.186872985910327,10.185,52.297438405839785
P61011,185,0,12.55912852380375,10.48,52.033839147249516
P61011,187,0,12.700083511591627,9.9,42.475990739323386
P61011,196,0,1.9693257555910069,10.375,79.34403133414033
P61011,203,0,19.554260700422617,10.39,66.04637321734945
P61011,234,0,2.238544365375205,10.184999999999999,59.758017372260824
P61011,237,0,2.411028618107353,11.14,43.50281157150296
P61011,239,0,1.9409926093669807,10.33,48.357913943161655
P61011,241,0,23.188344543343987,10.485,58.68907410941516
P61011,244,0,23.449652157388595,10.12,38.1020211009004
P61011,246,0,19.787636611930296,10.25,42.2513368667452
P61011,249,0,1.972750810665913,9.780000000000001,43.092539205898206
P61011,255,0,2.698626458166598,10.61,19.397943826669287
P61011,256,0,17.507708232843694,10.799999999999999,49.75177751703563
P61011,262,0,3.3891445582148068,8.565,11.486137252914666
P61011,267,0,2.258310014329583,10.364999999999998,68.16994258902051
P61011,274,0,16.960258391386056,10.376666666666667,68.14405717455186
P61011,286,0,1.9255421605302359,10.254999999999999,66.51803753939309
P61011,293,0,2.0759811655138263,10.315,69.00201467452402
P61011,300,0,2.040102267466314,10.39,47.332543915922805
P61088,10,0,2.2561731295874834,9.519655172413794,49.95412173725762
P61088,13,0,2.0552409410303727,9.684999999999999,51.05354770209733
P61088,18,0,1.9446804204593608,10.02,58.94491756114188
P61088,24,0,2.057405751554487,10.560645161290322,59.53392712491034
P61088,27,0,1.971871873520476,10.375,72.81720897169015
P61088,32,0,1.9746561739506014,10.98,64.23179257312833
P61088,53,0,2.478760820422268,10.095161290322581,44.67485681704166
P61088,56,0,2.508346469547683,10.355,55.373024888780705
P61088,61,0,2.3190505007426694,10.475000000000001,72.3201010216448
P61088,68,0,2.118438652236574,9.266774193548386,54.36449025120566
P61088,71,0,1.9455600319301811,10.09,76.31751587395
P61088,74,1,2.208977093321649,10.443939393939393,49.08826779360999
P61088,76,0,2.057897035173559,9.465,62.72957132347507
P61088,77,0,2.159728286535575,10.274999999999999,50.07045827598806
P61088,82,0,1.9083346587280812,10.298571428571428,69.70702195966031
P61088,85,0,1.8981507338231642,8.879999999999999,61.28249156987701
P61088,87,0,2.1073655491461714,9.856842105263159,30.051266224435782
P61088,90,0,1.8960151358739745,10.695,62.50998708695853
P61088,92,0,2.0108659833111595,9.784705882352942,55.67111429171802
P61088,94,0,2.335587598236873,9.30793103448276,44.261435105269754
P61088,97,0,1.922896163071599,11.095,50.19199864177381
P61088,100,0,1.8883401054523006,10.485,39.53421101431738
P61088,102,0,1.9015230289890588,10.875,53.053891374423685
P61088,130,0,1.9856791857904168,10.4546875,48.10451463415697
P61088,133,0,1.9552356141039022,10.825,41.490719651649115
P61088,138,0,1.9539421829460863,10.85,37.6561112936315
P61224,5,1,2.6367337634893455,9.977567567567569,35.11033955283431
P61224,16,0,3.172868686523535,9.06625,11.799521755710378
P61224,31,0,1.9480017222152648,10.268055555555556,61.19577415877115
P61224,42,0,2.3367172554339355,9.681052631578947,37.620832103761174
P61224,73,0,2.311922315170357,9.932564102564102,57.8159714729038
P61224,104,0,2.1490300204817196,9.101025641025641,25.018540475897584
P61224,117,0,2.668281420336463,9.15625,34.57867339814497
P61224,128,1,2.140064294152473,10.37925,49.94946278017816
P61224,149,0,2.0131197740872144,10.31075,50.2708223468247
P61224,151,0,2.1751843786472187,9.90325,50.900760761254666
P61769,1,0,1.891213827879062,10.215,55.37835905130712
P61769,2,0,1.8801497235790579,10.338181818181818,79.14185378191938
P61769,5,0,2.0436334079796588,10.231176470588236,64.23211789736759
P61769,6,0,2.4922944300043497,9.310502070393374,53.24870211551998
P61769,7,0,2.236943781732013,9.589448818897637,55.63645021569109
P61769,8,0,2.1893420063530247,9.187096774193549,50.65265524963892
P61769,9,0,1.9583412323757727,10.343333333333334,74.18965953730373
P61769,10,0,5.06869389015907,10.1425,64.40095588380092
P61769,16,0,3.9555103772182685,9.482777777777777,58.46741911246319
P61769,18,0,2.1352940132847293,10.444166666666666,50.66126040901901
P61769,19,0,2.6326713409954854,10.404350046425256,52.37064284424278
P61769,20,0,2.3355169326793677,10.268188976377953,49.27870542203725
P61769,21,0,2.140403791320398,10.15,51.18724755861558
P61769,22,0,2.1236283031002117,10.43,55.34057812715536
P61769,29,0,2.005348185356725,11.12,65.05646064469565
P61769,40,0,2.0961720763621705,10.783333333333333,48.76295577516433
P61769,41,0,2.648012208354095,10.84140462165836,42.101681398962945
P61769,42,0,2.3166906298171472,10.891127819548872,41.41513319813997
P61769,43,0,2.1649953466561094,10.880322580645162,43.80185720043
P61769,44,0,2.1407065948772512,10.98,42.739044582522425
P61769,47,0,1.9641609188532587,10.163333333333334,75.15862815893358
P61769,48,0,2.4209050483994057,10.467523020257827,70.52564383988513
P61769,49,0,2.1433525068174295,10.487218045112781,71.34541045944795
P61769,50,0,1.928231067091946,10.548064516129033,71.0423157423239
P61769,51,0,1.9689760719357894,10.483333333333333,71.30942993920009
P61769,57,0,2.64080583905887,5.1325,17.944834505920976
P61769,58,0,2.4569306685056373,9.636384839650146,62.1985028026402
P61769,59,0,2.002000602419939,9.403939393939394,59.594394242382876
P61769,60,0,2.0174282769816823,8.81842105263158,58.52270576556199
P61769,61,1,1.9061241509857347,9.875,66.29233374218674
P61769,74,0,1.9060041691710332,10.533333333333333,75.38391744044259
P61769,75,0,2.320354762623704,10.548767685988132,71.9129793372906
P61769,76,0,2.013760879428967,10.521804511278196,71.85111829793566
P61769,77,0,1.9032997932404367,10.54516129032258,76.57599368201645
P61769,78,1,1.9025519395549189,11.05,67.29975414889961
P61769,85,0,1.9055973107701247,10.45,83.59303539812052
P61769,90,0,2.2577603132605,9.909999999999998,43.3922281050952
P61769,91,0,2.637263590776762,9.556618671620994,48.7866906494246
P61769,92,0,2.3498571769932886,9.69654135338346,49.082156852198274
P61769,93,0,2.183164063606272,10.145116279069768,53.338866476923286
P61769,94,0,2.315362410300611,10.448984411903638,62.57359418991207
P61769,95,0,2.064760936039712,10.495877862595421,61.96539452352537
P61769,96,0,1.993089856767051,10.565,58.9993969229121
P61769,97,0,1.9656113139899407,10.565000000000001,79.96462678291822
P61769,101,0,2.201020692233948,8.21,28.227013642963435
P61769,104,0,2.004534982524193,10.66,75.26195710480556
P61981,10,0,2.7798427684890608,8.157272727272728,34.28209433355084
P61981,28,1,2.6633372787879748,11.080833333333333,34.88692281503209
P61981,50,0,2.1591598015295848,9.175833333333333,45.62708452902873
P61981,69,0,1.933790604906717,10.316666666666666,66.11645909512485
P61981,77,0,2.0111283820003627,10.608181818181817,61.93458921998904
P61981,78,0,2.2847093033694597,9.943000000000001,36.45856235402185
P61981,88,0,1.9826171256021394,10.0025,53.6659783430981
P61981,91,0,2.0315094499165727,10.899166666666666,57.938067113512865
P61981,110,0,1.9418549769653668,10.39,61.474439608519
P61981,120,0,2.9114564968281806,10.526250000000001,38.338949546858636
P61981,125,0,3.0009756175889817,9.906666666666666,29.492914584819705
P61981,127,0,3.4859233959814584,10.749166666666667,26.45427454048193
P61981,142,0,2.0727420934733396,10.470833333333333,62.882612155182365
P61981,152,0,1.9782280612927485,10.520833333333334,62.824029088008395
P61981,162,0,2.1432342385437866,9.623636363636363,43.00975109949282
P61981,198,0,2.302265249027675,10.878333333333332,57.62783483897088
P61981,217,0,2.039648013808622,10.721666666666666,66.55138423641401
P62258,12,0,2.166024705427826,10.916666666666666,40.00244467355008
P62258,28,0,2.224370974569152,10.535714285714286,29.940518686043276
P62258,29,0,1.9906010898797994,9.897142857142857,51.98701913173507
P62258,50,0,1.98776300496004,9.694285714285714,68.65645467634361
P62258,69,0,2.071911343141091,10.306000000000001,65.76131622643669
P62258,73,0,1.9273969932817445,10.627142857142857,52.45120347127017
P62258,78,0,2.267304096854327,10.338333333333333,50.446734900256295
P62258,80,0,1.9352043522786329,10.475999999999999,72.64970317839158
P62258,94,0,2.4176600745128813,10.59,59.95188215642064
P62258,106,0,1.9452503677516226,10.852857142857143,58.32995079920168
P62258,118,1,3.0525588366598795,10.437142857142858,42.67555823098112
P62258,123,0,2.666725761734682,9.452857142857143,19.815427362911176
P62258,125,0,3.3940219412401027,10.135714285714286,34.03968935039914
P62258,142,1,1.9712273623434913,10.391428571428573,66.0102612642949
P62258,153,0,2.1241978490308218,10.195714285714287,56.858979513972415
P62258,196,0,2.2839313585293195,10.675714285714287,53.90852378842134
P62258,215,0,1.9754172842651887,10.56,68.56143552353974
P62328,10,0,2.00838973572138,7.98,28.47159972101479
P62328,13,0,1.909850859256157,10.45,70.88627486205405
P62328,24,0,2.163658996371169,10.36,59.13648926316392
P62328,48,0,3.013530607240769,9.69,33.219789767681014
P62328,111,0,1.8707340797053984,10.26,70.35508390420958
P62328,115,0,2.3091654689545003,10.13,37.4715427252331
P62328,117,0,2.0133889842937656,10.54,45.56804876708003
P62328,124,0,1.9862602585741265,9.71,39.33771421131239
P62328,127,0,2.053828357568657,4.78,13.082639007099091
P62491,13,0,2.448585901397073,8.661,14.754872779189117
P62491,24,0,2.582401222764173,9.076,11.30051166948803
P62491,41,0,2.005569377450802,9.913,50.95443372636892
P62491,58,0,2.299615544154418,11.236,45.02019100570978
P62491,61,0,3.00829243882744,10.381,38.85698181297386
P62491,95,0,2.2474590885485513,10.253,60.335811893625895
P62491,107,0,2.166980215367209,10.727,66.1202006447088
P62491,125,0,2.616233866320353,10.358,28.636513700374174
P62491,145,0,1.9151302213142263,10.404,71.60758453531828
P62820,13,0,2.455719439444506,9.9725,40.00941780932718
P62820,24,0,2.5093882085931902,8.935,5.53602621686255
P62820,49,0,2.321690204127491,10.885,26.89060958055747
P62820,58,0,2.4238119245210923,11.325,38.977396441392074
P62820,61,0,2.868850358982418,9.785,27.218881469164998
P62820,103,0,2.100702063126397,10.305,64.02109315333523
P62820,119,0,2.032060343247727,8.67,31.87596532887711
P62820,125,0,2.519857965265458,11.333333333333334,34.74516390069276
P62820,131,0,1.9319187776141298,10.205,49.267887708997165
P62820,132,0,2.1233104442065978,10.3475,17.701999211275528
P62820,140,0,2.3386246855777535,11.1175,47.94679891077744
P62820,156,0,1.9617862066115996,11.035,53.87155631236738
P62820,173,0,3.7143547213778567,8.293333333333335,11.42617973895475
P62820,174,0,2.1452416668114993,10.846666666666666,56.99038878168039
P62826,12,0,2.6244448137765923,8.62431818181818,20.097483690840786
P62826,23,0,2.701145875391325,9.58090909090909,7.455705184068071
P62826,28,0,2.241883094659202,10.426363636363636,33.66434074687745
P62826,37,0,2.123603022391403,11.315454545454545,37.25750164450425
P62826,38,0,2.0595949857630647,10.15953488372093,61.25857117290633
P62826,60,1,3.0300319060748646,9.685,28.303556495222953
P62826,71,0,1.987970857012581,10.273720930232559,63.36567115605511
P62826,99,0,1.9675299122726655,10.185,68.32594155547707
P62826,123,0,2.68717151140562,10.682954545454546,34.07546544798906
P62826,127,0,1.916921149287802,10.458409090909091,72.8169501472954
P62826,130,0,2.0578915127589523,10.861818181818181,36.77788293481143
P62826,132,0,2.2412113824547477,10.025454545454545,58.72600790429788
P62826,134,0,1.9467039368137458,10.271162790697673,69.1138831130723
P62826,141,0,1.9485500227218049,10.13813953488372,67.75092353631119
P62826,142,0,2.0713822665326385,9.562727272727273,36.23312898368314
P62826,152,0,2.32769316540405,10.26,52.478566394783755
P62826,159,0,2.1247091759352963,10.264090909090909,42.04750968088183
P62826,167,0,1.9655766516896256,9.862954545454546,47.53713046876046
P62937,27,0,2.0393910639934614,10.42,40.36357511240335
P62937,28,1,2.196776323410214,10.545770171149146,48.00040127526981
P62937,30,0,7.069821213511613,11.089999999999998,49.38606558889586
P62937,31,1,2.3609316033376957,10.82267156862745,39.61820177624379
P62937,33,0,15.391756273142347,11.29,29.635265274858533
P62937,43,0,2.016096673183939,10.56,46.52112943836282
P62937,44,0,2.0898059554988735,10.288268292682925,39.61030013297329
P62937,46,0,20.967444805627228,10.275,47.43183133374564
P62937,48,0,1.9976900899819483,11.39,49.99798893295289
P62937,49,0,2.0753481849035254,10.93529268292683,53.161681844801706
P62937,51,0,21.706182676348288,11.29,56.46865532672015
P62937,55,0,2.532972966002509,10.15,55.61424029971416
P62937,75,0,2.4321151209939664,10.0,35.80545142127931
P62937,76,0,2.516829232002184,10.11786240786241,45.61125089240601
P62937,78,0,21.703700446949767,10.295,50.8773076267233
P62937,81,0,1.9338571751556333,9.58,33.513135981709965
P62937,82,0,2.148457208396588,10.213390663390664,48.92757140024391
P62937,84,0,19.834449775860534,10.379999999999999,48.7313544073954
P62937,90,0,1.9834075253166683,11.6,58.40246922962204
P62937,91,0,2.088317733700103,10.410851581508515,53.94069042037937
P62937,93,0,10.137814148863887,10.35,48.27525078646407
P62937,117,0,1.967756403419009,11.25,45.14377013422802
P62937,118,0,2.0799613440346136,10.674617283950617,51.5026063338239
P62937,120,0,5.877795906931212,10.514,53.181397493758915
P62937,124,0,1.9662336524419928,10.2,62.43640509652524
P62937,125,0,1.995258413624,10.133225806451613,55.766435798467484
P62937,130,0,2.3166400098854942,10.06,42.9291109380646
P62937,131,0,2.612986661727233,10.219609756097562,46.83051102452825
P62937,132,0,1.988860189679296,11.45,38.6862264347742
P62937,133,0,2.2371368768092976,10.66774818401937,45.56572910089424
P62937,135,0,12.170377928730808,10.68,50.14935806648603
P62937,150,0,2.104588620460528,10.19,51.794750856341935
P62937,151,0,2.1155537247055007,10.178488664987405,64.76539470663165
P62937,153,0,16.408687384240455,10.729999999999999,58.30752331831355
P62937,154,0,2.1006600229939902,10.486280788177341,43.657763116917465
P62937,155,0,2.143274571269692,10.604516129032257,59.14628790104448
P62937,156,0,23.69219344984763,10.58,46.08416989766431
P62937,157,0,23.669134726002568,10.55,65.38451164006972
P62942,2,0,1.955753062552586,10.597999999999999,54.37014342895382
P62942,7,0,3.5356722060175736,10.8275,24.64046838611639
P62942,8,0,2.0374935292427185,10.56,48.51371730382562
P62942,9,0,1.9200374932692224,10.25,71.86399740071346
P62942,11,0,2.6289311502586674,9.85,44.721618621401895
P62942,17,0,2.106508532889169,10.300714285714285,63.180376545546366
P62942,18,0,2.098963105238786,10.3875,74.49287231576037
P62942,19,0,2.2041631450108525,10.378,68.49370989191172
P62942,21,0,1.8992986025867522,10.135,48.998880656802655
P62942,25,0,2.314248227668587,9.25,17.354779591976037
P62942,26,0,1.933454940362804,10.66,58.53677231556301
P62942,27,0,3.754845247490756,9.25,9.270414496738304
P62942,34,0,2.115805138439642,10.319503546099291,63.57163176350267
P62942,35,0,1.9837135430275106,10.66034722222222,47.50691230747922
P62942,36,0,2.000907983227284,10.71,59.451848442383636
P62942,37,0,1.9301751658846111,11.204,41.96784249092837
P62942,38,0,1.967280670487573,10.46,74.13423987939899
P62942,39,0,1.9434619139469573,10.82,39.30147953979482
P62942,42,0,1.913910721465459,10.67,47.86798911381902
P62942,44,0,2.0596016368007835,10.100431654676258,65.87252253225128
P62942,45,0,2.080682850285565,10.265,72.3250424850895
P62942,46,0,2.098686256605094,10.184000000000001,63.57653488540584
P62942,47,0,1.9560573634313583,10.655211267605633,46.54098309633774
P62942,48,1,1.9784068430162596,10.48625,60.21058670145687
P62942,49,0,1.9122903570860017,10.99,44.48658822100521
P62942,51,0,1.9054724608605598,10.6975,46.266856782962904
P62942,52,0,1.9512994416332186,10.492043795620438,48.25998998419426
P62942,53,0,1.9672170143788406,10.656,48.217484751546195
P62942,54,0,1.9469358405738713,10.48,54.19278743368928
P62942,56,0,1.9356001065617785,10.4225,49.42685720600733
P62942,59,0,2.0713977712431952,10.47,44.17517784921812
P62942,61,0,2.0269681911050457,11.015,40.59300136965497
P62942,73,0,2.5191361240351218,10.531901408450704,45.264446976857016
P62942,74,0,2.537729498221497,10.73,51.841400234755405
P62942,75,0,2.697726736957373,10.556000000000001,51.441779831741734
P62942,77,0,2.7687681560235733,11.4275,36.260622381891615
P62942,78,0,1.959221577231716,10.63,56.10891024296065
P62942,86,0,2.3831957076827557,9.8225,47.48847817628069
P62942,95,0,2.1435117741080507,10.385,50.971277244481456
P62942,101,0,1.9415943969673768,10.34,55.97886139707142
P62942,103,0,2.1079106214663392,10.4,33.42661128404234
P62942,105,0,2.325282628556742,10.450797101449275,58.177349264021466
P62942,106,0,2.304473701620633,10.775,56.86511777461849
P62942,107,0,2.311943920567538,10.474,56.18151375818205
P62942,109,0,2.3001900706589904,10.715,52.580189925893734
P62942,119,0,2.2787381418544657,10.61,57.587062311398114
P62942,122,0,1.939284928338895,10.32,63.71536055577103
P62942,129,0,3.913822782654029,8.11,14.622313931669364
P62942,142,0,2.009288486440026,10.38,59.67379978169819
P62942,145,0,2.1567378606694723,9.31,33.53201826255498
P62942,152,0,2.4557958723405613,10.613333333333333,53.51261298923301
P62942,153,0,2.3799461433666407,10.43,58.715712197123736
P62942,169,0,1.899920353153265,10.52,58.09573852189186
P62942,183,0,1.9330886584598703,10.11,46.50925029114144
P62942,192,0,2.259303529942664,8.58,16.479093364711357
P62942,194,0,2.080328718486835,10.58,62.22745646013804
P62942,199,0,2.167807970067334,9.96,26.32821540817968
P63096,10,0,1.9830450376156015,10.530000000000001,61.38133720123294
P63096,17,0,2.7270488825528023,8.63,34.48728059540277
P63096,29,0,2.104120116577652,10.503333333333332,65.05078832462668
P63096,35,0,2.334698472466021,8.796666666666667,43.12304974288463
P63096,46,0,2.254844607432018,9.676666666666668,31.204239914246667
P63096,51,0,2.205324134755752,9.016666666666667,31.13104516874115
P63096,54,0,2.142594782011138,11.043333333333331,50.10732290228251
P63096,67,0,2.0409133117535743,10.67,54.78689969272971
P63096,70,0,2.2737295889858937,9.83,30.06295820805975
P63096,92,0,1.9353982172577548,10.276666666666666,74.43278390210654
P63096,128,0,2.276535057871365,10.403333333333334,42.724536533115206
P63096,132,0,1.9681155844780889,10.146666666666667,60.4262330388486
P63096,180,0,1.8808511152654965,9.97,64.74589021261109
P63096,192,0,1.8849011467721997,10.876666666666665,38.09238906509095
P63096,197,0,3.2501494505232373,10.786666666666667,24.768294664286277
P63096,209,0,1.981527656734361,10.816666666666668,47.8753194966774
P63096,210,0,2.0291243872845692,8.91,38.6399533929807
P63096,248,0,1.9091933795427176,10.173333333333334,58.55527280563414
P63096,257,0,1.9127753622343064,10.416666666666666,78.91691654125384
P63096,270,0,2.2901758436179933,11.37,25.49354441833687
P63096,271,0,2.2313061855233234,10.209999999999999,38.35431935258401
P63096,277,0,2.263854509978828,9.673333333333334,25.20865214287227
P63096,279,1,1.9447779982772546,11.270000000000001,50.45527610528324
P63096,280,1,1.9138696172389393,10.29,64.85067541757769
P63096,312,0,1.9009713574254503,10.56,67.2709125830104
P63096,314,0,1.91133455010537,10.426666666666668,47.98760961742758
P63096,317,0,2.2391031612591226,9.453333333333333,13.460731864620186
P63096,330,0,1.9753101805073339,10.58,62.27863824045277
P63096,345,0,1.9422499367619381,10.485,74.97641578502538
P63096,349,0,1.9796850966052708,8.58,54.63700863490688
P63104,-4,0,1.8924061488034196,10.77,58.204777966910214
P63104,-3,0,1.8842435680922454,10.425,79.1678403461515
P63104,3,0,2.2036860956719226,10.630285714285714,34.878032699987706
P63104,9,0,2.357058701990401,9.829677419354837,37.95092696228874
P63104,11,0,2.1257559006285005,10.80735294117647,39.796636988151306
P63104,27,1,2.448126690258273,11.273142857142858,33.763136632099695
P63104,49,0,2.0496321203030234,9.389705882352942,55.15214609279142
P63104,68,1,1.9587772886419255,10.248,62.77864795621256
P63104,74,0,1.970110030024061,10.402272727272727,64.78133180056658
P63104,75,0,2.1594951683289576,9.893809523809525,55.43046647945729
P63104,85,0,2.0287253502496068,10.310588235294118,56.0352551026984
P63104,103,0,1.9482235646275987,10.233714285714285,58.425572090597505
P63104,115,0,2.816229988191317,10.233333333333333,42.55969514358608
P63104,120,0,2.930852774040254,9.599705882352941,25.608082292164163
P63104,122,0,3.6298404000695585,10.626857142857142,26.400331789540214
P63104,138,0,2.297577914917012,10.104857142857144,47.65356513023557
P63104,139,0,2.0050379744843263,10.542857142857143,73.03424720916036
P63104,157,0,2.247285005517356,10.16952380952381,45.591403454133264
P63104,158,0,1.9398746301337977,10.6235,68.57068709315554
P63104,187,0,2.1247825150296706,10.171999999999999,53.51042883434051
P63104,193,0,2.258524506861683,10.782,57.28083276249601
P63104,212,1,2.0066222727633494,10.544571428571428,69.99672261721416
P68032,18,0,3.614588104225744,9.694375,20.873408360766383
P68032,50,0,1.930503180826321,10.334375,64.60540893382576
P68032,61,0,2.04112472126905,10.655,37.45493482656959
P68032,68,0,2.2405130866386385,10.08375,63.08350159739463
P68032,84,0,1.97078368221019,10.435,37.7060270284693
P68032,113,0,2.076156773392597,10.26375,59.87861485118896
P68032,118,0,2.220359078185329,10.1325,47.1747116100034
P68032,191,0,1.9844532037507012,10.415,69.28067966975905
P68032,213,0,2.7011377909273935,9.930625000000001,13.961908613484274
P68032,215,0,1.9374765755430117,11.340625,49.691258225222725
P68032,238,0,2.0602305571893496,9.895624999999999,47.91174233650496
P68032,284,0,1.9366172287944108,10.138125,44.716204691874516
P68032,291,0,2.021695768029817,10.345,65.42333976177268
P68032,315,0,1.9395153462405208,10.42375,48.73108851739217
P68032,326,0,2.051461494318811,10.305625,72.89248856752872
P68032,328,0,2.3409850617448624,9.908125,56.05791867626361
P68032,336,0,1.9907240248835392,9.94375,55.898636247172725
P68032,359,0,2.1509011079127243,10.490625,33.12768956117636
P68032,373,0,2.2827400838286125,9.651538461538461,15.349033789974524
P68036,9,0,2.052713776069059,10.587272727272726,65.93537473941217
P68036,16,0,1.908399673545256,10.626818181818182,61.10645081903687
P68036,20,0,1.918950355165496,10.563181818181818,68.05798616332333
P68036,48,0,1.978094443688464,10.943636363636363,38.22294713062275
P68036,64,0,2.333664120570128,10.761818181818182,53.24956707934877
P68036,67,0,2.2259424358146522,9.986818181818181,59.64720929387831
P68036,71,0,2.0206326139951782,10.261818181818182,33.95177044349179
P68036,73,1,2.2757681725080428,10.615454545454545,46.52387535694167
P68036,82,0,1.8951581176262877,10.533636363636363,64.16676666268721
P68036,86,0,1.941123604463881,10.38,61.058162219456605
P68036,96,0,2.3023041410986504,10.23409090909091,54.917673941089305
P68036,100,0,2.7582765054952953,10.769545454545455,29.831297978948804
P68036,131,0,1.9336169236670289,10.992727272727272,55.02036326345699
P68036,134,0,1.998747008739433,10.523636363636363,66.33994999333923
P68036,135,0,2.1120606424442667,10.968181818181819,50.631884088130285
P68036,138,0,2.0186459520813855,10.780454545454544,59.339016377067416
P68036,145,0,2.022028720660397,10.389545454545454,61.774381382124666
P68036,146,0,1.9500230593174415,10.889545454545454,50.33929500983083
P68036,150,0,1.9356461233507312,10.492727272727272,80.74055405596272
P68400,44,0,2.1501682766407026,10.437324263038548,35.57642237113457
P68400,46,0,1.9544016892663236,10.713750000000001,37.90712372853024
P68400,49,0,2.403159619314625,10.361764705882353,72.16030744146553
P68400,51,0,10.756314739263717,10.141,72.52184362988281
P68400,64,0,2.5303669873166146,10.567955056179775,51.72615390130202
P68400,66,0,1.9624474591517473,10.53,56.84578143546026
P68400,68,1,3.330276946660885,12.717617977528091,18.434563886577394
P68400,70,0,11.05007034055494,12.728,19.462729357672533
P68400,71,0,2.5961061850676534,9.97866515837104,39.59634453825295
P68400,73,0,10.851716338904732,10.184999999999999,45.57894616659716
P68400,74,0,2.7809862404486094,10.134362606232294,63.98580117747086
P68400,75,0,2.7752565461449095,10.046525423728813,67.80669935885079
P68400,76,0,3.0396037128645763,10.77611570247934,50.082093338552944
P68400,77,0,2.8953422399043847,8.967521929824562,35.520688466674585
P68400,78,0,7.959787389168616,10.801,49.34579757056001
P68400,79,0,3.7196959543465393,9.787894736842105,36.02140606189746
P68400,81,0,8.80679657735152,9.884,34.328182925775664
P68400,83,0,4.072281702248162,9.70372197309417,17.803737806578322
P68400,85,0,8.557940369635064,10.120999999999999,17.780350859305294
P68400,102,0,2.7073045465429866,9.614157303370787,40.56259831627019
P68400,104,0,9.449677390995053,9.847,38.69263397479059
P68400,122,0,2.1640921857411053,10.659841986455984,58.95540571443769
P68400,124,0,11.456213416490172,10.529,59.53707505142008
P68400,142,0,2.604225732650771,10.81822869955157,31.66886407311949
P68400,144,0,8.408832441055102,10.268,29.63529145479732
P68400,158,0,3.3480369136511925,10.338340807174887,27.37767296020128
P68400,160,0,10.76803499626458,10.4,25.95324014503496
P68400,170,0,2.7713485494996726,9.891977528089889,40.5543864195743
P68400,172,0,10.702500382228813,10.045,47.908689101144745
P68400,198,0,4.354171795525673,8.354366515837103,15.361079671421397
P68400,200,0,10.961237903066865,8.486,16.11645867020902
P68400,229,0,2.2928833442693137,9.436221719457015,51.13268293435243
P68400,231,0,2.1430505839247314,9.49375,57.91881531374029
P68400,247,0,2.4026904413003356,9.933115124153499,47.93345366112947
P68400,249,0,11.437274823473837,9.662,43.802742040135044
P68400,260,0,2.5203749009195615,11.04585201793722,43.66563259389559
P68400,262,0,7.466409776791553,10.964,39.833431352110075
P68400,279,0,2.45724788422653,9.715483146067417,31.54794240707503
P68400,281,0,11.02960568775549,9.328,28.901251786301366
P68400,303,0,2.985187682563063,10.895303370786516,34.597435433281014
P68400,305,0,8.555741974134897,10.272,31.023322356477287
P68400,329,0,2.5894286148299583,10.308037135278514,54.15183586374895
P68400,331,0,9.629138318096981,10.429,65.58845990814996
P68871,6,0,1.9959265055204092,9.258666666666667,53.82721513188968
P68871,7,0,2.195357740105912,11.100000000000001,37.90725871883957
P68871,8,0,2.415363314606161,10.330113493064312,47.56165964748979
P68871,9,1,4.917405811498581,10.631428571428572,48.1382595818091
P68871,16,0,1.8769142500916338,10.925,45.168150202216815
P68871,17,0,2.095525460298392,10.734177057356607,47.30796962020866
P68871,18,1,2.077747820116222,9.813333333333334,46.20941908811054
P68871,26,0,2.4181497497423274,9.644444444444444,42.19123663575791
P68871,58,0,1.9709816925171535,10.23,57.65758452148652
P68871,59,0,2.1974761353365513,10.213574999999999,54.02507706871282
P68871,60,1,10.340465065990353,9.523333333333333,47.22789688285532
P68871,61,0,2.393140633725049,10.22772378516624,50.431849523832895
P68871,62,1,11.031083602277036,10.41125,59.0753222905739
P68871,64,0,2.1448324633602205,10.625,48.423560139652295
P68871,65,0,2.3905834428933113,10.676360248447205,48.21992391692932
P68871,66,0,2.2127620870470266,10.127299630086313,66.63418049195262
P68871,67,1,9.755008361259533,9.61,70.3635146626198
P68871,81,0,2.0947406107597812,9.504999999999999,49.17926043499627
P68871,82,0,2.1393593838602443,9.68090112640801,52.37220134005407
P68871,83,1,6.134963703757191,9.324285714285713,51.998075480880516
P68871,94,0,2.1651830283858526,10.395,55.566281924361704
P68871,95,0,2.107918054394721,10.406710182767624,60.81830177415363
P68871,96,1,16.237608468043607,9.376000000000001,49.506316592696706
P68871,104,0,2.131615096806307,8.95,53.42459521693185
P68871,108,0,2.2726639851337995,7.944166666666667,35.21113954020568
P68871,119,0,1.900003680144677,10.425,83.54445524922204
P68871,120,0,2.146779581403696,10.06916532905297,71.02469929229011
P68871,121,1,6.847410297917321,9.53,54.497286301638475
P68871,131,0,2.2704474798698944,10.85,32.8070793952774
P68871,132,0,2.3033716830843853,9.98073593073593,32.59924432711952
P68871,133,1,6.835068836216959,9.901666666666666,29.54998412428296
P68871,143,0,1.937952356646385,10.73,47.86036420664938
P68871,144,0,2.2018489392570557,10.542855133614628,35.89491399780123
P68871,145,1,7.804884601296599,9.991666666666667,27.087324549718968
P69891,8,0,2.2232526062284657,11.3,35.17219960834752
P69891,17,0,1.8745126434790675,11.055,42.73456944923721
P69891,59,0,2.0393462745833792,10.26,52.56152853828217
P69891,61,0,2.47263219481401,9.325,32.42841112451853
P69891,65,0,2.378519651083449,10.42,40.813011030176675
P69891,66,0,1.969434196882815,10.105,62.69340210180445
P69891,76,0,1.91401469140404,10.56,68.71181823437954
P69891,82,0,1.9978934184874928,10.3,62.46328862115986
P69891,95,0,1.9161503717600314,10.559999999999999,57.89745002932661
P69891,104,0,2.551391550316366,8.5125,38.071946896226976
P69891,120,0,1.885010795632653,10.355,78.44749114939127
P69891,132,0,3.674243496505246,8.360000000000001,21.07750961786386
P69892,8,0,2.2349928136239265,11.315625,34.346040507454376
P69892,17,0,1.888855097290305,10.4,49.98726129397629
P69892,59,0,2.1009780576695265,10.333124999999999,52.400978018406626
P69892,61,0,2.1721079905258773,9.80375,47.12315144776099
P69892,65,0,2.4965984832684454,10.370625,40.52285754149425
P69892,66,0,1.9728694660240338,9.991333333333333,62.715044729944566
P69892,76,0,1.9486245947916416,10.589375,61.34393056839341
P69892,82,0,1.9733991854036719,9.95375,57.01937079203283
P69892,95,0,1.9271593425838858,10.385333333333334,63.50190896991369
P69892,104,0,2.613431364540633,7.654666666666667,28.66073668873029
P69892,120,0,2.0054859669097764,10.143636363636363,63.00446811814679
P69892,132,0,2.0765514831345047,9.842307692307692,34.41150813284816
P69905,7,0,2.663358691483782,10.73329365079365,32.06080924547422
P69905,8,1,2.441423345983031,10.809000000000001,34.44353500853232
P69905,11,0,2.3113972037852957,9.898404669260701,48.02201149161787
P69905,12,1,2.048508330484448,10.105,48.19376981762702
P69905,16,0,2.19644138709838,10.441228533685601,47.17774607932757
P69905,17,1,1.9315268442580802,10.565,46.42397568555056
P69905,40,0,2.399679743058289,9.5308547008547,42.337754322694224
P69905,41,1,2.2229807715660996,9.117777777777778,39.77754809112279
P69905,56,0,2.232713400695151,10.247728494623656,60.40929591162029
P69905,57,1,1.9470751417378207,10.382000000000001,63.385493327144104
P69905,60,0,2.461186261498597,10.674209183673469,56.404063632451134
P69905,61,1,2.1728140696132665,10.137371714643304,66.30430305701643
P69905,62,1,1.9332217796660025,9.947,62.8726446889073
P69905,90,0,2.244874265281907,10.187858136300417,62.39662010079074
P69905,91,1,2.058518186142067,9.1075,47.939120825607134
P69905,99,0,2.25695505987107,9.04063888888889,53.10346986074456
P69905,100,1,1.9479231562951915,9.702222222222224,57.95390870355167
P69905,127,0,2.34282743527939,9.94394777265745,35.0514491774753
P69905,128,1,2.314246062006802,10.248999999999999,29.5660291542627
P69905,139,0,2.374138740398616,10.067111459968602,36.90695087131862
P69905,140,1,2.0455729574236865,10.379999999999999,35.82712513809674
P69905,149,0,2.35249315926999,11.065714285714284,26.75667348125833
P69905,150,0,2.451397351205167,11.38,32.51954185516524
P69905,151,0,2.366723846574276,11.206666666666669,35.768777690371785
P69905,153,0,2.049495852489656,10.018571428571429,48.86326623642817
P69905,154,0,2.0425310021451684,10.27,51.22730068328728
P69905,155,0,2.040706609481939,10.296666666666667,61.239981894283126
P69905,158,0,1.9179558403386334,10.615,53.56371841139296
P69905,159,0,1.9662154991776148,10.46,48.83595962528291
P69905,160,0,1.930383374764701,10.475,42.623002003880444
P69905,182,0,2.259964245197602,9.364,26.647833190774275
P69905,183,0,2.184031705467351,10.22,51.36160376922825
P69905,184,0,2.1679740899372493,9.946666666666667,45.01643745698721
P69905,198,0,1.9248558026424494,10.394285714285715,67.79621928794816
P69905,199,0,2.0079451081740025,10.32,73.73141243388478
P69905,200,0,2.024489862810017,10.29,51.95526660598629
P69905,202,0,2.1980560237546336,11.078571428571427,58.26495910118054
P69905,203,0,1.9914228223816826,10.39,68.6852783214414
P69905,204,0,2.221135407105326,11.1425,60.74001869466457
P69905,205,0,2.0181197435080187,10.19,68.58541821745776
P69905,232,0,1.9206856303204134,10.211666666666668,60.518473689816496
P69905,233,0,1.939497374219847,10.31,62.420271709252106
P69905,234,0,1.9369068513503,10.336666666666666,68.14751510813238
P69905,241,0,2.007358517382979,9.515,65.48400631574123
P69905,242,0,1.9585254627048987,9.45,66.86359636882624
P69905,243,0,2.0007013904098203,9.556666666666667,63.86461893174002
P69905,269,0,2.2631127956612014,9.907142857142857,20.786109368034403
P69905,270,0,2.159475859546271,10.62,21.06310247030404
P69905,271,0,2.2482070421848426,9.813333333333333,15.54551674781959
P69905,281,0,2.097380740146568,10.68142857142857,34.156456552346626
P69905,282,0,1.9421763549373143,11.13,32.48727508061899
P69905,283,0,1.9421004016522323,10.565,35.29070473748098
P78344,8,0,2.314868267186175,11.145,43.210708904566054
P78344,13,0,1.989415573310883,10.600000000000001,63.44307282999817
P78344,42,0,1.8707157243050576,10.41,79.29744740557382
P78344,51,0,2.2753627461890247,9.4,17.41887135460162
P78344,64,0,3.843205437417613,9.195,0.8959429548956389
P78344,66,0,2.330173453828854,10.48,35.1102104220552
P78344,75,0,2.3269506516867358,10.085,35.2363159146657
P78344,98,0,1.890320031844153,9.955,53.604013700498385
P78344,107,0,2.3025090416225282,10.585,31.678740396324798
P78344,150,0,1.9056839682601439,10.205,64.0466022311839
P78344,165,0,1.9264583774627253,10.370000000000001,63.39936869469746
P78344,170,0,2.051040085757767,10.535,55.97899229676532
P78344,179,0,2.2712029616893723,10.915,44.495162150955636
P78344,189,0,2.1186553391179497,9.719999999999999,29.014800725774553
P78344,199,0,2.3663415891910207,11.030000000000001,28.903323273957326
P78344,202,0,2.055639089927121,10.71,19.44683486234078
P78344,206,0,1.932459742585955,10.434999999999999,73.78486859638103
P78344,209,0,2.037152389705657,10.26,58.409914149712584
P78344,219,0,2.1291815452943164,11.375,56.12703985056574
P78344,222,0,2.0711323399983055,10.36,52.26348629773457
P78344,228,0,1.9570748534281364,10.39,78.54024176374999
P78344,233,0,2.1184238970904983,10.559999999999999,68.99204175409506
P78344,266,0,1.989669395192168,10.379999999999999,74.54482313177674
P78344,273,0,2.822015010522811,10.559999999999999,39.6854001607714
P78344,280,0,2.8955087850782286,10.16,31.649484314738245
P78344,285,0,1.920093461442657,10.66,55.50688618825477
P78344,312,0,1.909603507019629,10.370000000000001,63.905426911313214
P78344,337,0,2.288028617051238,9.485,22.571443280647095
P78344,347,0,2.2739052959397936,8.575,19.430390588294642
P78344,349,0,1.9150926628741294,10.51,57.247001269108765
P78417,11,0,1.946363978940245,10.5225,57.75123200327922
P78417,18,0,12.708675445497432,10.417857142857143,61.989310179527635
P78417,43,0,1.9906095743678769,9.8765625,45.527644735780974
P78417,45,0,2.5758188101713633,9.78,3.8898367796507918
P78417,50,0,6.53572344042876,10.013333333333334,46.73906652039779
P78417,52,0,7.946019096632086,10.261666666666667,4.71211899976602
P78417,57,0,2.033570173278186,9.94375,27.25450868429057
P78417,59,0,2.0083151414005322,9.493125,36.714689898990486
P78417,64,0,11.43593446484592,9.895,31.744639042225096
P78417,65,0,1.9327623711527488,10.159354838709678,64.9477706174086
P78417,66,0,5.419674430923241,9.802222222222223,28.48262729300531
P78417,72,0,13.186709577030225,10.314285714285715,74.67635394920048
P78417,73,0,13.549235058402969,10.114285714285714,26.097469635263675
P78417,100,0,2.0422893155118853,10.0003125,61.548725184807004
P78417,101,0,1.959444846568269,10.419375,48.260733192287525
P78417,107,0,8.136321574083917,10.36,78.15623114923385
P78417,108,0,8.409187099248905,10.640833333333333,52.47145318641753
P78417,110,0,2.4984486504036303,10.32642857142857,34.89955190841644
P78417,114,0,2.3334656364498763,9.8046875,41.89034619058593
P78417,117,0,16.01742174390343,10.518333333333333,43.950087644326935
P78417,121,0,14.42139951713394,10.858333333333334,37.45945632016304
P78417,122,0,2.0649594385514245,10.515625,56.772952118266886
P78417,129,0,10.73742827257278,10.25357142857143,53.68208601793135
P78417,136,0,1.9283479223869633,10.419375,75.64009257290411
P78417,143,0,2.9943904058515596,10.574772727272729,41.45322283933297
P78417,148,0,2.0412467253488145,10.605625,60.918631326990536
P78417,150,0,10.974841185346394,11.045714285714286,30.00378297560385
P78417,152,1,2.113399818500122,10.7225,36.531210456951484
P78417,155,0,11.009904717837196,10.625,65.80694832722898
P78417,159,0,9.936478660993718,10.287058823529412,33.516862772995104
P78417,160,0,1.9949035090408156,10.0896875,39.24884661365474
P78417,161,0,1.973590398487914,10.309655172413795,65.17965756867662
P78417,167,0,7.261720921921487,10.366666666666667,43.278037707538694
P78417,168,0,7.1681684645042525,10.325000000000001,65.83697461326447
P78417,187,0,1.9871413254000012,10.486666666666666,59.64782710076694
P78417,188,0,2.017719947807594,10.889310344827587,57.138008654584354
P78417,195,0,3.050236573196528,10.526666666666667,67.01417465004204
P78417,197,0,2.0290827213310476,10.076666666666666,45.565834380591554
P78417,198,0,2.061262539655159,10.262068965517242,46.990930696659674
P78417,199,0,2.216767706821106,10.696666666666667,45.24571917916015
P78417,200,0,2.2085744035960726,10.529310344827588,52.47057581993471
P78417,205,0,5.6780434365888395,10.3125,47.05520018947309
P78417,206,0,2.0911591452686467,9.803333333333333,39.25084044779437
P78417,207,0,2.8809342191004035,10.203658536585367,57.10881309621624
P78417,214,0,4.599454180242892,10.138333333333334,50.041943959333594
P78417,219,0,1.902587171849946,10.633333333333333,68.65831843865199
P78417,220,0,1.9786975495754617,10.722068965517241,73.06826668547009
P78417,227,0,3.4501326580704537,10.635833333333332,74.83351149836443
P82979,9,0,1.941328383058113,10.458421052631579,63.665315535955955
P82979,11,0,2.1906537379605653,10.456842105263158,71.78097771458644
P82979,16,0,2.3350438341997606,10.284210526315789,51.55070387834572
P82979,27,0,1.9325488799682993,10.52,69.41038253570075
P82979,30,0,2.20902178953135,10.047368421052632,44.99904157661371
P83916,7,0,6.894883999610647,10.692,57.38268861931272
P83916,15,0,5.898787853057772,10.458000000000002,78.33061899393923
P83916,17,0,4.658079680717629,10.954,61.19381357224474
P83916,23,0,7.73747193225775,10.728,23.629083354924536
P83916,25,0,6.8427253030172235,10.5,53.037571455086756
P83916,54,0,1.8648443713792644,10.440000000000001,85.49777320651498
P98170,11,0,1.87918162334208,10.4045,77.16042318161605
P98170,13,0,1.922612737636195,10.434,66.61759657408076
P98170,26,0,1.979176028154389,10.2325,54.51659727898101
P98170,29,0,1.9972647134880255,10.272499999999999,51.732202073858204
P98170,42,0,2.101078664810412,10.337333333333333,37.277852629831465
P98170,45,0,2.9181101622140275,10.909375,28.226203701107433
P98170,46,0,2.2644206885286127,10.638,45.760621851760376
P98170,50,0,2.107897015536869,10.296,51.34064345574258
P98170,51,0,2.2093647977111193,10.338666666666667,30.837304073968944
P98170,58,0,2.1657029271610098,10.4655,45.1783161996943
P98170,60,0,1.907780367856881,10.348,73.51911276533377
P98170,69,0,1.990929236751232,10.342,37.319365286090154
P98170,71,0,1.9916924286487299,10.0995,55.40908775445005
P98170,74,0,1.957834625226594,10.440666666666667,61.18101812716607
P98170,83,0,2.0866027978945576,9.84,31.07640545484591
P98170,85,0,1.9582758997776404,10.23,48.02241802769704
P98170,88,0,1.8835432304099025,10.411333333333335,71.68411940467978
P98170,103,0,1.882408502428437,10.473333333333333,72.77716457366472
P98175,5,0,1.911345953756897,10.388,68.17087034060101
P98175,14,0,1.9316598899278017,11.166,51.99969068960346
P98175,21,0,2.1834289170852754,10.669,36.39858084178472
P98175,25,0,1.9796377294095717,10.5135,58.06993001099339
P98175,28,0,1.9545744676234627,11.0775,48.213389227373305
P98175,33,0,2.168500671835849,10.6815,36.91074389287472
P98175,38,0,1.9054572654928597,10.366315789473685,73.63144295976217
P98175,39,0,1.9375835887588273,10.212166666666667,52.84479111255772
P98175,41,0,1.9149408199750368,10.411249999999999,77.01680085559252
P98175,59,0,1.9391358901173859,10.243,53.959820339717695
P98175,61,0,1.9003139268485438,10.4235,75.09637226451495
P98175,73,0,1.9560065163573193,10.5445,56.07419891663083
P98175,74,0,1.9494017465437374,10.322105263157894,67.91827931567661
P98175,78,0,2.8487673551211565,9.434000000000001,4.864031367028825
P98175,79,0,2.415061614363058,10.2295,41.5874299817483
P98175,80,0,1.936476391550722,10.373999999999999,66.98178242995581
P98175,83,0,1.9815520635697415,10.354102564102565,62.00008872643809
P98175,85,0,1.9067252307413098,10.43051282051282,68.0039861110733
P98175,86,0,1.9457488235870688,10.5155,50.72778663324342
P98175,87,0,1.9050447565585196,10.491,68.60630162737326
P98175,88,0,1.9111023780729233,10.345,62.00328255310414
P98175,90,0,1.8994399650507574,10.441500000000001,68.76688282686457
P98175,92,0,1.8313448907333025,10.454,78.08976519341016
P98175,98,0,2.221854664160536,10.1065,29.26489277220056
P98175,106,0,1.9931463218934156,10.369,44.38209590410371
P98175,109,0,1.8841948997520805,10.418000000000001,66.61736422712409
Q00059,9,0,38.91193089953797,10.38,82.87878121835749
Q00059,10,0,39.72914512568955,10.61,63.95719774025049
Q00059,69,0,31.922685995353977,10.35,58.40397457610189
Q00059,76,1,27.73031379035458,10.87,35.51671942146032
Q00059,89,0,24.7148157549612,11.56,59.80447040113344
Q00059,94,0,33.95852322859362,9.88,52.40147093756647
Q00059,97,0,31.863007349065203,10.39,65.69855636819653
Q00059,99,0,37.88753309632031,10.19,75.2787122656247
Q00059,103,0,39.84082376840812,10.39,71.51888035774724
Q00059,104,0,37.78475867174328,10.26,71.70744136680956
Q00059,105,0,41.06531063314085,10.33,62.00937757010135
Q00059,112,0,42.81853613172345,9.72,43.12555865368439
Q00059,114,0,38.511887933339096,10.03,81.50479258134061
Q00059,132,0,21.21692010583867,10.41,80.51944513551156
Q00059,139,0,20.476076985615368,9.87,19.373874645453505
Q00059,141,0,16.113533541838883,10.43,65.28154266835597
Q00059,144,0,20.10765757281492,9.93,51.16178538649055
Q00059,148,0,22.861576475088533,10.65,51.42649729247896
Q00059,155,0,33.31319554399472,10.25,29.43469421888092
Q00059,163,0,42.28949613809037,10.78,63.62094915154596
Q00059,194,0,39.97351468377298,10.51,83.70207484313886
Q00059,195,0,45.39304787930864,10.48,85.35903589344316
Q00341,8,0,1.8794210936335332,10.403,73.82638343430128
Q00341,11,0,1.8930288601460492,10.431000000000001,73.45294215194444
Q00341,18,0,1.9251059280285592,10.253,64.66172280026444
Q00341,19,0,1.9677830599139616,10.355121951219513,67.2358272081447
Q00341,22,0,1.8844403525605995,10.405,70.39372058511022
Q00341,25,0,1.9312492962660497,9.996500000000001,35.64608431644893
Q00341,26,0,1.9101182950525988,10.652,58.51985598449575
Q00341,27,0,1.9014352414876712,10.413170731707318,79.87136394369023
Q00341,30,0,1.9395977254285768,10.228,57.24713380504884
Q00341,34,0,1.8872344993313799,10.317499999999999,76.58723305698389
Q00341,35,0,1.8904704602700104,10.385666666666667,69.83370169676132
Q00341,36,0,2.247002013921021,10.12048780487805,49.2338308412284
Q00341,37,0,1.9837296614682374,10.218,61.42290767152308
Q00341,38,0,2.159788091044613,9.9465,39.202293569234755
Q00341,40,0,1.9543008663727899,10.495365853658537,72.23772560482313
Q00341,41,0,1.9502759649403871,10.389,65.1171948301727
Q00341,44,0,1.9127822875254683,10.322,75.00817859575011
Q00341,45,0,1.9063054384454918,10.534,65.51089447640668
Q00341,47,0,1.99444893588313,10.363,53.83862358562842
Q00341,49,0,2.037095210473857,10.4605,69.3909405725461
Q00341,51,0,1.933474186443986,10.420327868852459,71.98745512513034
Q00341,55,0,1.897784466685079,10.478,70.93938414036145
Q00341,58,0,1.9567495381576478,10.593,62.5874289821157
Q00341,63,0,2.314936139808989,10.2095,49.574399159740054
Q00341,68,0,2.545624144778198,10.191639344262295,45.705756318010685
Q00341,69,0,2.686296865005624,10.639,40.81791976869791
Q00341,72,0,1.915905891982882,10.534,73.83011080308506
Q00341,73,0,1.9886920437674322,10.306999999999999,56.30070447446231
Q00341,74,0,2.330132266618313,10.7705,48.92916347983175
Q00341,75,0,2.3713850748461764,10.208,42.92878205258368
Q00341,76,0,2.462740201724319,10.142,48.50968722949969
Q00341,77,0,1.9003445633975082,10.3515,61.55946714093765
Q00341,83,0,1.9586128562961005,10.504000000000001,66.65358580867226
Q00341,86,0,1.9599962055013147,9.884,35.74318243689128
Q00341,87,0,1.9107808133764117,10.5795,67.3317247628884
Q00341,89,0,1.8977837101423798,10.4145,72.70262265214282
Q00341,91,0,2.102259343740322,10.41,64.69761713257788
Q00341,98,0,1.8828635976690347,10.41,69.12619103289568
Q00535,3,0,2.082126054650335,10.79,64.37997102662264
Q00535,6,0,2.07742188395553,10.135,40.124928607962694
Q00535,9,0,1.9473103473385551,10.217500000000001,44.5604074671337
Q00535,12,0,1.9450926380456455,10.515,54.96563231644176
Q00535,20,0,3.2676170589786486,10.52,37.31312137069114
Q00535,22,0,2.699509803981065,10.39,43.27298443393877
Q00535,23,0,3.3751080693164877,10.69,30.317203592690113
Q00535,25,0,2.436990912697052,10.350000000000001,35.80602410744012
Q00535,33,0,2.847584960616472,12.03,5.506328348809085
Q00535,36,0,3.3875999361475273,12.575,8.684392929611645
Q00535,56,0,1.974891612086904,11.620000000000001,57.963562555976765
Q00535,59,0,1.9251791116981702,10.342500000000001,64.68335561092752
Q00535,61,0,1.913958260062837,11.12,60.36704456059034
Q00535,62,0,1.8876481520671529,9.8,59.00068083074309
Q00535,64,0,2.0167810399574453,10.405000000000001,71.10297930530481
Q00535,74,0,2.0875461819959136,10.33,68.10691438640785
Q00535,75,0,1.996527337889371,9.15,40.06446931184283
Q00535,77,0,1.923164476200808,10.379999999999999,69.90442898303682
Q00535,78,0,2.2282822708682852,9.805,36.5122115935666
Q00535,88,0,2.214158208157852,10.31,60.45445283119178
Q00535,89,0,2.0558958092560267,10.74,68.04964577032679
Q00535,91,0,2.147296260727618,10.379999999999999,54.21605158178758
Q00535,92,0,2.1235285091976515,10.780000000000001,59.703186762978646
Q00535,104,1,3.196213286276687,11.4,16.603644423456803
Q00535,107,0,3.0955070966390936,10.725,9.197765166624041
Q00535,112,0,2.0673802242276724,10.23,42.16184238227224
Q00535,115,0,2.122938968420552,9.86,38.86317009600296
Q00535,128,0,3.2500987895066644,10.37,23.122710979043426
Q00535,131,0,2.73041388916438,10.05,25.44215538017346
Q00535,141,0,3.850738093709584,11.33,9.754710639243257
Q00535,144,0,3.909861501300068,11.04,5.097872216457199
Q00535,177,0,1.918554506830156,10.370000000000001,84.36180930039274
Q00535,180,0,1.917621745223522,10.335,64.73603455649123
Q00535,213,0,2.9938688447913093,11.67,40.05684440467318
Q00535,216,0,2.7097224931902706,11.155000000000001,30.795118375117458
Q00535,232,0,1.908329973313684,10.370000000000001,72.22613140388663
Q00535,235,0,1.9179822729996445,10.285,62.208885066066046
Q00535,237,0,1.969537719689962,10.83,46.80348007810421
Q00535,240,0,2.2143941917282284,10.52,65.40064502734285
Q00535,254,0,1.9615784483828191,11.03,48.55210363906167
Q00535,257,0,1.938170189436206,10.65,50.077461409611686
Q00535,268,0,2.3323249450523127,9.73,28.87637429947576
Q00535,271,0,2.3082530602510936,9.665,37.76027472505209
Q00610,36,0,2.0884956389759326,11.033,36.90025391865484
Q00610,43,0,1.9387868126048993,10.081999999999999,50.58032240120394
Q00610,78,0,2.0777422494635305,10.3775,54.49349348300773
Q00610,83,0,2.4221935786188684,9.895999999999999,13.653996536016653
Q00610,86,0,2.29512411657527,11.159,41.27773603219747
Q00610,96,0,2.036362354430472,9.97875,56.0269424908869
Q00610,98,0,1.9443194297197592,10.13875,41.91240483431573
Q00610,100,0,2.225212731963178,8.826,10.165843670335388
Q00610,112,0,2.4612906502625727,9.805,31.466165838416583
Q00610,140,0,1.9716108555162546,11.538,37.943966265501366
Q00610,161,0,1.914598211367632,10.242,55.025499291446735
Q00610,163,0,2.2084213766779524,10.818999999999999,38.83650582835561
Q00610,189,0,2.075195615014585,10.456,66.40467840447607
Q00610,205,0,1.977693727382474,10.436,57.78552260981162
Q00610,227,0,2.6351201479636623,10.968,41.85554037103958
Q00610,245,0,1.9287641235422854,9.949,58.224821982538586
Q00610,246,0,2.0383093736557614,9.09,22.68160846303298
Q00610,269,0,1.932882794762083,11.26,50.810705862467195
Q00610,278,0,2.3093336604690546,9.784,51.10776308281819
Q00610,321,0,2.1431590980302047,10.501,54.57811686262146
Q00653,97,0,1.880559602206428,10.4255,73.657562099079
Q00796,5,0,1.8766224596296455,10.38125,71.52871147017447
Q00796,62,0,1.9243559995487567,10.276666666666666,68.63554598252891
Q00796,63,0,2.0488208939207935,10.4075,65.52685823949312
Q00796,77,0,2.345723164739721,11.24375,48.75030077454889
Q00796,83,0,1.8745999535533284,10.373333333333333,76.04089073227824
Q00796,86,0,2.2407001091136647,10.904583333333333,60.62082497859965
Q00796,106,0,1.9293795841731403,10.56875,48.274270402298306
Q00796,133,0,2.2169722610476277,10.377916666666666,39.496158746008476
Q00796,141,0,1.9288002797203614,10.29875,50.618347126035594
Q00796,174,0,3.5694762179598665,9.504166666666666,23.048696746912558
Q00796,192,0,2.159462094920752,9.501666666666667,26.608177128507393
Q00796,211,0,2.294928805826273,9.795,29.182998651204638
Q00796,213,0,2.1211539261572883,9.708333333333334,47.420503056069414
Q00796,225,0,1.8948658109267476,10.44375,79.13655122869407
Q00796,234,0,2.0054235917458505,10.3575,36.440643549465484
Q00796,242,0,2.281100188880479,10.2075,32.789193861059886
Q00796,294,0,2.2054786985760426,10.179166666666667,40.36904971939301
Q00796,313,0,1.9723374631400095,10.169583333333334,50.47027775561952
Q00796,318,0,2.040170669121435,10.579166666666667,49.732698886649764
Q00796,329,0,2.2362345967294277,10.482916666666666,45.57197575789701
Q00796,338,0,2.001721122052429,11.001249999999999,40.67738258483498
Q00796,339,0,1.9388569808471343,10.383750000000001,65.14430933822553
Q00796,344,0,3.05146308160802,11.835833333333333,13.589447169877815
Q00796,348,0,2.915533742336301,9.407083333333334,4.501408671665092
Q00872,9,0,2.1772761247531243,10.358,70.34618108877825
Q00872,12,0,2.1870670688791614,10.945853658536587,53.63685834930307
Q00872,13,0,2.0109591791087604,10.588823529411764,52.005418513709316
Q00872,20,0,2.3380562712843034,10.378235294117648,43.72497530198751
Q00872,22,0,2.0278605733008828,10.285714285714286,41.020012144034695
Q00872,23,0,2.0502089080388686,10.3465,55.784449171691776
Q00872,25,0,2.3113703894421223,10.356,67.16465257482587
Q00872,28,0,1.9478454704683048,10.266,52.16777571404756
Q00872,30,0,3.0773904774767216,10.54529411764706,38.107364888404305
Q00872,32,0,2.2595702213895343,10.195294117647059,49.62256476085793
Q00872,36,0,1.9004909495807127,10.507619047619048,73.44587812658821
Q00872,38,0,2.035335394451592,10.61,61.898989858235836
Q00872,39,0,2.105164683506938,10.691621621621621,52.18291178716635
Q00872,40,0,2.276238874646476,10.973333333333333,49.6616484027967
Q00872,41,0,2.442434195281272,9.940999999999999,31.123475348526018
Q00872,42,0,2.1826851622533376,10.56225,44.56340343387783
Q00872,43,0,2.354896799623637,10.243157894736843,37.081000904937135
Q00872,46,0,2.60166955552252,9.262352941176472,13.473636392777124
Q00872,48,0,1.9016018414073192,10.353529411764706,72.03967441490418
Q00872,52,0,1.8979595801344078,10.418000000000001,77.201906930859
Q00872,53,0,2.221716470320044,10.666341463414634,49.294803759013035
Q00872,55,0,1.973242617992332,10.207058823529412,54.15393293954799
Q00872,56,0,2.3127239873751124,9.3455,29.252110417091266
Q00872,57,0,1.9473222717485812,9.948,59.63204932432892
Q00872,58,0,1.8838405846174946,10.408823529411764,78.35381942468652
Q00872,59,0,1.970298894160368,10.749180327868853,61.94951563795344
Q00872,60,0,1.9178514501468011,10.5905,63.424154551737345
Q00872,62,0,2.3551786775258323,10.469249999999999,57.26099362826354
Q00872,63,0,2.317111036151609,10.794864864864865,47.75156268066927
Q00872,64,0,2.039906921035641,10.397499999999999,69.66271451702039
Q00872,66,0,2.0404995381300526,10.701,41.51083238961679
Q00872,73,0,1.9534752584231938,10.403,49.56220258076096
Q00872,77,0,2.1259788033403613,10.394,56.00982081092485
Q00872,81,0,1.9961349340322347,10.307647058823528,59.359721366150154
Q00872,83,0,2.857571729404157,9.884324324324323,38.46933448655652
Q00872,86,0,1.9355494529257489,10.4,53.40292216240455
Q00872,90,0,2.0210361283357376,10.804,64.66617829859555
Q00872,91,0,2.147085905320043,10.6515,70.19797154660662
Q00872,94,0,2.271543964891957,10.0115,42.45004587457711
Q00872,97,0,1.9024010785259264,10.584054054054054,53.46518926837354
Q00872,99,0,2.021608881293425,10.520588235294117,56.785446060925615
Q00872,103,0,2.053311764385447,10.810500000000001,48.5414516764706
Q00872,107,0,1.8996077331139376,10.315999999999999,71.73398618848623
Q00872,117,0,1.8793196156016332,10.5215,70.91816039124183
Q00872,120,0,1.8271114979581502,10.4455,76.00425163524805
Q01082,2,0,1.9373467930986767,10.219999999999999,56.10815756972072
Q01082,3,0,1.9317596166786863,10.3,74.76640358862525
Q01082,5,0,2.1545984785687966,11.03,31.39989132339523
Q01082,6,0,1.9361874014051628,10.85,55.08854712901346
Q01082,15,0,2.427597605661129,10.24,47.3474337561039
Q01082,16,0,2.482083991603629,10.21,38.10565356740612
Q01082,43,0,2.157085002471044,9.94,48.772931422670254
Q01082,44,0,2.108269814633,9.94,37.665863320827015
Q01082,53,0,1.917343578207924,12.02,55.76078250703472
Q01082,54,0,1.906765789728944,10.74,65.53100476000509
Q01082,55,0,2.048329452796656,10.35,63.20881146530315
Q01082,56,0,2.0896566551926954,10.350000000000001,55.011021785301445
Q01082,57,0,1.9345873267446505,10.41,50.414642658635245
Q01082,78,0,2.0500844032174217,10.6,33.65807466778027
Q01082,79,0,1.987867679571376,10.42,38.27683764210329
Q01082,93,0,2.0208633086472685,10.58,76.90916612791433
Q01082,94,0,1.914060116461816,10.59,83.05847377315814
Q01082,108,0,1.961260942631862,10.43,58.93091129389463
Q01082,109,0,1.9848915805438616,10.21,52.87725859996794
Q01167,3,0,3.1970700556992013,10.452272727272726,34.09489587130228
Q01167,22,0,3.168455578132361,10.535454545454545,49.83291698146293
Q01167,35,0,3.3101697025765358,10.285,65.39217522214894
Q01167,45,0,2.620595575886517,10.365909090909092,69.62032904738606
Q01167,63,0,2.541372057459212,9.874090909090908,39.31382799216876
Q01167,73,0,2.6135719723750355,10.32909090909091,71.74803365938713
Q01167,86,0,3.0117252424524854,10.55590909090909,60.584457052185364
Q01167,94,0,3.306488974479764,10.27,54.32328520602873
Q01433,8,0,1.8807270718814966,10.5275,80.46355096621645
Q02818,2,0,1.8958279568641223,10.370526315789473,71.46773991417794
Q02818,19,0,2.0837814178191003,10.340526315789473,62.56811602405411
Q02818,44,0,2.0610831842630133,10.287368421052632,59.944050811575835
Q02818,48,0,1.9409758272741513,10.446842105263158,57.101348662997395
Q02818,53,0,1.912590391111019,10.720526315789474,66.3336489580738
Q02818,75,0,1.9207763052732072,10.336842105263159,62.375963885231506
Q02818,97,0,1.9107466682491563,10.319999999999999,68.93042675146721
Q03164,1,0,1.8835707750020814,10.364,73.681218946259
Q03164,7,0,1.8820747135113025,10.444375,74.71606652039772
Q03164,10,0,1.9494916973688547,10.898,57.309826577195864
Q03164,15,0,1.926398270918967,10.3775,63.48597315936605
Q03164,20,0,1.9827501660362714,10.539,56.773370179164274
Q03164,26,0,1.8962905935641043,10.681000000000001,62.98988172725611
Q03164,34,0,1.9016032083576977,10.501999999999999,73.73580084612277
Q03164,63,0,2.203743401019005,11.02375,42.26345326966178
Q03164,78,0,1.9133217968838292,10.54125,79.92759853200637
Q03164,103,0,1.9793512312586299,10.594375,62.11112958372338
Q04656,4,0,2.0709061574399033,11.267,45.241923633452444
Q04656,6,0,2.428419526911079,10.567333333333332,45.55365234602289
Q04656,8,0,2.5259927998054694,10.930833333333334,37.65256609358838
Q04656,12,0,2.3105196461204307,10.370999999999999,37.08281481299805
Q04656,14,0,2.6717567329311818,10.7885,36.394086073545445
Q04656,15,0,2.210777102205832,10.416333333333334,38.60815785733249
Q04656,21,0,2.108347003278841,10.33325,51.480053538699494
Q04656,24,0,2.015916929297066,10.185166666666667,56.52520672156173
Q04656,27,0,1.9024266951003455,10.384300000000001,71.74207709856616
Q04656,28,0,1.931744518046837,10.181656441717791,57.009344543028405
Q04656,29,0,1.9275569501603982,10.377500000000001,66.7149319502183
Q04656,30,0,2.0758747048371458,9.629999999999999,33.2210185885575
Q04656,31,0,1.9216767220593756,10.401,81.07865844532759
Q04656,32,0,1.9101962268890875,10.493833333333333,51.68985329580473
Q04656,33,0,1.888851037699748,10.284,64.79076699100298
Q04656,35,0,2.0553083311603717,10.159500000000001,64.44832684677701
Q04656,36,0,2.0052584358351164,10.503333333333332,70.66157462916762
Q04656,37,0,2.14358666657788,10.753499999999999,55.95347503768577
Q04656,40,0,2.091136713063565,10.468,54.60002292639556
Q04656,41,0,2.0296835475795163,9.923,49.83846147599749
Q04656,42,0,2.307000890338736,10.49031746031746,53.117025803176816
Q04656,43,0,2.469571539266153,11.048666666666666,30.426345303094315
Q04656,44,0,2.1338967932531796,10.422333333333334,45.72846525112316
Q04656,46,0,2.165540236886004,10.6705,43.609532455693106
Q04656,47,0,2.8830418505256743,10.68525,39.63718380393888
Q04656,50,0,1.9703225068458143,10.208,55.69451453699807
Q04656,51,0,1.912059696191976,10.543333333333335,80.39344327182539
Q04656,55,0,1.911525485345398,10.785,58.51706536664642
Q04656,56,0,2.1436961535675048,10.56,62.98476573088621
Q04656,58,0,3.367149265378024,10.160166666666667,24.40876065628318
Q04656,59,0,2.07291439234274,11.051166666666667,51.87895644776597
Q04656,60,0,2.063276470254409,10.607,59.37696999956533
Q04656,64,0,3.8614822970979525,8.125,6.065139142066369
Q04656,65,0,2.1009775703202282,10.7025,63.47158114708334
Q04656,71,0,1.940447997381802,10.229333333333333,52.387357223487136
Q04656,72,0,1.9810315615012681,10.597166666666668,59.62150971730844
Q04656,73,0,1.982539694566115,10.573666666666666,55.92388488917208
Q04656,75,0,1.8920460424555894,10.431000000000001,78.47246844723348
Q04656,76,0,1.7976131465609915,10.4915,81.21804862062272
Q04656,77,0,2.0288304841973144,10.0015,46.17788426101936
Q04656,78,0,2.210912948905779,10.2476,28.284239716643985
Q04656,79,0,2.284787541387283,10.33,64.15669650956893
Q04656,81,0,1.900696402566816,10.374500000000001,59.38155148885183
Q04656,84,0,1.862707496396159,10.439,65.8692986564268
Q04656,113,0,1.9656826773273837,10.331999999999999,62.21289714168406
Q05193,15,0,2.0641337975480094,9.9475,30.633089097762387
Q05193,27,0,1.8839108234120805,10.1225,60.351573853017584
Q05193,31,0,2.067436382895514,10.495000000000001,56.36665992147978
Q05193,44,0,2.663374048548386,8.775,12.524319087693932
Q05193,46,0,2.2478090148046213,10.11,48.31110912136168
Q05193,51,0,1.9243936314132695,10.590000000000002,60.72149911505473
Q05193,53,0,1.9508248312267462,9.885,32.51200694153515
Q05193,54,0,1.988017281902,10.735,35.73461832441791
Q05193,63,0,3.3001605211660894,10.085,30.478128403877896
Q05193,69,0,1.9137902389494166,10.05,48.75710892217014
Q05193,75,0,2.0863747881114594,10.23,40.37507792300478
Q05193,87,0,1.875197195167672,10.32,65.44178025615078
Q05193,89,0,1.9097607395067056,10.565,52.20333788838772
Q05193,90,0,1.904154475762944,10.693333333333333,53.390925361291615
Q05193,109,0,2.3210984039461438,10.93,34.35631545165625
Q05193,113,0,2.33898957359792,10.094999999999999,51.738545800273805
Q05193,142,0,1.9677955004315073,9.055,38.964633721236865
Q05193,166,0,2.070273989944118,10.370000000000001,52.75465467416926
Q05193,188,0,1.9738598228257753,10.425,57.95349964200824
Q05193,191,0,2.0092770860799622,9.315000000000001,46.9941682071924
Q05193,206,0,2.374837702164326,8.745000000000001,24.09498481794425
Q05193,223,0,1.9529474034553853,10.59,51.19423214811591
Q05193,240,0,1.8939105797818638,10.46,64.1757675041393
Q05193,245,0,1.9695285903394177,10.41,65.07902447943158
Q05193,246,0,1.8707558364504302,10.535,35.703546009578496
Q05193,257,0,1.9901420094857243,10.275,61.88145584423799
Q05193,279,0,1.9520801868521964,10.405000000000001,73.21772931009939
Q05193,299,0,2.0582779936946882,9.805,48.76761362260558
Q05193,309,0,1.9026889850791804,10.475000000000001,68.81979411938495
Q05193,315,0,1.9796796115667172,10.525,53.69536532437855
Q05193,325,0,2.018033341920903,10.69,25.198812849214153
Q05193,327,0,2.055153994605216,10.725,61.950292720767436
Q05193,342,0,1.9621512630988391,10.125,33.50351485420834
Q05193,376,0,1.9738896319860526,10.350000000000001,54.76674659402309
Q05193,382,0,1.8706682173314113,10.33,76.72247043949008
Q05193,393,1,1.9653764095709794,10.405000000000001,48.22573797724656
Q05193,414,0,2.279643165083524,10.385,47.54406145880279
Q05193,415,0,1.936345490918796,10.105,55.79504550191294
Q05193,418,0,2.147095317712118,9.985,50.3517453557165
Q05193,419,0,1.9807106034207855,10.065000000000001,32.52641408909497
Q05193,426,0,1.943232926901585,10.69,55.09555026263709
Q05193,444,0,2.08985087868104,10.219999999999999,63.64182765272294
Q05193,445,0,1.9498217681433303,10.315,49.37907881773397
Q05193,472,0,2.3478679335923878,10.945,32.2413145557817
Q05193,508,0,1.9565763873097843,10.165,55.19226877396714
Q05193,509,0,2.0413091550961573,10.48,42.4925113715243
Q05193,510,0,1.9398324845417003,10.32,68.01737899578055
Q05193,523,0,2.0194590643597916,10.55,34.56651854344332
Q05193,535,0,1.9635466188610669,9.690000000000001,46.43553740101423
Q05193,539,0,2.0659712534482946,10.525,50.41495354540826
Q05193,554,0,1.8845622310581784,10.934999999999999,48.72116059373297
Q05193,559,0,1.9324483351028965,10.440000000000001,66.06450282495453
Q05193,561,0,1.9634228341250615,10.455,60.82270639505476
Q05193,562,0,1.96921221564583,10.8,51.00997446649052
Q05193,571,0,3.604524715199055,9.41,12.030581804766474
Q05193,577,0,1.8706500818466276,10.45,79.65000936863058
Q05193,583,0,2.288219450534523,10.27,53.9737726108412
Q05193,598,0,2.0195154153664934,10.71,47.80039578438162
Q05193,617,0,2.4743407967303694,10.704999999999998,32.76794038680142
Q05193,633,0,1.9112870936639106,10.085,63.11382737491728
Q05193,635,0,2.20962021661577,10.11,35.664407001102525
Q05193,675,0,2.0322109612603034,10.355,53.184431094165035
Q05193,683,0,1.9208769948609754,10.504999999999999,63.78588276585943
Q05193,694,0,2.3833511333810415,10.850000000000001,32.415689310517664
Q05193,736,0,2.0382444042178274,10.8,45.981691799802675
Q06187,2,0,2.1083646201923942,10.5525,54.88756373900005
Q06187,3,0,2.2234786256600305,10.5245,47.058844109702015
Q06187,9,0,2.0396261263189697,10.53860465116279,60.429540792935335
Q06187,10,0,2.0301284176463175,10.269767441860466,47.215585800468276
Q06187,12,0,3.6686688906403524,7.886304347826086,17.078765493395327
Q06187,15,0,1.972844582191184,10.374500000000001,51.51758711697132
Q06187,17,0,1.90241151129998,10.134347826086957,61.30215142336025
Q06187,18,0,1.9585331484984214,10.298043478260869,67.60508835609106
Q06187,19,0,1.9059776356034435,10.301304347826088,67.97158757949124
Q06187,22,0,2.058922635928331,10.504999999999999,47.67171320404748
Q06187,26,1,2.2500461185275697,9.963555555555557,45.43791919971289
Q06187,27,0,2.0517743819884324,9.776060606060607,40.631682477118375
Q06187,29,0,2.0359465621729083,10.511860465116278,57.94407752770403
Q06187,31,0,2.3349508684543347,10.647,35.75777611651492
Q06187,36,1,2.113649648795126,10.740434782608697,42.13138899533333
Q06187,41,0,2.63381306674879,8.605,58.51726826117198
Q06187,42,0,1.9256822595834238,10.55925,65.69225109356601
Q06187,45,0,2.742015707796045,9.995000000000001,35.221916948336755
Q06187,49,0,1.911554404424511,10.659767441860465,64.47900273341553
Q06187,52,0,2.0152835908003723,9.672888888888888,40.31196136309875
Q06187,53,0,2.082935689504369,10.113846153846154,32.437756229877145
Q06187,60,0,2.0210484340547765,10.889782608695652,46.12647824383769
Q06187,71,0,1.8980118656439178,10.391304347826088,77.92902556260456
Q06187,80,0,1.915073470745066,10.421,72.5705104998285
Q06187,105,0,1.928699603079508,9.928,61.795530012669964
Q06187,113,0,2.157247906644444,9.3615,16.932369552254457
Q06187,122,0,2.101108774160632,9.758809523809523,57.447637774933334
Q06187,129,0,2.2026058735356897,10.74195652173913,39.437178059157425
Q06187,141,0,2.1568258968283267,10.221521739130434,37.17077293345501
Q06187,160,0,1.9933661492443582,9.07717391304348,42.532156193491375
Q06830,7,0,2.4035453789149313,9.794545454545455,36.949794395307656
Q06830,16,1,1.943533534636173,10.630625,59.360000490497434
Q06830,27,0,2.1323256046544588,10.46375,59.72648486318505
Q06830,35,0,1.913148643617478,10.138125,62.00686184160922
Q06830,37,0,2.292233795122557,9.624375,35.82325787026509
Q06830,67,0,1.991230118079181,10.266875,57.90409932471517
Q06830,68,0,1.9293478832494362,10.66,62.14997202258036
Q06830,92,0,1.947924043647988,10.445,51.72531470465137
Q06830,93,0,1.9053238546382056,10.30625,75.25534871557136
Q06830,109,0,1.9263541839786125,10.315333333333335,70.58947289610616
Q06830,120,1,2.628505731640271,9.117142857142857,13.629533253222448
Q06830,136,0,1.9676346180802176,10.880666666666666,58.47492439185702
Q06830,168,0,1.9275061978041805,10.253333333333334,64.62917350054552
Q06830,178,0,2.089815488882093,10.959999999999999,38.45062334821671
Q07817,16,0,2.563386777088332,9.568846153846154,36.987874649528685
Q07817,17,0,2.0336806848260616,9.946000000000002,43.72844337387765
Q07817,19,0,3.0455032100535573,9.809531250000001,16.351935561280367
Q07817,20,0,2.1756549081711465,9.8996,33.41483620207761
Q07817,22,0,2.964101564899382,9.32,29.223883534347994
Q07817,23,0,2.1162471121957105,9.84765625,38.387692297720626
Q07817,24,0,1.9372806550857602,10.197916666666666,46.14466328224612
Q07817,31,0,2.1728130819315172,9.5,53.95271412258512
Q07817,32,0,1.9473437425915987,10.365,68.73389119526334
Q07817,47,0,2.3982236754163107,10.616190476190477,36.222201763402396
Q07817,50,0,2.415529963294294,10.605,31.84495846388465
Q07817,51,0,2.5807139179196263,10.250416666666666,32.57201626995723
Q07817,87,1,2.121917253083103,8.98,11.525587148163652
Q07817,90,0,2.424901518758758,10.482166666666666,49.42604453707436
Q07817,101,0,1.9005352348905498,10.524999999999999,45.06442855726315
Q07817,102,0,1.8948492825641003,10.705,30.362773048628895
Q07817,117,0,1.9234017730806994,10.554285714285715,39.337905885864174
Q07817,120,0,2.357468294204664,8.7375,27.797147229428106
Q07817,121,0,1.9438986696885978,10.459583333333333,48.49062032554474
Q07817,157,0,1.9233629881726588,10.58,57.2696960035386
Q07817,160,0,2.0418344376913944,10.348333333333333,45.37302840353913
Q07817,165,0,2.024741916719343,10.523333333333333,66.1822416454633
Q07817,169,0,1.9201977867701086,10.371500000000001,67.50002740807362
Q07817,177,0,1.8176764898466764,10.5955,78.63330162863554
Q07817,205,0,1.9385051345232067,10.22,44.34148591031753
Q07817,208,0,1.9354557049921535,10.273,57.85197711191208
Q07954,5,0,1.964663294123401,10.015,43.72164477102574
Q07954,11,0,1.9651156252750728,10.16,40.17900654400496
Q07954,24,0,2.235640397571091,10.726,24.28500863108592
Q07954,31,0,1.9313267410173427,10.544,60.16423348360085
Q07954,39,0,1.9291396935006389,10.561499999999999,61.89745178683252
Q08188,24,0,1.9223539516922563,9.945,45.40892382668335
Q08188,46,0,2.2673199465131466,11.1,32.54117302958214
Q08188,71,0,2.4249167522697928,10.385,50.1764379406615
Q08188,127,0,1.9177052324003991,10.245,61.6697583142789
Q08188,214,0,2.1164497643783458,10.42,23.988514279418684
Q08188,258,0,2.417161128209932,10.41,36.17640479132898
Q08188,261,0,2.3567780023256457,10.46,38.68028686116351
Q08188,262,0,1.973607655229971,9.515,56.63921762787129
Q08188,322,0,1.908884377807364,10.315000000000001,41.48234207123954
Q08188,408,0,2.1177581655378495,10.344999999999999,61.4361678105151
Q08188,411,0,1.9757997095942623,10.08,45.34965899027032
Q08188,426,0,3.0008144637951117,10.52,13.36924388689221
Q08188,439,0,1.9747086364298285,10.29,75.4195766987224
Q08188,441,0,2.3676245691407765,9.52,14.330522151505477
Q08188,455,0,1.93785124842115,11.440000000000001,40.09204005987043
Q08188,459,0,2.0332512299928673,10.16,28.012256332659447
Q08188,461,0,1.8656623618175576,10.254999999999999,66.13608859505587
Q08211,5,0,2.096669729912838,9.575,28.879875866287573
Q08211,14,0,1.8707540878214521,10.260000000000002,71.8224203854386
Q08211,16,0,1.9750843198887722,10.325,71.3423784829854
Q08211,29,0,1.8706641014367924,10.434999999999999,72.48534552273127
Q08211,33,1,2.5877330678834825,10.190000000000001,50.16886212087706
Q08211,54,0,2.0726477104878396,10.25,62.61596675163199
Q08211,55,0,2.0266563029075146,10.365,62.294787990187636
Q08211,76,0,2.2055135844433265,10.635,66.75681494352764
Q08257,6,0,1.9016356390344014,10.455,82.14342764418403
Q08257,23,0,2.2237596676443436,10.2575,44.669823248772005
Q08257,34,0,2.0089911082552914,10.3075,61.58684972065525
Q08257,41,0,2.731410795009865,10.967500000000001,53.250805420202994
Q08257,62,0,1.9137692423588537,10.317499999999999,59.90519771558917
Q08257,88,0,2.1876503005966295,11.115,61.16332376104319
Q08257,89,0,1.9177921074943314,10.5225,57.601003128798425
Q08257,116,1,2.01241779135259,10.2025,47.238729741551154
Q08257,120,0,1.9017211110531946,10.432500000000001,83.40678149616316
Q08257,124,0,2.4589193236075575,10.195,36.13788755639902
Q08257,147,0,2.1626116834352516,10.5875,65.2638793909104
Q08257,175,0,2.3279129702843857,10.8375,37.414650445772
Q08257,187,0,1.983880583138646,11.049999999999999,58.71617852728324
Q08257,208,0,1.957922155607503,11.13,46.882199881523064
Q08257,210,0,2.0512846896909425,9.83,38.50225509622922
Q08257,211,0,1.9013660666524872,10.43,76.02335153683418
Q08257,216,0,1.9078937940402143,9.95,63.523944297135515
Q08257,232,0,2.3868187163279453,9.41,26.507310733126907
Q08257,262,0,2.2953996315194365,9.545,34.11885795276851
Q08257,276,0,1.9729120525481503,10.22,58.288840114086355
Q08257,296,0,2.22006442256955,9.9025,57.61753739638411
Q08257,307,0,2.1286590143657005,10.5725,48.312148137682016
Q08257,324,0,2.3351340738913238,8.695,10.245322691978863
Q08380,89,0,2.1566064186305383,10.42,74.69512870529694
Q08380,95,0,2.116828852232783,10.4,51.41036390520584
Q08495,24,0,1.9457593285759434,10.758823529411766,45.30618007944292
Q08495,28,0,1.9143373529058976,10.17029411764706,61.407630714747256
Q08495,60,0,1.9009214139622064,10.559705882352942,61.8283384809495
Q08495,65,0,2.418001980129615,10.263823529411766,39.594072599334964
Q08495,70,0,3.2599872698220986,9.579411764705881,14.20403069729752
Q08495,71,0,2.0382508622641957,10.418235294117647,50.003272083098594
Q08495,72,0,1.9140474012871427,10.12,58.415358999480155
Q08554,45,0,2.2598044032836597,10.515,64.37890746660972
Q08554,55,0,2.0771425228629727,10.44,59.63603522000817
Q08554,70,0,1.9249604134913523,10.74,61.44055295026075
Q08554,97,0,2.880933008269425,10.379999999999999,53.35468250854317
Q08554,129,0,2.0028181392759272,10.18,39.83726016815664
Q08554,146,0,2.0439387084574543,10.93,40.942151759439476
Q08554,148,0,2.2739802944358103,10.45,59.470479832148676
Q08554,158,0,1.9612477136578692,10.445,65.47298347068408
Q08554,180,0,1.9153770211796162,10.5,52.17532535389321
Q08554,242,0,2.1183920387174937,10.754999999999999,60.96844684175019
Q08554,255,0,2.342102415269759,10.004999999999999,35.693973969462085
Q08554,259,0,2.2637401163422823,10.285,56.132357650630404
Q08554,286,0,2.2708057332938663,10.305,51.20917107568219
Q08554,310,0,1.9042505833469305,10.83,35.05919226635783
Q08554,327,0,2.3497453248589695,10.525,48.967252018264176
Q08554,342,0,2.1285556851639384,9.8,33.932980387431115
Q08554,360,0,1.9567608415699427,10.26,56.496978747987676
Q08554,376,0,2.2016287099376735,9.965,27.264982705110246
Q08554,397,0,2.2401442129296054,10.58,68.69750108035927
Q08554,404,0,1.8829140733725973,10.405,75.54492951809297
Q08554,407,0,2.0039771268055553,10.43,76.52996607714901
Q08554,445,0,2.1545336968150206,10.100000000000001,45.768799810136755
Q08554,460,0,1.9647840230209725,10.379999999999999,70.10256203221557
Q08554,483,0,1.9326339012147193,10.345,72.54992815920896
Q08554,490,0,1.9045512376900144,10.325,70.69864651331076
Q08554,493,0,2.042346139733204,10.255,65.60671387046423
Q08554,515,0,2.735250001284877,10.225000000000001,38.51579503331696
Q08722,6,0,1.9048673597309074,10.004,61.81090745421082
Q08722,8,0,1.9140296929970275,10.415945945945946,77.22737797703986
Q08722,39,0,3.5690868866237904,10.593333333333334,26.110611525365552
Q08722,41,0,2.2240126236122326,10.93939393939394,34.494608994932456
Q08722,43,0,1.8824772547739737,10.180857142857143,63.687879100034635
Q08722,56,0,2.0634142156782103,9.585405405405407,53.96330063532924
Q08722,67,0,2.398758284942248,10.099729729729729,55.63019502659425
Q08722,75,0,1.9294366626543578,10.358378378378378,60.06750537590812
Q08722,81,0,2.3008270251004106,10.349142857142857,42.253030849033934
Q08722,84,0,2.189688250605782,10.44027027027027,46.51353283382969
Q08722,112,0,2.2301223240208587,10.792121212121211,53.00546295017041
Q09666,2,0,1.8707285187568548,10.43,73.00802800047227
Q09666,7,0,2.0418579899338747,8.35,43.952135679121064
Q09666,9,0,2.9368782613167586,5.59,36.0633347265693
Q09666,12,0,2.0277570761414387,5.55,32.594629192078386
Q10587,14,0,1.975955206401647,10.365,69.2390658389453
Q10587,28,0,1.956312764383469,10.344999999999999,65.84411682781287
Q10587,34,0,1.9601569601009854,10.16,61.7186493499504
Q12792,14,0,2.0603738537388296,10.44,34.22038702784936
Q12792,24,0,1.9395726606779995,10.12,49.129305839311854
Q12792,29,0,3.3043458039118576,11.05,19.620587843530725
Q12792,51,0,1.9418155374408788,10.7,65.165500089714
Q12792,64,0,1.9431893309292123,10.17,65.6607918065065
Q12792,98,1,2.3328579094572826,9.3,35.42531871019495
Q12792,109,0,2.519743187170691,10.77,28.729570292767384
Q12792,118,0,2.047143765404384,8.79,24.486064015930967
Q12792,126,0,2.08153275134206,10.51,71.08972571129748
Q12792,135,0,2.010252417544845,10.62,60.58999946422479
Q12792,136,0,2.1456974494349708,8.4,18.83993479403713
Q12792,192,0,2.593833995383163,10.16,46.5387681721158
Q12792,208,0,1.901668851912502,10.52,74.30799286058894
Q12792,223,0,1.9506843469620927,10.52,52.49987478245546
Q12792,227,0,1.923081467910688,10.75,45.239425085545136
Q12792,231,0,1.870722018345469,10.63,55.517701775463216
Q12792,242,0,2.2385103848467707,11.26,43.03026367652549
Q12792,276,0,2.304185304714661,8.0,23.86409412036713
Q12792,294,0,2.034937750228233,9.51,17.53447214677668
Q12792,315,0,1.897652666638889,11.4,59.12434831655472
Q12792,320,0,1.9042972510408784,8.25,12.376893307439538
Q12792,325,0,3.432793517425671,5.0,1.936562796473784
Q12802,4,0,2.142746689056782,10.420526315789473,15.282878568560848
Q12802,19,0,2.0035601140589487,9.246363636363636,37.19264902740788
Q12802,21,0,2.55292479650277,9.266842105263157,17.03411151157434
Q12802,30,0,2.2729603200091346,10.370526315789473,56.184215458969554
Q12802,36,0,2.520398030511812,8.498947368421051,23.211133722272585
Q12802,37,0,2.5456728936597948,9.722631578947368,38.22133444952547
Q12802,46,0,2.0646990830501966,7.3852631578947365,19.844407374090668
Q12802,50,0,1.934768019608845,10.4,72.12938275117969
Q12802,56,0,2.4292178711509247,8.450000000000001,14.083189763428821
Q12802,63,0,2.6593408824105302,10.398947368421053,27.468725495118353
Q12802,67,0,2.6201174214316123,10.500526315789473,40.23973539015239
Q12802,69,0,2.731649799550078,11.573157894736843,2.762427911294527
Q12802,70,0,3.1819977879637826,8.520526315789473,11.159694945884047
Q12802,80,0,2.5212970498049834,10.263157894736842,29.757360241978972
Q12802,87,0,2.2797075870687276,9.322631578947368,26.604775458830403
Q12802,104,0,2.108955982805999,10.34421052631579,60.943983239088325
Q12802,107,0,2.040352675301026,10.994210526315788,30.459690493046388
Q12802,116,0,2.34137623759484,10.12421052631579,23.97235850140845
Q12802,123,0,3.003747759981994,10.120526315789473,7.7937453840435635
Q12802,124,0,2.011183423603068,10.453684210526315,42.31703258121215
Q12802,135,0,2.7212376311491586,10.464736842105264,45.86304845092665
Q12802,157,0,2.0888865412287543,10.301578947368421,53.292610218168875
Q12830,8,0,2.590269764102333,10.118541666666667,56.648168576210914
Q12830,14,0,2.764348371099654,10.323333333333332,61.428404504189935
Q12830,21,0,3.066071731242396,10.248636363636363,35.49563267077033
Q12830,72,0,4.653512973802752,10.76125,69.03761939126471
Q12830,78,0,4.737366976536101,10.16,43.46082549468466
Q12830,88,0,5.195505224049542,10.4275,79.48012201902611
Q12830,110,0,2.730817432959507,10.35875,68.51773080386538
Q12830,129,0,3.6895757611384736,10.7425,41.516392354115176
Q12830,139,0,3.555308026950317,10.92375,30.39561659995139
Q12830,168,0,4.816413863189639,9.93,38.30829856540896
Q12830,170,0,4.445001362768359,10.3,55.44167359700017
Q12830,173,0,4.2245294259803705,10.73,14.681064519284934
Q12849,3,0,1.8969225644909788,10.4985,76.57209614363059
Q12849,53,0,1.9651872031918098,10.436,55.67377511674586
Q12849,70,0,2.1410075325970186,10.8835,41.41321067039883
Q12849,74,0,2.4906676219429267,10.6845,26.68118316028754
Q12849,99,0,1.9207967317595827,10.489,64.87994895245677
Q12849,104,0,1.8784012428854993,10.388,63.922412782842855
Q12860,28,0,2.1626971726201907,10.2845,62.574689169406916
Q12860,45,0,1.8878196893111538,10.474,78.59906481369612
Q12860,60,0,2.1596823298521297,10.572,63.51191297901996
Q12860,111,0,2.190428376150863,10.256,62.97482171747297
Q12860,112,0,1.9274787856384115,10.75,69.88915462500492
Q12906,14,0,1.9403738238131907,10.7555,53.20416749551274
Q12906,17,0,2.0351140142580877,10.750499999999999,47.82185188045794
Q12906,26,0,2.039190076467837,10.516,32.270948610234385
Q12906,31,0,2.128800040515051,11.2645,52.399343817540604
Q12906,44,0,1.9991623276766521,10.393,54.807919456493025
Q12906,56,0,1.9348320281993678,11.047,44.18226115890427
Q12906,64,0,2.1932288609470687,10.6115,47.81926333901108
Q12906,65,0,1.9575044514074005,10.2255,72.40544107708261
Q12906,68,0,2.934131401513241,9.702,40.68023619816199
Q12906,78,0,1.9299188933760587,10.3535,52.12229297915597
Q12906,91,0,1.8334002466594068,10.5205,77.77572537402187
Q12913,29,0,2.223002736502612,10.652,62.231514350648936
Q12913,42,0,2.2288039393001613,10.649,48.490399159603584
Q12955,53,0,2.2110827749624242,10.425,37.06064858608234
Q12955,54,0,1.9623535020728835,10.02,30.631739194669045
Q12955,61,0,1.89430868184197,10.375,72.95244471795016
Q12955,74,0,1.9326280848193595,10.51,66.74843736311807
Q12959,5,0,2.08808457299597,10.36,34.23714218866851
Q12959,21,0,1.912111268544468,10.26,47.04806615615556
Q12959,65,0,1.924661082911049,10.61,63.176544690756906
Q12959,110,0,1.870723205462859,10.43,48.61699716231239
Q12959,117,0,2.226306105075841,10.03,41.938003905703965
Q12959,121,0,3.121355183853331,10.69,12.39852448185644
Q12959,127,0,1.9042298789727767,10.42,56.27459653051404
Q12959,151,0,1.948955653664979,10.27,38.52967040087032
Q12959,162,0,2.01857694099444,10.15,63.19241627864223
Q12959,166,0,2.227650066313112,10.73,32.61794570005424
Q12959,170,0,2.0170611510060463,10.24,47.476599029059294
Q12959,182,0,1.998942820795144,10.31,57.55967155044964
Q12959,214,0,2.003088701565393,10.41,40.93164705900404
Q12959,225,0,2.362796933470903,10.79,24.06329072955881
Q13002,20,0,2.0543337181152053,10.280000000000001,38.08282793328238
Q13002,21,0,1.8984128565368792,10.545,84.71955816382027
Q13002,24,0,1.922255802757922,10.415,80.3548224079711
Q13002,60,0,2.3786489961831885,11.35,31.11479179008196
Q13002,82,0,1.9048366093967357,11.29,49.01964462074748
Q13002,98,0,1.904818438803084,10.345,48.89628802170887
Q13002,104,0,2.19604144521783,10.18,65.40264124767481
Q13002,117,0,1.88703956806038,10.34,56.228454388414434
Q13002,129,0,1.8884626040053907,10.8,57.47545395988699
Q13002,132,0,1.9290774685396666,10.5,75.99890601899843
Q13002,148,0,2.313931646753614,10.26,33.558345463490525
Q13002,149,0,1.9452977755418095,9.415,51.268877698562136
Q13002,151,0,1.8934422410477718,10.56,76.00121312610341
Q13002,157,0,1.9259171201955692,10.370000000000001,59.91532607940464
Q13002,172,0,1.9076607360155757,10.465,62.88049867054128
Q13002,215,0,2.0109703527766825,9.77,11.813877361515727
Q13002,230,0,1.9654119266273873,10.375,59.28591126375028
Q13002,243,0,1.9567692105949115,11.305,37.133428815890504
Q13002,248,0,2.286168283908296,10.21,34.14436703061719
Q13002,250,0,1.9494742470791169,10.73,55.22134486847458
Q13029,38,0,1.9219006365334392,10.36,59.580451937486046
Q13029,39,0,1.9619862869788962,9.949375,53.57172647287497
Q13029,47,0,2.3583298675155477,10.64,34.023006651910535
Q13029,48,0,2.528928098673029,9.344375,18.27187511928276
Q13029,51,0,1.9688001110751263,10.399999999999999,63.139221915533795
Q13029,52,0,2.1042046071688785,10.40125,60.29969666807901
Q13029,53,0,2.1935182237144266,10.48,36.079244493532016
Q13029,54,0,2.2777624898122144,10.336111111111112,40.94852766536317
Q13029,55,0,2.0085357884916535,10.004999999999999,42.12608426745276
Q13029,62,0,1.9525362414861371,9.885,42.211976965035774
Q13029,63,0,1.9905335451833617,10.107222222222223,33.489592217321075
Q13029,64,0,2.2358088525134328,10.122777777777777,19.919630012295606
Q13029,65,0,2.1672760133281104,10.278125,60.5711560442264
Q13029,69,0,1.9264509818278448,10.899999999999999,39.368966513230916
Q13029,70,0,1.9034592398957368,10.388125,70.87512588968771
Q13029,94,0,1.9443166858972494,11.129999999999999,42.06712009127416
Q13029,95,0,1.971586721284331,10.86125,50.24078945736716
Q13029,124,0,3.1798754221168526,10.135,42.993202700690176
Q13029,125,0,3.978582332860441,8.22125,14.870661330612617
Q13029,127,0,2.4033885988152237,10.55,66.22012619853939
Q13029,128,0,2.342914648916062,7.7562500000000005,20.414684700649342
Q13094,32,0,2.191371554981255,10.6815,60.80527546456585
Q13094,33,0,1.9881025122771916,10.592,60.010496701854336
Q13094,37,0,2.0175887571713247,10.1365,49.14180512383309
Q13094,41,0,1.985615869766662,10.442,70.23870098636347
Q13094,44,0,2.0651590825859922,10.9875,49.38495785023624
Q13094,45,0,1.9102248075401502,10.51,69.20074986229471
Q13094,63,0,2.0471816839745656,9.9525,24.806858259524482
Q13094,66,0,1.8845286906690906,10.41,80.95581235509518
Q13094,74,0,1.98916554901271,10.424,66.568721900871
Q13094,81,0,1.9016514391372854,10.424,64.67034090886156
Q13426,4,0,2.3068970493351055,9.164,33.39572550126674
Q13426,11,0,2.340909357618661,9.48,43.300113395499466
Q13426,26,0,1.9371817565661167,10.554,72.73548174780396
Q13426,33,0,1.870792132665866,10.66,71.388831511858
Q13426,63,0,2.0032333585695774,10.825999999999999,35.959029487146985
Q13426,65,0,1.9533282761263784,10.53,62.91502673729965
Q13426,70,0,2.1642365386238254,10.2,24.27835892663581
Q13426,72,0,2.081485705201651,10.776666666666666,44.462360869325956
Q13426,79,0,2.024776909803135,11.42,48.23198843763026
Q13426,90,0,1.9240317820206385,10.364,34.96820388912825
Q13426,97,0,1.923485867164027,9.64,39.11024326823839
Q13426,99,0,2.809699723737668,10.958,22.54547605386977
Q13426,102,0,1.9562411393617645,10.308,63.95904342593449
Q13426,106,0,3.318718481856502,10.58,21.750849462052408
Q13426,109,0,1.9146971414809204,10.43,81.25807938326338
Q13426,115,0,1.9567268411746896,10.076666666666666,52.55439450496465
Q13426,122,0,1.947678854111726,10.41,57.59193832499588
Q13426,135,0,2.5134637498572885,8.4,8.544281169753887
Q13426,138,0,2.4186052788032963,6.96,13.426512502973274
Q13426,140,0,1.848178146108788,11.38,54.61799545436797
Q13426,142,0,2.0833288494792668,10.49,59.85761567685667
Q13426,145,0,2.3292173340027262,10.25,69.92193681709588
Q13426,146,0,1.9444755755892664,10.07,64.80274431299479
Q13426,148,0,2.8566386902636163,9.06,0.4675409816858059
Q13426,149,0,2.044312618532468,10.07,63.18842383797829
Q13426,153,0,2.202743179456959,11.26,65.9711549807424
Q13426,155,0,2.129348644378517,10.35,70.84513963324612
Q13426,166,0,2.171026802444862,10.54,45.17453156229442
Q13426,173,0,1.963842612047002,10.62,64.72233917601699
Q13426,174,0,1.872184346487077,10.43,74.0235151008217
Q13426,181,0,1.8413814720660229,10.47,74.36038546307225
Q13427,35,0,2.203068523638235,10.2875,45.59732530174375
Q13427,48,0,1.9946537578535983,10.817499999999999,43.741433532251015
Q13427,52,0,1.924948584390833,10.38875,66.54494151710489
Q13427,56,0,2.2661294769959643,10.3575,45.801332474686234
Q13427,61,0,2.0996259213004924,10.3225,55.28175916782467
Q13427,70,0,1.954275654662781,10.67375,49.123100375697916
Q13427,103,0,2.0210809388697815,10.50875,61.95076723215782
Q13427,106,0,2.4338762533266816,10.203333333333333,49.10990541384515
Q13427,117,0,1.9249364184234212,10.855,73.38091214100695
Q13427,129,0,2.2281722402778206,10.68125,44.49355453908993
Q13427,158,0,1.9395102029209246,10.370000000000001,69.97772053977428
Q13427,164,0,2.0417342226639996,10.2275,43.87280364692553
Q13451,18,0,1.919027555462717,10.578,65.07369358939754
Q13451,19,0,2.0062783348397937,10.509,63.268537723137186
Q13451,25,0,2.2081434028777966,9.424,10.550806580124647
Q13451,28,0,1.9943413578438882,10.328,54.02187824834931
Q13451,42,0,2.4249811801319785,10.844,55.41632978001504
Q13451,48,0,2.44036910010619,10.049,46.66498820195846
Q13451,50,0,2.3316553052618305,9.898,46.37023481622009
Q13451,55,0,2.1482155154651625,10.318000000000001,65.37928874228314
Q13451,56,0,1.9681599553648454,11.015,43.17452168418752
Q13451,73,0,1.9585279978842312,10.393,44.798450196736255
Q13451,78,0,1.9804926464262738,10.376000000000001,71.55302881539328
Q13451,88,0,2.7976131238239486,10.578,39.88996038492061
Q13451,89,0,2.2894079750358136,10.931000000000001,44.241053120173085
Q13451,98,0,2.7507818531040815,10.046,49.42272732066479
Q13451,111,0,1.939683361199048,10.283,58.74898362682065
Q13451,128,0,2.0870924593842277,10.758,66.79744293602172
Q13464,5,0,2.0900908940224894,10.415,68.20063856723996
Q13464,13,0,2.1757749048772244,10.241132075471697,54.1847434005186
Q13464,17,0,2.0355818246323314,10.692499999999999,59.60192766851645
Q13464,22,0,1.9546233569416482,10.174528301886792,56.18158365367898
Q13464,29,0,2.1167550114933356,10.525,59.19262886938509
Q13464,35,0,1.989949874810698,10.442499999999999,60.192890699087826
Q13464,42,0,2.112664054189371,10.4625,63.17982536433526
Q13464,45,0,2.147453278056962,10.175,51.42124494226124
Q13464,48,0,1.8974093989924417,10.284385964912282,65.40495811484469
Q13464,50,0,2.1565769349247557,10.201960784313725,55.850491147256896
Q13464,60,0,2.2079092788913144,10.368958333333333,55.89515649697656
Q13464,65,0,2.142460810712714,10.1494,54.80969282009613
Q13464,69,0,1.9960804074701313,10.35,52.40034192770658
Q13464,71,0,1.9721520328454267,10.49,58.12384104992593
Q13464,72,0,2.3495372077108785,11.01282608695652,27.868717704184768
Q13464,80,0,2.2596563146188315,10.53679245283019,36.367758224285936
Q13464,84,0,2.027086570425138,10.684999999999999,63.31727822416069
Q13464,91,0,2.045836263218773,10.6175,60.135867519932816
Q13464,96,0,2.0212807210155024,10.331132075471697,51.784846318654004
Q13464,100,0,2.212463791651191,10.318076923076923,54.34885624382867
Q13464,103,0,1.9865506955796706,10.365,62.7058130290323
Q13464,105,0,3.120369492701513,12.632075471698114,22.692701779875
Q13464,109,0,3.7077740200793547,7.657735849056604,2.212619754234418
Q13464,110,0,1.9826574357346414,10.205,50.4730648282688
Q13464,111,0,2.1221505238491414,10.342500000000001,55.43829474865139
Q13464,114,0,1.9633087004039258,10.716923076923077,50.53776703658228
Q13464,122,0,2.126031458153719,10.370000000000001,64.0032089826562
Q13464,128,0,1.9962045741409908,10.4125,56.19884651390052
Q13464,173,0,1.9458253688255203,10.086415094339623,61.15113372704879
Q13464,200,0,3.1386290162145407,11.115849056603773,24.46702119772551
Q13464,208,0,1.9598984436169795,10.357358490566039,67.45014184345418
Q13464,213,0,4.285056636225889,9.844150943396226,12.583936488848552
Q13464,222,0,1.9552763110822624,10.228490566037737,55.26380391305479
Q13464,225,0,1.8866661552870982,10.48076923076923,77.23639396559793
Q13464,247,0,2.0069437814823785,10.323396226415094,52.82289447520812
Q13464,289,0,2.2857962909588996,10.143207547169812,40.396531580148114
Q13464,294,0,1.9287964457693687,10.504150943396226,65.59968511260809
Q13464,307,0,2.0154440356892755,10.520377358490567,72.2472500936529
Q13464,310,0,2.3409814283121015,10.075283018867925,34.258260260983384
Q13464,333,0,2.275808623501797,10.179056603773585,29.57602637140373
Q13464,339,0,1.9135298497862956,10.405094339622641,70.14667121562572
Q13464,375,0,1.9151944148934983,10.544905660377358,59.4584605234626
Q13464,385,0,1.9088446357595887,10.260192307692307,77.17894032783414
Q13506,31,0,1.8780659911778332,10.527894736842105,73.84166097870731
Q13506,38,0,2.260020865184769,10.436842105263159,56.506809142763096
Q13506,42,0,1.9506927372117897,10.259473684210526,57.802180457042525
Q13506,45,0,1.966017344852839,10.399473684210527,73.14753951633891
Q13506,46,0,1.9735245229496998,10.330526315789474,71.00359543507595
Q13506,49,0,1.9222636681666314,10.308947368421054,68.14205578712672
Q13506,64,0,2.56860279315784,10.153157894736841,13.225075097705764
Q13506,70,0,1.971122260690358,10.461052631578946,64.56228674239446
Q13506,81,0,1.8972320501836721,10.433684210526316,70.23178328201375
Q13506,83,0,1.9063172664812613,10.369473684210528,72.72922715374571
Q13506,86,0,1.882221471245589,10.424736842105263,63.115409366612624
Q13506,105,0,1.9654573245435598,10.327894736842104,51.10843859413328
Q13506,130,0,1.9944173793854947,10.503157894736843,59.69732900167664
Q13509,19,0,2.23751448239305,9.696,26.85751922877044
Q13509,58,0,2.398112981781093,9.82088888888889,43.41438155606858
Q13509,103,0,3.081266184273768,9.59909090909091,26.150773435616202
Q13509,122,0,2.006519516638404,9.968372093023255,54.57740589463285
Q13509,154,0,2.1391592284878573,10.024222222222223,40.04604881602907
Q13509,174,0,1.9442262946400581,10.447555555555555,49.60890122836476
Q13509,216,1,1.9936256105063794,9.93911111111111,53.0143745748867
Q13509,252,1,3.76966172365553,7.836923076923076,15.980602996424322
Q13509,297,0,1.9256881666752061,10.296222222222221,54.06217135579316
Q13509,324,0,2.519961267114172,9.269714285714286,37.78300826189119
Q13509,336,0,1.9437452289035195,10.231555555555556,59.59633188840738
Q13509,350,0,3.3141547705877796,7.209444444444445,26.746439930188824
Q13509,362,0,1.9421448045123475,10.076222222222222,53.726436184776915
Q13509,379,0,2.0760724508365773,10.306888888888889,54.004816927690534
Q13509,392,0,2.2942509566979075,9.858055555555556,39.93960736632437
Q13576,2,0,1.8706326803768603,10.350000000000001,71.13999119375491
Q13576,5,0,1.9029777376774653,10.335,57.45945147230778
Q13576,10,0,2.325590445324733,10.165,46.11998732640758
Q13576,14,0,2.006134709039945,8.98,24.284740286713422
Q13576,29,0,1.9183091945932182,10.184999999999999,65.32329967070993
Q13576,49,0,2.114081495985638,11.3,32.026115459010796
Q13576,57,0,1.9772498423296008,10.76,45.63506941035661
Q13576,77,0,1.9681668282674276,10.645,45.58054968784743
Q13576,81,0,2.021541666749804,10.735,57.58218629780036
Q13576,83,0,2.5691669889285156,9.225000000000001,33.29700422462003
Q13576,95,0,1.8586248951794104,10.66,52.12111651815705
Q13813,6,0,1.889592522905854,10.424,63.55392850826938
Q13813,18,0,1.9426838828148605,10.62,56.40826475293959
Q13813,26,0,2.2638604784769156,10.815999999999999,62.754942956645166
Q13813,27,0,2.016985919216385,10.488,62.192722226361795
Q13813,30,0,1.9143172839424265,10.46,78.52135948290497
Q13813,39,0,1.9349257895374414,10.368888888888888,69.35199591375454
Q13813,43,0,2.916072829364866,10.124,43.76841359540989
Q13813,58,0,1.919775756859728,10.8475,67.24323820605846
Q13813,59,0,2.262550944402215,10.382,63.25609897972438
Q13813,63,0,3.45647981152248,10.7125,11.548568225673897
Q13813,73,0,1.947474167357147,10.4475,54.34778576123577
Q13813,81,0,2.0165269885619663,10.6275,35.83399573578029
Q13813,84,0,1.9718045153953097,10.1625,69.80970669203874
Q13813,101,0,2.0797065918286295,9.7025,52.57083877901078
Q13813,137,0,2.0924463727359157,10.725,56.15664772507965
Q13813,141,0,2.048792760491139,8.775,35.62673243295205
Q13813,144,0,2.0048462799189677,10.4075,65.69800004449746
Q13867,10,0,1.9606561862505574,10.193333333333333,59.26427790767181
Q13867,17,0,1.9163876771651778,10.369375,69.52895139231677
Q13867,42,0,2.2702577735145866,10.611875,40.616516272479394
Q13867,62,0,2.341546772456948,10.968125,43.60885464071563
Q13867,68,1,1.875936867497546,10.9125,42.938159379405406
Q13867,88,0,1.91802784770271,10.039375,61.352956511349326
Q13867,89,0,1.9238143471092115,9.5775,51.5545356008822
Q13867,107,0,5.944203236398694,9.985625,10.230214003872046
Q13867,125,0,1.9718669268447306,10.360625,67.70287407341738
Q13867,156,0,1.9430578950732995,10.77125,42.83114274371935
Q13867,162,0,2.0117833111884798,10.73125,35.03494718867837
Q13867,163,0,1.9140516150009856,9.668125,62.96212894684169
Q13867,184,0,2.7426370493396734,11.149285714285714,32.80308461711892
Q13867,202,0,1.9225777975441483,10.36875,74.98122021285303
Q13867,238,0,1.9177036471726439,10.5875,43.15195539508232
Q13867,240,0,2.0607570110624245,9.73125,61.77817803105894
Q13867,244,0,2.004767549001404,10.3,40.60390040541828
Q13867,259,0,2.25512473789037,11.35375,22.1294502376566
Q13867,267,0,2.936125178169176,11.193125,5.502288866067652
Q13867,279,0,2.1720628250452347,10.31625,66.18169282122585
Q13867,282,0,2.7768165017316386,10.115,42.19713212162448
Q13867,297,0,1.9526508106252474,10.32125,63.923562654841454
Q13867,309,0,3.086139477225654,9.75,10.681619552977013
Q13867,310,0,2.0436936139671134,10.62375,52.15345078785796
Q13867,317,0,1.9798990662414824,10.611875,39.646862472764276
Q13867,330,0,2.2865929559471376,10.854285714285714,28.128490585853203
Q13867,335,0,1.9021640154334882,10.48625,74.69220391526136
Q13867,355,0,1.9620436149286564,10.245625,47.45451584163689
Q13867,359,0,2.490723506616837,6.648125,9.053499386792687
Q13867,382,0,2.0461337809616063,10.405333333333335,48.7382102788634
Q13867,391,0,2.9360381281725036,9.963125,25.142141462986505
Q13867,405,0,2.103222516634278,10.591875,64.38951238712329
Q13867,427,0,1.906102387473403,11.346875,50.34248829298854
Q13882,12,0,2.2364522302784815,10.171000000000001,49.50923238337832
Q13882,20,0,1.9216939587597206,10.4245,58.72927667790407
Q13882,35,0,1.9260454840455854,9.81952380952381,55.92414220836202
Q13882,40,0,1.9406117706855341,10.415000000000001,64.30610269310895
Q13882,54,0,2.0237540554528635,10.18047619047619,42.252270695811504
Q13882,98,0,1.954207786360252,10.196666666666667,37.71477617311416
Q14012,11,0,2.1244519597457288,11.43,50.286590033077985
Q14012,40,0,1.982492757113506,11.079999999999998,53.32954976731446
Q14012,44,0,2.234537125129867,10.82,48.37529087752682
Q14012,49,1,3.6784850600687005,9.995000000000001,11.974687635471357
Q14012,53,0,1.8910570337690686,9.885000000000002,40.76077387107988
Q14012,59,0,1.887613052876655,10.21,68.4465336422303
Q14012,72,0,1.9079723764879724,10.23,50.20906468936596
Q14012,74,0,1.972900210217997,10.51,73.69958744580545
Q14012,110,0,2.0460673098914124,9.805,22.777643023462403
Q14012,130,0,2.2469465965319055,11.415,34.659113714415525
Q14012,143,0,2.9879076747512565,9.485,24.967300378091018
Q14012,157,0,2.1348529543814667,9.795,33.321826079075734
Q14012,167,0,2.2576981053095313,9.59,27.038657134357887
Q14012,193,0,2.1057160348911848,10.295,51.30207713342742
Q14012,197,0,2.1325128817534313,10.045,40.27328704853612
Q14012,225,0,2.0076136968104183,10.665,63.78557187908642
Q14012,232,0,2.071197970730785,10.79,61.191401745384645
Q14012,250,0,2.722750081884451,10.065,23.64645701679736
Q14012,259,0,2.0281811018665694,10.0,55.569030817933594
Q14012,263,0,2.014939618314466,10.695,62.850179028941795
Q14012,284,0,2.160791356515766,10.65,60.05118359921066
Q14012,295,0,1.950435797160268,10.54,60.74868261815455
Q14012,296,0,1.925751223190006,10.6,69.32159809594896
Q14118,8,0,1.8955236317421316,10.445625,80.64289581870516
Q14118,9,0,1.8948187535553656,10.45875,77.03207480456288
Q14126,9,0,1.8954325824825635,10.379000000000001,72.30555806565255
Q14126,17,0,1.9083391552433357,10.3975,64.5079172961786
Q14126,18,0,1.9626460894330384,10.205,36.61070543199516
Q14126,23,0,2.1815878998260403,9.245000000000001,36.385132534482715
Q14126,27,0,1.8965532551913014,10.4855,78.21528490989047
Q14126,28,0,1.9615306919971807,9.9645,48.60347195144021
Q14126,33,0,1.9644308634289325,10.405,56.67046829354365
Q14126,35,0,1.9690602122342273,11.02,62.465505734725284
Q14126,39,0,2.487856513922353,9.985,47.57200854345035
Q14126,43,0,2.398355517227069,10.1075,39.8562078988486
Q14126,45,0,1.9147853053169108,10.381,72.23202352635829
Q14126,49,0,2.5827985827983424,10.268,56.25950379580742
Q14126,53,0,2.3646291806726696,10.178999999999998,46.01539192599712
Q14126,57,0,2.212694482707074,10.665,66.5925031027602
Q14126,67,0,1.9907559760099964,10.364,62.954227923130226
Q14126,92,0,2.1884840358617637,7.353333333333334,21.595744233089224
Q14126,97,0,2.4036865635748628,10.61,71.70894671328941
Q14126,99,0,2.4669568029812408,9.9575,61.589508620687596
Q14126,102,0,2.0082171077656064,10.3055,68.58444955972291
Q14126,109,0,2.3087689904495026,10.306000000000001,61.95843795422034
Q14126,129,0,1.9517067488821944,10.45,50.476165514768056
Q14126,131,0,1.944602196699085,10.370000000000001,50.38519022750784
Q14126,144,0,2.211517417009451,11.25,37.507180166897264
Q14126,146,0,2.2370470987943767,10.395,56.78030295420243
Q14126,164,0,2.28919637203872,9.86,41.59988999636137
Q14126,166,0,2.2257711293261573,9.8625,41.04387718406118
Q14126,200,0,1.9115764296077529,10.47,57.28006980428014
Q14126,202,0,1.9103920436501087,10.2775,65.90572967748523
Q14126,203,0,2.0932112165081005,10.64,65.37932473969896
Q14126,205,0,2.1836178005639275,10.7275,50.68733126472067
Q14126,224,0,1.897902835789628,10.43,74.12404606573656
Q14126,226,0,1.8895788573027992,10.5025,73.60614960805377
Q14126,243,0,2.5614304351792847,10.42,38.56743496256034
Q14126,245,0,2.3292270834214266,10.4025,37.739486217414665
Q14126,287,0,2.327037474374685,10.62,39.26768287507611
Q14126,289,0,2.2951419059252793,10.485,36.98237056913039
Q14126,295,0,2.0394706647302896,10.68,54.03954970702574
Q14126,297,0,2.0189192582361737,11.305,57.22827443165025
Q14126,306,0,2.0051240468819094,10.65,52.56503010509399
Q14126,308,0,2.04327007282058,10.865,56.70315394711037
Q14126,311,0,1.939824436627317,10.2,73.78868104996585
Q14126,313,0,1.9084624233010432,10.385,70.07392772417504
Q14126,316,0,1.9163646176695908,10.33,65.49324019831506
Q14126,318,0,1.9263453876986563,10.318000000000001,63.08371062784333
Q14126,320,0,1.9261061533449557,10.337499999999999,72.5431459188188
Q14126,325,0,2.489767013334098,11.28,47.95389203794062
Q14126,327,0,2.296833478801953,10.738,59.82737784756587
Q14126,329,0,2.2440757954027872,10.831999999999999,56.40088855518834
Q14126,331,0,2.2886256209453526,10.82,44.48525468037361
Q14126,332,0,1.9003855408734205,10.76,71.7116956068613
Q14126,334,0,1.9142621705923129,10.795,73.58423209055644
Q14126,338,0,1.8707606158884147,10.13,50.9266895362469
Q14126,340,0,1.876323212202256,10.1925,54.90457579046848
Q14126,355,0,1.9461369700289384,10.21,55.20033546760369
Q14126,357,0,1.9226330476138533,10.282499999999999,56.46863078302755
Q14126,379,0,1.9827517753782768,10.39,29.862343518850825
Q14126,381,0,1.9709636678746378,10.295,33.6159249663446
Q14126,397,0,2.4855088406828183,10.32,37.74901735137672
Q14126,399,0,2.454442097256872,10.6975,45.758491459242165
Q14126,400,0,2.316043254429565,11.45,45.56716519414619
Q14126,402,0,2.3438367590525004,10.965,51.81378858057346
Q14126,417,0,2.526457523601732,11.45,49.71288939963963
Q14126,419,0,2.67045528734801,10.870000000000001,50.523992990426606
Q14126,428,0,2.2413077411915885,9.86,52.73258171328544
Q14126,430,0,2.2285171630836613,10.03,43.3843309860621
Q14126,485,0,2.0536588426498925,10.48,64.8335057410612
Q14126,487,0,2.0458193669533236,10.4275,53.692550980959716
Q14126,492,0,2.1929274121777165,9.9,30.80505038939209
Q14126,494,0,2.142953677722578,10.076,30.430624904961746
Q14126,496,0,2.0332715391911433,10.435,54.50480812529918
Q14126,510,0,2.005266928326339,10.39,63.67271998048325
Q14126,511,0,1.952877657230894,10.45,62.28197618264721
Q14126,512,0,2.1264440878728936,10.5975,43.54660570034323
Q14126,513,0,1.9341462169786,10.62,64.59326389660114
Q14126,532,0,1.96200380107276,10.28,55.55546633715325
Q14126,534,0,1.9265861551801964,10.3875,62.18862833843508
Q14247,46,0,1.9339861606722788,11.7075,45.44699927514638
Q14247,58,0,1.8735596413658293,11.2545,46.41594989806834
Q14315,10,0,2.0190458137782987,10.7725,50.592674423569534
Q14315,13,0,2.0653306563900107,10.9475,40.22933584006317
Q14315,20,0,2.1788438903364016,8.5045,6.117819723876252
Q14315,21,0,1.8755805491992603,10.464,78.51380166182845
Q14315,25,0,2.279728015463794,10.3765,57.43734578650049
Q14315,28,0,2.1748042288032527,10.282,54.18172150081625
Q14315,34,0,2.0959680069374333,10.428,64.5100689598971
Q14315,37,0,1.9591903531525792,10.666,62.43059805885461
Q14315,44,0,2.042002866251587,10.589,56.73653991403946
Q14315,53,0,1.9379072401591522,10.640227272727273,73.17070136382118
Q14315,55,0,2.1156730390004297,11.47,19.0186537823644
Q14315,56,0,2.1748856452403995,10.45875,60.83098716423239
Q14315,57,0,1.9880075075985026,10.673,61.20904211538378
Q14315,58,0,2.0192929802794004,10.5435,24.526953807812845
Q14315,59,0,1.9306768845461684,10.4065,68.68529550202622
Q14315,60,0,1.922990105637335,10.442,78.8072035082273
Q14315,62,0,1.8706878314963054,10.6205,72.04799491919722
Q14315,65,0,2.1882986997301033,10.173,45.61846478418544
Q14315,66,0,2.123120055210565,10.3575,55.31483506610383
Q14315,69,0,1.9262857888121765,10.257,54.588493935855354
Q14315,82,0,2.1545681565846886,10.1385,41.35709397162409
Q14315,84,0,2.3617888242406986,10.498333333333333,44.84504067028746
Q14315,87,0,2.1031243821711882,10.4495,57.70447279184134
Q14315,90,0,2.846484564875258,9.475294117647058,18.31563724507287
Q14315,95,0,1.9454641250581879,10.281,66.9180293702882
Q14315,96,0,1.9212714447887258,10.234,58.742144117814405
Q14315,97,0,2.048088108536286,10.405750000000001,64.77928463347874
Q14315,107,0,1.9645847342764404,10.9575,47.03128645164381
Q14315,140,0,1.910611178487814,10.870000000000001,51.64814319917441
Q14315,146,0,2.4647116842384325,10.8,36.01597085399331
Q14315,182,0,2.013123209650334,10.2325,76.40432691469802
Q14324,17,0,2.2271149044328156,10.560500000000001,52.70269076818347
Q14324,18,0,2.016066599725332,10.5915,60.26076055412858
Q14324,23,0,2.378683965981398,10.2345,54.4472907997997
Q14324,28,0,2.0268237170218617,10.689499999999999,55.94531835050966
Q14324,35,0,3.3407658057631977,10.1755,50.01445775069165
Q14324,37,0,2.4130058479850502,10.374,52.874658604797865
Q14324,39,0,1.9272987924987661,10.355500000000001,59.666786830597516
Q14324,43,0,2.4450541475350636,9.895,34.153206032447756
Q14324,44,0,1.9160646879012357,10.758500000000002,65.84333797463417
Q14324,48,0,2.292510289119872,10.6155,46.21824881787947
Q14324,51,0,2.2262431360022847,10.23025,42.205023736920445
Q14324,53,0,1.8917158786316477,10.249500000000001,56.95049219122596
Q14324,55,0,1.8892696703488696,10.395,75.53765967634303
Q14324,60,0,2.0070497076609195,10.249500000000001,57.99694115979808
Q14324,61,0,2.022473031861738,10.534,60.46312166342028
Q14324,62,0,1.9287908872224908,9.9735,47.897551173440064
Q14324,65,0,2.25196329925863,10.7245,53.55240649617848
Q14324,68,0,1.96226004899957,10.4375,66.49654708214713
Q14324,86,0,1.9402010696304237,10.266,73.42775786896125
Q14324,100,0,2.011049659389107,10.56375,61.44979037803463
Q14324,102,0,1.9624097673192638,10.5425,60.13047118005181
Q14324,104,0,1.9406553943268186,10.363,55.26758027660609
Q14324,116,0,1.95438512946509,10.2885,62.54752748292276
Q14524,18,0,1.9265801773925169,10.451,67.74136390122392
Q14549,6,0,1.8835211628520767,10.3675,72.20992547636646
Q14549,24,0,1.9366191183770793,10.694666666666667,61.59035892328256
Q14549,29,0,2.1150898892381065,11.2875,37.74774380643816
Q14549,30,0,2.0143578406194242,10.150833333333333,56.97369088947732
Q14549,45,0,1.9426778091755623,10.411166666666666,69.08800104720049
Q14549,52,0,2.1433037033074545,10.132,58.63078829362942
Q14549,61,0,1.9947204295909173,10.173666666666666,60.77375318202867
Q14549,63,0,2.075276148917972,10.174666666666667,61.498231718716035
Q14549,66,0,1.964931912812336,10.138666666666667,57.15852343892508
Q14739,12,0,1.9206658311783698,10.6435,53.333321314744936
Q14739,47,0,2.178644556435379,10.674,49.84256027266272
Q14739,49,0,1.8822388185785166,10.5955,71.48076563937602
Q14739,57,0,2.3516915402756826,10.4815,53.55376785299503
Q14739,62,0,2.1436710532121586,10.483500000000001,51.504685315891344
Q14764,16,0,2.781981790052891,10.7295,44.63825024260343
Q14764,24,0,1.8893794376516209,10.496500000000001,79.23240334767512
Q14764,28,0,2.086320558372257,10.741,41.864878427953144
Q14764,47,0,1.8987228993431322,10.439499999999999,80.25893347345115
Q14764,72,0,2.2331818449936307,10.522499999999999,57.871757691906474
Q14764,80,0,2.071413938168659,10.547,62.2007234701514
Q14790,23,0,2.5261410568442315,8.983500000000001,25.880672627229387
Q14790,34,0,2.0701500794873384,9.961176470588235,43.24520674889509
Q14790,39,0,1.9708744346564022,10.26842105263158,68.49913465080522
Q14790,51,0,2.0119351478444054,9.618421052631579,39.65308602120433
Q14790,63,0,3.0825886939473595,9.843,29.36168491460843
Q14790,83,0,2.2792871804948156,10.792631578947368,48.57790982476822
Q14790,121,0,2.339628941986011,9.879375,33.040628992886845
Q14790,130,0,1.9886166770725993,10.253333333333334,56.22177668597425
Q14790,132,0,1.9441882708156228,9.780555555555557,45.40460959093858
Q14790,148,1,2.054730003772195,10.119473684210526,40.189499187889645
Q14790,156,0,2.178487690535208,10.247,50.16221241642696
Q14790,161,0,2.3081053673382574,10.647368421052633,34.02954388596575
Q14790,169,0,2.0649378949896855,9.733529411764707,66.35535905730615
Q14790,173,0,2.1028083667576363,10.708125,61.787336919016475
Q14790,183,0,1.8754215801408798,10.386666666666667,61.92713983740894
Q14839,8,0,1.9195240417481423,10.439499999999999,40.50343325410419
Q14839,16,0,2.0370812378445935,10.37375,62.409782553155324
Q14839,24,0,1.8849331900520512,10.4575,82.33519078700839
Q14839,25,0,1.9342583281729298,10.496500000000001,66.1625172432542
Q14839,33,0,3.767224644868039,9.818,20.048004796543967
Q14839,44,0,1.9831966106074035,10.629000000000001,63.23262048337731
Q14839,49,0,1.9090119692268162,11.1085,59.056578272530565
Q14839,57,0,1.9325071669863991,10.575,65.62887027990293
Q14839,58,0,2.3683823567995455,10.371500000000001,21.469727643187504
Q14839,59,0,1.9043911267539637,10.471,70.60483152081602
Q14839,61,0,1.8297240763971288,10.5075,69.17378943408991
Q14865,13,0,2.12562489262105,10.358181818181817,66.05154226776196
Q14865,16,0,2.210820738291429,10.814545454545454,53.97247253888134
Q14865,19,0,1.9644336858092672,10.333636363636364,70.4227054960809
Q14865,31,0,2.159149214475164,10.104545454545455,53.500974816448114
Q14865,44,0,1.9048130895748097,10.990909090909092,51.262631700667995
Q14865,58,0,1.9659804746734475,10.097272727272726,55.699429225505384
Q14865,93,0,1.9737469509903134,11.282727272727273,41.0052751618295
Q14865,98,0,1.9771760043894673,10.555454545454545,47.044534839413316
Q14865,104,0,1.9587134248907248,10.345454545454546,58.69214430223572
Q14865,107,0,1.839983748716296,10.546363636363635,71.58383040586577
Q14974,9,0,5.151331519325921,10.964999999999998,39.323664310833834
Q14974,23,0,4.730739092111592,10.651666666666666,53.02583520669788
Q14974,62,0,8.306511187562117,8.858333333333333,30.345145223183753
Q14974,68,0,7.762767466914599,9.883333333333333,65.14886492028093
Q14974,73,0,8.635474614361582,10.385,28.477626561088083
Q14974,92,0,9.112514886173683,9.946666666666667,15.37118562631492
Q14974,147,0,3.706368603439396,10.522,22.406879457968905
Q14974,169,0,2.218909191342424,10.2,42.49015190454176
Q14974,183,0,1.949735895064628,10.524,56.15570033854506
Q14974,191,0,3.0143376420128827,9.930000000000001,19.616137253938142
Q14974,206,0,2.123270540420719,10.942,49.107995369144994
Q14974,211,0,2.1670048387266747,10.6,57.784930288696714
Q14974,243,0,2.2306309572065617,9.578,23.956627113984748
Q14974,269,0,1.980160881406204,10.028,50.52558014921514
Q14974,312,0,2.060409183864439,10.7,32.07240813575838
Q14974,316,0,2.0034736402542044,11.024,55.612558238647544
Q14974,332,0,1.990325317412126,9.708,45.258929139936164
Q14974,346,0,2.0843640783889343,9.786,33.09279088465964
Q14974,372,0,1.9646479005060815,9.536,44.74739931611542
Q14974,376,0,1.9409517165007792,10.392,72.7080713519014
Q14974,403,1,2.167003329084933,10.443999999999999,43.570408173432696
Q14974,418,0,1.9161087799571885,10.502,56.5265784412707
Q14974,509,0,2.3344424727182087,10.25,26.04036698129452
Q14974,537,0,2.156974490788256,10.24,32.197921307253985
Q14974,541,0,1.946464101070412,10.46,60.11970958896709
Q14974,549,0,1.992858950783132,11.16,60.049678252730814
Q14974,594,0,1.9571973048582747,10.32,32.88291940543046
Q14974,645,0,1.89338352887009,10.7,57.78750246768184
Q14974,651,0,2.1680357674452164,9.1,29.77218635467749
Q14974,659,0,1.9350789192675124,10.55,59.10209536859179
Q14974,710,0,2.614375714779132,9.62,47.39832101210735
Q14974,729,0,2.108885013861421,10.51,42.26724936078488
Q14974,730,0,1.911318454774848,12.42,40.73032332978648
Q14974,749,0,1.9082528197286028,11.87,52.39358423100901
Q14974,777,0,2.6455684364046665,10.45,30.8945857800194
Q14974,831,0,2.1463038622681605,10.27,48.12782500620968
Q14974,835,0,1.958442715655853,10.6,58.2166571141316
Q14974,854,0,1.870715908119044,11.74,56.05013628039973
Q14974,857,0,2.1821145942603817,10.38,86.4457978771209
Q14974,859,0,2.4996576893215967,10.15,56.23833731530385
Q14974,867,0,2.102309924606597,9.9,45.70084650654114
Q14974,871,0,1.9325774369358333,11.35,53.7215616256202
Q14974,873,0,2.040531497802858,10.07,48.74279176814988
Q14980,38,0,2.07053845684223,9.93125,37.79705344842243
Q14980,54,0,1.911075850743157,10.35125,59.14478094064936
Q14980,70,0,1.9137788837338459,10.35375,70.62290467792812
Q14980,73,0,1.9093594442611992,10.723749999999999,50.27990596745824
Q14980,86,0,2.5458007425224385,10.565714285714288,37.86391923268615
Q14980,97,0,4.620536570971292,11.3325,7.585252743629522
Q14980,111,0,1.9012348245930732,10.31625,71.95403184642376
Q14980,122,0,1.977456417301406,10.4425,69.99699142908555
Q14980,132,0,2.1649391665643565,9.932500000000001,39.871146826414886
Q14980,153,0,1.941389170591777,10.313333333333333,55.97625976565516
Q15063,5,0,1.9831047515981648,10.46,48.93453990019412
Q15063,10,0,2.7691824274076215,10.111304347826087,36.73548236385371
Q15063,12,0,1.9991200907561475,10.272173913043478,53.83137935468815
Q15063,15,0,1.8935689450693978,10.407391304347826,81.87531412468267
Q15063,30,0,2.1628971897244194,11.177391304347825,44.29275280797237
Q15063,50,0,1.938271867380177,10.606521739130434,61.438353266274135
Q15063,57,0,2.1103274914038375,10.174347826086956,55.57187859768728
Q15063,64,0,2.0842382217763857,10.293478260869565,67.63852113388896
Q15063,83,0,1.946006514783605,10.386086956521739,65.04037278775084
Q15063,94,0,1.9354288028987412,10.341739130434783,71.53194329350475
Q15063,100,0,1.994787391271679,10.283913043478261,56.37316400002042
Q15063,104,0,2.4576387989501707,10.334347826086956,39.48275818626691
Q15063,116,0,1.9570193494314594,10.297391304347826,62.830585336716894
Q15063,118,0,1.9703928110958975,10.76391304347826,53.14935353325685
Q15063,134,0,2.3791617954478856,10.004347826086956,41.831599528436726
Q15075,2,0,1.898685821326967,10.43025,75.77348201988781
Q15075,17,0,2.1797049472369605,10.94475,38.96222434874603
Q15075,42,0,2.176952839154594,10.628499999999999,50.73286145075129
Q15075,50,0,1.9418887307953576,10.44225,78.81717070179467
Q15075,51,0,2.1067802918777856,10.265,66.30176261076295
Q15084,19,0,1.9437086797216971,10.7795,59.15360439814128
Q15084,41,0,1.9364457243947963,10.463,62.73626847906421
Q15084,55,0,2.1674436035099633,10.4135,45.77392126066058
Q15084,59,0,1.9771853129873431,10.252500000000001,59.348702210667724
Q15084,61,0,2.267509440816636,10.5545,20.67501923906145
Q15084,63,0,2.8409925054647074,10.0385,40.94701631931402
Q15084,88,0,3.1156853456885942,10.4185,28.737756432374624
Q15084,92,0,1.913057966060337,10.5895,51.82437182082524
Q15365,40,0,2.0081977787379888,10.21,54.37154405567854
Q15382,5,0,2.1238443972105205,10.243103448275862,34.0535993773542
Q15382,8,0,2.4780262043818078,10.341000000000001,34.60397549085268
Q15382,19,0,2.6308019229036637,8.327333333333334,9.460503759726919
Q15382,45,0,2.1660595154074302,9.268333333333334,32.33232474962694
Q15382,91,0,2.2947270146262824,11.748333333333333,40.99935492567359
Q15382,97,0,2.068119214567126,9.912333333333333,46.44976074358721
Q15382,102,0,2.04353919157799,10.075999999999999,36.63026893666383
Q15382,109,1,1.8790136064464669,10.425714285714287,78.73568669421472
Q15382,120,0,2.483613696837755,9.537,34.86322451628235
Q15382,121,0,2.287434092102315,10.600999999999999,29.835409816000205
Q15382,135,0,2.421721419664535,10.493333333333332,43.66407999438724
Q15382,151,0,1.9469527574218548,10.666666666666666,51.21388673715492
Q15382,169,0,2.056143825237101,9.835172413793103,43.7400875787174
Q15404,3,0,1.943396174995536,11.33,32.35110667403997
Q15404,6,0,2.0155142268802333,11.09,62.50129861977594
Q15404,7,0,1.981900883384508,10.23,45.72584834807596
Q15404,15,0,1.897771929151043,10.68,53.75932618731024
Q15404,51,0,2.007121181788845,10.41,64.89227970362211
Q15404,63,0,2.06985473392784,10.53,73.02141249417349
Q15404,87,0,2.0581907602635856,10.22,38.51504236007704
Q15404,89,0,2.561959398080345,10.31,39.50526581950384
Q15404,155,1,1.920501695531005,10.51,50.62784553507418
Q15404,158,0,2.380537414956489,9.93,36.75604499837802
Q15404,174,1,1.9588527255752857,10.72,61.04929376519493
Q15404,183,0,2.0240415310218123,9.89,42.74729126323808
Q15404,208,0,1.9083625160866995,10.31,66.41006165438768
Q15404,212,0,2.445859541558292,10.59,50.46153747397477
Q15404,243,0,2.082854330060353,10.68,59.2406526945845
Q15493,5,0,2.0827378405317463,10.612857142857143,67.26935269499144
Q15493,37,0,2.8272122373672817,10.293571428571429,36.86868652247314
Q15493,38,0,2.998091023682298,10.762857142857143,42.645701413299356
Q15493,47,0,2.129617891936479,10.078571428571427,53.501589365011036
Q15493,76,0,2.4945183087212794,10.335714285714285,44.834164308221126
Q15493,83,0,1.8930257859831137,10.338571428571429,81.36528155757807
Q15493,97,0,2.0147807592956744,10.494285714285713,35.0325074287586
Q15493,98,0,1.881846721363918,10.564285714285715,75.95433467322563
Q15493,106,1,7.761252590099052,12.535714285714286,33.69208755074335
Q15493,144,0,2.145558955974866,9.811428571428573,38.59799302860229
Q15493,145,0,1.9611293100209302,10.400714285714287,47.1973759570043
Q15493,163,0,2.0232260578462045,10.607857142857142,61.86310417465218
Q15493,195,0,1.9904756551927998,9.870714285714286,49.89340007752714
Q15493,198,0,1.9058027903697314,10.427142857142856,84.95580406137458
Q15493,213,0,3.118895274743793,10.849285714285715,21.051330847831217
Q15493,233,0,2.253345590778666,10.291428571428572,66.28591264470207
Q15493,239,0,1.9037764064269116,9.791428571428572,58.70162411756779
Q15493,244,0,3.3223273778422446,9.272857142857143,13.615735022988714
Q15493,253,0,1.9636964781068982,10.427142857142856,76.93086742716727
Q15493,283,0,3.2087804874310115,10.700714285714286,25.681091733936334
Q15493,290,0,2.1979464026195754,10.324285714285713,55.1748661271621
Q15582,16,0,2.028094550238683,10.3695,45.79061424412512
Q15582,69,0,1.9270802379317182,10.556999999999999,78.51108385693387
Q15582,76,0,3.1931983572846603,10.001999999999999,48.78050887870087
Q15582,96,0,2.2117711920153176,10.562999999999999,61.186308111045776
Q15582,102,0,1.964029668096676,10.019,51.49942805693511
Q15582,108,0,1.9181101582164541,10.3675,72.64775604544482
Q15582,116,0,1.8879493053929024,10.5135,76.9482118703584
Q15744,38,0,2.0780864646499015,10.19,65.26328216105698
Q15744,40,0,2.1338174275863206,11.19,34.44009125575197
Q15744,47,0,1.9112794697743734,10.126666666666667,54.45469808622824
Q15744,50,0,1.8707209244470964,10.47,83.95437309482246
Q15744,52,0,2.306890044040823,10.433333333333334,64.0566051494594
Q15744,61,0,2.096434516268941,10.353333333333333,71.27866851113369
Q15744,72,0,1.9964161947167423,10.16,48.52388384671849
Q15744,78,0,1.9047067553138168,10.780000000000001,71.53930070999557
Q15744,88,0,2.1379091183336776,10.693333333333333,13.336857120959891
Q15744,90,0,2.1204978041717104,10.386666666666667,66.41836287664249
Q15746,3,0,1.952017279211011,10.399325153374233,77.69821703522406
Q15746,6,0,1.9481119285276913,10.309877300613497,68.61758199883994
Q15746,18,0,1.9279554681565405,10.234,54.240588729409055
Q15746,19,0,1.9189559177623086,10.392999999999999,68.91380300705127
Q15746,30,0,2.8368135521417637,10.241,42.82655102789428
Q15746,43,0,2.2713104337081527,9.141,20.090948077373895
Q15746,46,0,2.0401231843284737,10.3465,67.96191188673679
Q15746,55,0,2.2925049121593934,10.619499999999999,50.83332042083452
Q15746,64,0,2.384498629742833,10.8505,36.51379384361661
Q15746,85,0,1.8953979067623437,10.3375,71.52285316345709
Q15746,100,0,1.9386941249127758,10.341,65.37709453616414
Q16236,12,0,1.8928622691876054,10.333499999999999,67.6570268646906
Q16236,29,0,1.9222370872043466,10.421000000000001,58.67293908589586
Q16236,39,0,2.522074808069563,10.093,43.48085151160513
Q16236,54,0,1.9326833630222324,10.5785,65.6582932585992
Q16236,73,0,1.9115771118718765,10.408,60.79109739147036
Q16236,75,0,1.9088025095691965,10.283,66.64611307239679
Q16236,83,0,1.9190679033397757,10.503,64.5708751402058
Q16236,85,0,1.8979210048089652,10.511,68.77294675518446
Q16281,6,0,2.121007199334466,9.916666666666666,43.716178072559266
Q16281,34,0,2.1764846068841828,9.966666666666667,47.837434943601295
Q16281,36,0,2.108574528851078,9.07,33.446824378442
Q16666,8,0,22.974712039808622,9.8,29.323969440303614
Q16666,24,0,23.53056268714735,10.455,74.78422230945733
Q16666,27,0,22.996116640118085,11.379999999999999,36.85183084938904
Q16666,28,0,21.734584436571232,10.184999999999999,46.77985268335533
Q16666,44,0,20.707955104068468,9.29,14.516154279916812
Q16666,51,0,20.798371545022277,9.64,28.562820445201055
Q16666,53,0,23.120582482393154,10.649999999999999,31.18469222662433
Q16666,57,0,19.19801032281954,10.254999999999999,68.31479946278213
Q16666,58,0,21.32491428167597,10.77,32.38692410278323
Q16666,93,0,15.543581943358893,10.26,71.08028457087497
Q16666,104,0,8.72461526853267,10.415,52.73683595333717
Q16666,113,0,15.771554963908379,10.42,76.13689065883034
Q16666,125,0,5.98889301419107,10.594999999999999,52.87220259929108
Q16666,126,0,8.756301407564544,10.280000000000001,41.650908152058726
Q16666,143,0,6.2511032617865006,10.54,40.8629410821685
Q16666,162,0,9.081373322218939,11.11,44.52180023866419
Q16666,164,0,12.968732122700086,9.39,48.71765902692116
Q16666,173,0,12.26913528197493,10.83,46.93428159723336
Q16666,189,0,14.130661225188357,9.690000000000001,38.79420231977962
Q16760,15,0,1.8849007097765011,10.4245,76.70879960270844
Q16760,23,0,2.2298192780216857,10.868333333333332,23.70951794433348
Q16760,40,0,1.9557564713583204,10.425999999999998,51.46183202860097
Q16760,45,0,2.035891694259085,9.870000000000001,50.91106665778
Q16760,46,0,2.227731164403409,10.713,64.64550432819028
Q16760,51,0,2.199834943308242,10.071666666666667,57.72642139801596
Q16760,56,0,2.0764979420115837,10.228,61.258988529837346
Q16760,63,0,2.0808560703697383,10.193846153846154,55.78271827497013
Q16760,71,0,2.2449249175012196,9.498999999999999,24.699409245787017
Q16760,77,0,1.8851575011524346,10.376000000000001,66.47670268855195
Q16798,13,0,2.95176729696951,9.668571428571427,7.643303251632184
Q16798,58,0,3.36590463818045,10.26,24.738095014072865
Q16798,71,0,3.581356198714797,9.68875,11.437745272326168
Q16798,83,0,1.9675987193257407,10.11875,38.07789874168397
Q16798,117,0,2.0255321063645346,10.26,34.334199636705975
Q16798,133,0,2.1219345465341104,9.29875,42.31247111441174
Q16798,160,0,4.244444707452659,12.11125,2.6827646827791773
Q16798,199,0,2.0981066317541375,9.605,34.81142778011398
Q16798,206,0,2.051139079317714,10.955,70.18941806973336
Q16798,222,0,1.9307011533777583,9.5875,36.64293948161792
Q16798,245,0,1.9547427770301176,10.77875,38.728003890205336
Q16798,249,0,1.9588208678178751,10.04375,50.9726639631137
Q16798,276,0,1.9744654585430879,10.3825,67.41953145943316
Q16798,278,0,2.2016535764968292,10.4725,69.86494636286436
Q16798,306,0,1.905147806782085,10.8275,47.94133793917256
Q16798,311,0,2.060113909636975,10.15375,56.33344003353732
Q16798,317,0,2.3239148658192126,9.51,19.045349138689044
Q16798,324,0,1.950286134126455,9.96375,33.64900168274685
Q16798,329,0,1.9038134834304208,10.696250000000001,61.933615281641536
Q16798,338,0,2.9948058398034147,10.35375,31.624862900438817
Q16798,359,0,1.9952728628168737,10.215,49.56854385280731
Q16798,399,0,2.375068548146338,10.28,46.954460603171064
Q16798,406,0,2.3868273403966187,10.20125,37.67655618957244
Q16798,424,0,1.9312702825973036,10.30875,72.75184093704905
Q16798,432,0,2.232179556943924,10.555,44.62341521666917
Q16798,503,0,2.0206316384709435,9.411249999999999,27.69379373986352
Q16798,510,0,1.9117888459565298,10.37125,61.8896002595678
Q16798,521,0,1.8781560761514449,10.35125,81.48519035217913
Q16798,523,0,2.2773300993764187,11.0175,19.760576884925452
Q16798,548,0,2.3939871220456204,8.20625,42.22615094751583
Q29980,40,0,1.9002623670946044,9.935,55.95204332228374
Q29980,44,0,2.3063101533638646,10.7,42.95836701965114
Q29980,81,0,2.189819051776496,9.41,5.286875011986447
Q29980,84,0,1.9491062373915966,10.37,63.31040599023096
Q29980,147,0,1.9643797417607796,10.370000000000001,54.188039047293074
Q29980,152,0,2.240967865383749,9.559999999999999,36.74491852439657
Q29980,154,0,1.880380611422905,10.235,70.1647066618944
Q29980,167,0,2.699528784108768,12.555,9.697752909935204
Q29980,173,0,1.9110241671119441,10.41,77.03252272695296
Q2M1K9,5,0,1.9736436391192964,10.3205,52.6809270578265
Q2M1K9,31,0,1.9275240006161851,10.3365,67.15932659353032
Q2M1K9,52,0,2.1703410863647266,10.424,57.98036353168878
Q32MQ0,2,0,1.9027962699557466,10.417,75.3517968372212
Q32MQ0,13,0,2.0525013970454995,10.389,65.26159355500567
Q32MQ0,21,0,1.9532756356615433,10.3615,60.68637927259687
Q32MQ0,26,0,1.9290738732915138,10.4095,71.61217256958945
Q3T906,2,0,1.920195737751647,10.341764705882353,47.54350994759246
Q3T906,19,0,1.9192283149292118,10.465882352941177,75.46509610477823
Q3T906,39,0,2.1147342745854014,10.606470588235295,28.275352204926858
Q3T906,41,0,1.9154312426584785,10.19764705882353,72.29207789967504
Q3T906,56,0,1.9225932676790094,10.57294117647059,77.2414684758469
Q3T906,67,0,1.8894998870457067,10.318235294117647,64.948458772251
Q3T906,83,0,1.9102500328247842,10.64,60.980455926167735
Q3T906,105,0,1.9193774082834196,10.477058823529413,72.66440860400388
Q3T906,111,0,2.1427271169227566,10.023529411764706,48.904909114049005
Q3T906,113,0,2.0670723284819528,10.351176470588236,38.29621657178692
Q3T906,121,0,1.9442290463509986,10.478235294117647,63.27202639247916
Q3T906,123,0,2.1930405286504056,10.068823529411766,60.2033795183104
Q3T906,137,0,2.4952890926972713,9.675882352941176,32.357056835125896
Q3T906,142,0,1.9386591461306595,10.450588235294118,69.82660141503153
Q3T906,149,0,1.9444400917682751,10.356470588235295,60.02013534681498
Q3T906,152,0,1.9000338817182267,10.355294117647059,69.22440122323754
Q3T906,153,0,1.9100774206227324,10.476470588235294,62.61147381213843
Q3T906,160,0,2.221461878048469,10.43,60.98557641419381
Q4G0P3,9,0,1.9884942197428939,10.249500000000001,64.14345655094637
Q4G0P3,12,0,1.891576601473793,10.347,70.24641915956502
Q4G0P3,18,0,1.9125534306471814,10.327,73.28315788584891
Q4G0P3,21,0,1.911097718786253,10.613,62.82782626996227
Q4G0P3,31,0,2.0184577287756733,10.75,44.444022913041415
Q4G0P3,37,0,1.9614569273744085,10.1965,50.55215278707675
Q4G0P3,40,0,1.9927670701452693,10.497,56.71060213969325
Q4G0P3,45,0,2.052016209281706,9.9435,37.06649816615347
Q4G0P3,55,0,2.134930639008317,10.3525,63.97255718308344
Q4G0P3,62,0,1.971995123884934,10.4845,71.17327325905197
Q4G0P3,102,0,1.934608842848983,10.806000000000001,54.70791699909228
Q4G0P3,109,0,1.9716974765688335,10.3255,53.32836021634614
Q4LE39,2,0,1.8892202710800852,10.606315789473685,65.97204027604062
Q4LE39,19,0,2.0830095549866994,10.351052631578948,49.18065124424396
Q4LE39,28,0,2.469392318579542,11.24,44.367037186093846
Q4LE39,30,0,2.0362566301444507,11.082631578947368,49.27680912596395
Q4LE39,33,0,2.158398725935797,10.281578947368422,58.90980716298211
Q4LE39,37,0,2.759620392528267,10.468421052631578,37.649092658728335
Q4LE39,39,0,2.842148812324966,10.712105263157895,42.263647896838236
Q4LE39,57,0,1.9981288692190606,10.76421052631579,43.802440970839086
Q4LE39,61,0,2.2316228629428343,10.32578947368421,65.4491528369368
Q4LE39,69,0,2.325201621336821,10.911052631578947,45.73562965546616
Q4LE39,82,0,2.3153807491795444,10.231052631578947,60.45966470584625
Q4LE39,99,0,2.2144982873624817,11.45157894736842,39.272409042971645
Q4LE39,109,0,2.0363992421760146,11.428947368421053,34.52310634890728
Q4LE39,138,0,1.894319122065887,10.361578947368422,63.803512887790426
Q4LE39,139,0,1.9016019423423447,10.438947368421053,71.59281629406337
Q58EX2,35,0,2.467197362522977,10.3255,34.14628634737899
Q58EX2,42,0,1.9532610344864292,10.0255,49.79705790281706
Q58EX2,44,0,2.269656013198908,10.924,32.57091016754378
Q58EX2,45,0,1.8707299422434442,10.93,54.291076741346124
Q58EX2,74,0,1.916619066243299,10.4485,75.0824412645917
Q58EX2,81,0,1.9069653426561533,10.533,55.437149376329764
Q58EX2,93,0,2.286160965934357,10.395263157894737,54.5428624747984
Q58EX2,97,0,1.9204072772443297,10.537,46.27713077268784
Q58EX2,101,0,1.959801216687887,10.415,40.25196021590754
Q58EX2,106,0,2.0742392006951786,10.4465,76.05647079563695
Q58EX2,108,0,1.9731132784892695,10.217368421052631,37.32384997849773
Q58EX2,113,0,1.9095729105221697,10.396,62.32749818744696
Q58EX2,123,0,1.9198585122921126,10.404736842105264,75.77137909908166
Q5FWF4,11,0,2.0031618688069086,11.407499999999999,37.1194879984902
Q5FWF4,39,0,1.9441135348251493,9.99,50.545468721457006
Q5FWF4,43,0,2.164670926649984,10.675,56.684116222878856
Q5FWF4,53,0,1.9105754211646133,10.7325,59.32877273227152
Q5FWF4,78,0,2.0067818972473925,10.42,72.55349517586772
Q5FWF4,101,0,1.9553660991212372,9.6,40.19788882484997
Q5FWF4,109,0,2.0398974896899205,10.33,71.8070396714054
Q5JVG2,11,0,1.9470819778925634,10.3035,49.075457386795456
Q5JVG2,14,0,1.9529442720711512,10.408249999999999,56.43250901249596
Q5JVG2,20,0,2.0995887253170067,10.481916666666667,54.44103965764676
Q5JVG2,24,0,2.271635729995344,10.338750000000001,64.47197224023378
Q5JVG2,25,0,2.1019742878253815,10.417777777777777,59.23037434153642
Q5JVG2,30,0,1.97587364353121,10.243,63.46310702814951
Q5JVG2,33,0,1.9237887902517334,10.31125,62.49039249361255
Q5JVG2,37,0,1.9115075700080673,10.322,67.18917172373942
Q5JVG2,39,0,1.8946860290869179,10.389624999999999,68.13317409218874
Q5SW79,41,0,2.424617792210646,9.53,36.36034067787353
Q5SW79,58,0,3.4168422648709518,9.309000000000001,22.358387666363807
Q5SW79,82,0,2.2796958006876773,10.988,52.896317595399715
Q5SW79,86,0,2.296930830712985,10.524,40.81611826166062
Q5SW79,111,0,1.9272550679403624,10.22875,56.9854391370048
Q5SW79,114,0,2.059794958355279,10.077777777777778,55.09884093549762
Q5SYB0,13,0,2.047581072553866,10.6995,54.193144135355155
Q5SYB0,16,0,1.948458720871373,10.3065,42.09890253695297
Q5SYB0,47,0,2.01622607541048,10.0415,41.0659059662983
Q5T1V6,10,0,1.8970814846129596,10.475,66.2133455943954
Q5T1V6,35,0,1.9001238552188995,10.522,71.15435579891422
Q5T1V6,46,0,2.469526828461924,10.5185,50.70871209347299
Q5T1V6,48,0,2.0131883639582777,10.8545,54.237087162597255
Q5T1V6,54,0,1.975942982392634,10.462,66.42764311952456
Q5T1V6,56,0,1.9563931483695054,10.4405,67.49509739835212
Q5T1V6,59,0,1.8977339726096125,10.4125,73.69471961343856
Q5T5U3,10,0,2.0748165928191993,10.1325,33.32892738746979
Q5T5U3,11,0,2.183169128266836,9.921,28.93473592800088
Q5T5U3,15,0,2.091530198518586,10.399,68.73091322722713
Q5T5U3,24,0,1.8911610236408567,10.4485,74.2843016522393
Q5T5U3,26,0,1.887432167396917,10.436,60.77924933292627
Q5T5U3,36,0,2.1830913052860907,9.7375,40.21029975207782
Q5T5U3,42,0,1.908592706218291,10.370999999999999,67.59075234966923
Q5T5U3,51,0,2.0277819374053734,10.8035,45.736778472516576
Q5T5U3,52,0,1.8858492884240499,10.3585,75.4473961561684
Q5T5U3,53,0,1.9940780666610998,10.5355,52.99601571101216
Q5T5U3,66,0,2.04507346997893,10.057500000000001,48.40672480277063
Q5T5U3,69,0,2.1080372692379052,10.372,55.938413391656454
Q5T5U3,81,0,1.8754270249626832,10.3735,79.87814953638963
Q5T5U3,83,0,1.9621540395141674,10.338,68.78083182549574
Q5T5U3,87,0,2.530564039831463,10.186499999999999,48.05313527711676
Q5T5U3,96,0,2.05759651729947,10.434999999999999,21.3518361063692
Q5T5U3,110,0,2.0381068198329357,10.5455,67.05174504385278
Q5T5U3,119,0,1.8736064399116266,10.4115,73.85191378335021
Q5VST9,2,0,1.8851293252705612,10.439,67.44939540647326
Q5VST9,3,0,1.9180112468375776,10.352380952380953,65.55793893035461
Q5VST9,4,0,1.8966777748001622,10.2345,51.84112370915203
Q5VST9,7,0,1.9731516449619426,10.412,74.27940436744127
Q5VST9,8,0,1.904799081984935,10.2575,60.67681541371134
Q5VST9,9,0,1.9265250384274863,10.214,59.48158503492988
Q5VST9,10,0,2.2061195562459286,10.150169491525425,45.74671076412106
Q5VST9,11,0,1.9050489902519436,10.413333333333334,78.35088444821643
Q5VST9,13,0,2.0593644441495904,10.509333333333334,60.74362716289307
Q5VST9,16,0,2.0101875995422467,10.465,64.42555815402011
Q5VST9,17,0,2.296555968182794,9.905000000000001,41.36461415903862
Q5VST9,18,0,2.0341816134709654,10.029,45.387251746112106
Q5VST9,21,0,2.242033212356891,10.3955,68.20670249555985
Q5VST9,23,0,2.0092586927104046,10.388,67.50297428743252
Q5VST9,25,0,2.0159621706689936,10.555,74.73426771377291
Q5VST9,31,0,2.7775090930343325,10.5455,42.20793216449428
Q5VST9,33,0,2.1802259735295606,10.3065,59.42928078973996
Q5VST9,34,0,2.234987517149418,10.30888888888889,54.05197922796012
Q5VST9,40,0,2.6310683489443467,9.600750000000001,34.45487092202402
Q5VST9,41,0,2.2772264577492485,10.41975,32.24676489178644
Q5VST9,42,0,2.209090755915066,10.480359712230216,31.93547801538503
Q5VST9,43,0,2.3090831312139657,9.84,22.79279793552363
Q5VST9,44,0,1.98679016008072,10.391,74.68528832080804
Q5VST9,45,0,2.0893604623753843,10.348225806451614,54.76079013012932
Q5VST9,46,0,2.0644605494702533,10.098999999999998,54.26826692426873
Q5VST9,48,0,1.9411746883061334,10.42425,73.97485395773761
Q5VST9,49,0,2.1345327998075043,10.4925,65.29383414961313
Q5VST9,50,0,1.934525730710351,10.4795,62.16767620618028
Q5VST9,51,0,1.9708171625908057,10.64375,67.40179127841742
Q5VST9,52,0,1.9791768787877415,10.3335,66.42696244111629
Q5VST9,53,0,2.0943624928113542,10.475125,39.49285611946062
Q5VST9,56,0,1.976144926549592,10.667833333333334,53.38901640742225
Q5VST9,58,0,1.9215565263945436,10.445,71.90141180572229
Q5VST9,61,0,2.1073332715599546,10.982000000000001,51.67024888498171
Q5VST9,64,0,2.535608988380507,10.5115,35.772629959280174
Q5VST9,66,0,2.0358795962645693,10.598095238095238,53.9388551174935
Q5VST9,67,0,1.9082482959493678,10.331,67.09171853787737
Q5VST9,69,0,1.9448072179180158,10.706,61.07424651934453
Q5VST9,71,0,1.9174708005685894,10.508500000000002,72.03374485127009
Q5VST9,72,0,1.8947706328688656,10.747,64.12342726153356
Q5VST9,73,0,1.9127991382220955,10.401,76.38231776741499
Q5VST9,80,0,1.8831666240874985,9.979000000000001,55.88170928050533
Q5VST9,86,0,1.961109360453023,10.446000000000002,54.631718651027164
Q5VST9,90,0,2.107910276994199,10.4905,55.346483339596396
Q5VST9,93,0,2.1656287990614826,10.711,41.10037349194824
Q5VST9,94,0,1.90189055083947,10.4435,72.26758570069845
Q5VST9,96,0,1.891899984054374,10.501000000000001,75.29514344970146
Q5VST9,98,0,1.8917181741024478,10.402,71.1766300180774
Q5VST9,103,0,1.99441105656538,10.538,21.373244751306476
Q5VST9,104,0,1.8870054454316492,10.41,72.1911779131231
Q5VT06,51,0,2.188559099337858,9.838,27.91080906988728
Q5VT06,58,0,1.9016652815455366,10.644,74.39454210194916
Q5VT06,68,0,2.1420272410243877,10.641,71.00892951148413
Q5VT06,86,0,1.9626176915081206,10.525,57.200335528233566
Q5VT06,88,0,2.2270670867945426,10.505500000000001,61.751550988012056
Q5VT06,97,0,2.065203740154156,10.205499999999999,52.785962608457695
Q5VVJ2,11,0,1.9253711627606798,10.349,67.89102806624399
Q5VVJ2,14,0,1.94767094670236,10.508,72.08958338819528
Q5VVJ2,17,0,2.3638047512065667,9.938500000000001,45.178733442468605
Q5VVJ2,26,0,1.9146474497470671,10.2955,65.24474512815462
Q5VVJ2,32,0,2.193728268488913,10.3035,42.57712493366098
Q5VVJ2,33,0,2.0324723165945215,10.0195,47.36509866979564
Q5VVJ2,36,0,1.9231909259146718,10.375,74.00149286356927
Q5VVJ2,45,0,2.2299476551621265,10.5725,35.50207501820531
Q5VVJ2,47,0,2.121739533179158,10.2325,54.79794489981789
Q5VVJ2,52,0,1.9834072267276384,10.5425,62.42337730448988
Q5VVJ2,55,0,1.9319527995209,10.178,64.922000479122
Q5VVJ2,57,0,1.9529294874137277,10.3905,44.581608308806906
Q5VVJ2,59,0,1.9173412940483079,10.3355,65.7399583051308
Q5VVJ2,64,0,1.8930809043322423,10.4035,72.43029402021563
Q5VVJ2,65,0,2.220138155056552,10.559000000000001,47.193764060450484
Q5VVJ2,67,0,2.1355353562303785,10.434999999999999,71.46662192745018
Q5VVJ2,70,0,1.8844370949341154,10.456,72.892839542333
Q5VVJ2,71,0,2.4213994581718086,9.669,39.33629722212593
Q5VVJ2,79,0,1.8959866333884705,10.375,70.64416115197123
Q5VW32,9,0,2.943248626798055,10.49,5.324639573676475
Q5VW32,29,0,2.1178139065804036,11.28,52.66130682995712
Q5VW32,56,0,2.0921738061827533,11.149999999999999,62.06558262616947
Q5VW32,81,0,1.8808055307325724,10.495000000000001,54.86971556573684
Q5VW32,89,0,2.025435718578123,10.325,51.839649451349494
Q5VW32,122,0,2.302159378426529,6.465,22.601141148700563
Q5VW32,130,0,2.1389046760457036,10.895,41.29165394215134
Q5VW32,139,0,1.9158665495859948,10.614999999999998,69.35267041078838
Q5VW32,146,0,3.144669411262816,9.685,19.306854002176927
Q5VW32,153,0,2.3592642811463675,10.48,60.119398702194076
Q5VW32,156,0,2.243782355656504,10.835,31.347498720911922
Q5VW32,162,0,1.9039629717854307,9.56,49.6137328815107
Q5VW32,169,0,1.92937619089377,10.355,49.33444202211422
Q5VW32,201,0,1.9822337948362683,10.35,67.19527983070601
Q5VW32,220,0,2.0603701357251234,10.135,55.30037555866645
Q5VW32,235,0,3.724207289578688,9.015,2.9013426278988605
Q5VW32,238,0,2.399994269180806,10.83,28.05170622790843
Q5VW32,243,0,4.032436011613095,9.305,11.12094346939659
Q5VW32,264,0,2.1744101550686925,10.57,52.691135597704495
Q5VW32,277,0,1.9061116011990635,10.445,53.97483617085414
Q5VW32,281,0,2.1864481028232357,10.36,41.371617292662236
Q5VW32,287,0,2.0245023938054234,10.67,61.33701129238618
Q5VW32,293,0,1.9105182333641224,10.285,77.76796629466597
Q5VW32,300,0,1.9302906266262925,10.274999999999999,67.30099769599165
Q5VW32,309,0,1.978944917127692,10.775,46.571394920820254
Q5VW32,315,0,1.9390402307127759,10.73,54.868962892496924
Q5VW32,320,0,1.9321162088680706,11.295,49.60384995462128
Q5VW32,332,0,1.905789340263632,10.4,81.71480477774074
Q5VW32,343,0,1.9460247229849832,10.405000000000001,68.92063597107283
Q5XPI4,29,0,1.978220872517864,10.125,31.266404724294965
Q5XPI4,32,0,2.0772975087638743,10.6305,55.30470670228836
Q5XPI4,43,0,1.976273961070128,10.339,66.18545577836392
Q5XPI4,49,0,2.043616300166655,10.641,64.70076363397
Q5XPI4,60,0,1.891258055193187,11.184999999999999,52.74033261141047
Q63HK5,8,0,1.8914944278970427,10.4195,69.33147447785369
Q63HK5,19,0,1.9300360453586993,10.501000000000001,64.15189630871055
Q63HK5,23,0,1.988998268412265,10.744,59.43638537062636
Q63HK5,58,0,1.9187063693593012,10.371,68.43368256478172
Q63HK5,62,0,1.8979474066083053,10.367,72.45712354872651
Q63HK5,65,0,1.9095019241431443,10.3425,72.0848955429075
Q63HK5,74,0,1.8901074411595602,10.449,68.96588963150009
Q63HK5,79,0,1.8982697417669976,10.407,75.79694415377313
Q63HK5,82,0,1.9949976085982404,10.3505,38.96337708417543
Q63HK5,102,0,1.9398175614262125,10.365,64.42057283917795
Q63HK5,104,0,2.1862271393145205,10.421,54.93892714264008
Q63HK5,108,0,1.9541495477615065,10.596,53.357040339279536
Q68DC2,14,0,2.2096327918952943,8.120000000000001,36.52045827428227
Q68DC2,15,0,1.8916161760032022,10.475000000000001,73.42605617294056
Q68DC2,20,0,1.9087618287499843,10.5,85.99013604265647
Q68DC2,44,0,2.052331746014412,10.25,58.5702826372013
Q68DC2,49,0,1.910044566045536,10.45,77.84699698485784
Q6GPH4,12,0,1.8952625885680618,10.244,63.74229316779087
Q6GPH4,39,0,2.090617626750823,10.510666666666667,64.3233067307951
Q6GPH4,47,0,1.977154690984805,10.286666666666667,58.57240321224247
Q6GPH4,49,0,1.9003447926312234,10.28,62.76803947101981
Q6IQ55,18,0,1.8776131898178559,10.2515,56.041881418453194
Q6IQ55,22,0,3.05643507184275,10.1815,49.807991299750014
Q6IQ55,26,0,1.9813787708988957,10.9265,33.973506932662424
Q6IQ55,50,0,2.751205771107574,12.667,15.636840555514803
Q6IQ55,58,0,1.9647538774065592,9.716,61.19930972314235
Q6IQ55,62,0,1.9410521181436065,10.156,71.56212961661164
Q6IQ55,69,0,2.056247706944262,10.4135,51.02297444234092
Q6IQ55,70,0,1.9436111781590717,10.0655,45.936302330943
Q6IQ55,74,0,1.9553407730180232,10.0805,41.652313687521975
Q6IQ55,143,0,2.8052438938563027,10.2035,30.470325145875314
Q6IQ55,158,0,2.429591532971329,11.3355,36.08231245510778
Q6IQ55,228,0,1.9125708501099816,9.996,64.2597887451611
Q6IQ55,230,0,1.8748948289382317,10.2315,74.68698183559785
Q6IQ55,232,0,2.032556361499869,10.113,44.383918682341246
Q6IQ55,239,0,3.780594838808772,6.5075,1.974731510968725
Q6IQ55,249,0,1.9015191704330945,10.2845,69.36091872775023
Q6IQ55,270,0,1.9480128129573824,9.9525,62.313995884021224
Q6IQ55,285,0,1.935093286129553,10.398,73.53366063006453
Q6IQ55,299,0,1.8863602247088218,10.629999999999999,60.100180361557996
Q6N022,21,0,2.2525718582711596,10.455,56.17705989609712
Q6NXG1,22,0,2.174128534068334,10.405000000000001,63.51022437296866
Q6NXG1,28,0,2.024544881698148,10.51,41.9206269713388
Q6NXG1,36,0,4.096873392847753,9.625,10.566125116803246
Q6NXG1,43,0,2.1195373351855915,10.23,47.40714037898383
Q6NXG1,44,0,2.0060029349163715,10.48,59.51631108747527
Q6NXG1,65,0,2.1299310154746163,11.075,47.36055645041732
Q6NXG1,69,0,1.9816847336125096,11.16,53.890307693518494
Q6NXG1,124,0,1.9128184802664419,9.93,42.41179534777348
Q6NXG1,125,0,1.9277192980143907,12.239999999999998,23.028168675124455
Q6NXG1,141,0,2.0825347726895096,12.21,26.94180772333394
Q6NXG1,144,0,2.2288424187880347,10.27,37.57996039670542
Q6NXG1,145,0,1.9147393179278156,11.059999999999999,51.850023252091034
Q6NXG1,155,0,1.9090031881611664,10.5,67.25055222645511
Q6NXG1,169,0,1.9070960342881906,10.655000000000001,47.20293685650049
Q6NXG1,209,0,1.8862206483992312,10.525,76.96825097724826
Q6NXG1,217,0,1.882623312829545,10.45,73.50358151665259
Q6NXG1,246,0,2.2924172665138673,9.24,26.471517848076243
Q6NXG1,252,0,1.87175596261046,10.675,73.39516384518026
Q6NXG1,287,0,2.094374986686767,10.5,54.66714828942726
Q6NXG1,299,0,1.9266483843657722,10.004999999999999,62.07258575979311
Q6NXG1,307,0,1.919280761172452,10.510000000000002,69.29464912146739
Q6P0N0,9,0,1.9175870328095719,10.464,56.63816552158157
Q6P0N0,14,0,2.12177620294558,10.3855,63.87719511983143
Q6P0N0,18,0,2.261017358278789,10.2775,36.98700441829443
Q6P0N0,28,0,1.900622380143854,10.079,46.87462078924627
Q6P0N0,30,0,2.044216473920231,11.0315,42.77897717039265
Q6P0N0,52,0,2.338902910652462,9.607,21.420677891637162
Q6P0N0,60,0,1.8834593423473174,10.394499999999999,69.89980986008834
Q6P0N0,64,0,1.8844039624498934,10.4635,69.92044292433926
Q6P1N9,5,0,2.5206475855167474,9.926,43.78603923919347
Q6P1N9,27,1,1.9496120227474194,10.314,53.684274847812915
Q6P1N9,45,0,2.0178150971463813,9.976,50.03105419563194
Q6P1N9,46,0,3.13130608134651,9.47,29.424745842144553
Q6P1N9,58,0,2.355308503940961,10.376,46.16273262145048
Q6P1N9,86,0,1.9156736741623424,10.484,69.0971182108806
Q6P1N9,94,0,2.1384700667597665,10.428,62.39364016652824
Q6P1N9,104,0,1.8884565300574327,10.268,51.93937538314689
Q6P1N9,106,0,2.2789268222325703,10.024000000000001,38.975331498720806
Q6P1N9,125,0,2.120870237403823,10.43,50.1581774333625
Q6P1N9,130,0,1.9305457531030996,10.166,60.08792059830357
Q6P1N9,134,0,2.1090342973956986,10.446000000000002,23.508891255985944
Q6P1N9,143,0,2.01481014143601,10.404,65.05793326625202
Q6P1N9,162,0,2.1026212571875025,10.318000000000001,56.48629406047312
Q6P1N9,180,0,2.0046269674342048,10.489999999999998,58.59336679822049
Q6P1N9,201,0,2.095748029812404,9.687999999999999,45.802706103349095
Q6P1N9,210,0,2.0346526606854765,11.228,41.613117410429915
Q6P1N9,216,0,2.9785151791882374,10.472,29.232801075994907
Q6P1N9,229,0,2.0062898572095187,10.624,47.64663118645014
Q6P1N9,236,0,2.0795251384144775,10.244,53.40039922663759
Q6P1N9,245,0,2.2944379263245165,10.656,45.79015282270412
Q6P1N9,246,0,1.9302464049508745,10.26,74.19657758612632
Q6P1N9,247,0,2.0439992387695343,10.24,69.11504492396014
Q6P1N9,255,0,1.9880813095853433,10.309999999999999,54.35289084929785
Q6P1N9,291,0,1.987568761858428,10.39,67.93658115972104
Q6UW63,19,0,2.0047070468733184,10.5705,43.34502180798406
Q6UW63,28,0,1.9554061174048112,10.3045,60.81147683756435
Q6UW63,49,0,1.9410106179940478,10.373999999999999,64.68041036781479
Q6UW63,57,0,1.8964648551208192,10.356,55.54285742413837
Q6UW63,62,0,2.190881430595102,10.295,60.59095175949791
Q6UW63,81,0,1.930871650593248,10.175,59.58709018821294
Q6UW63,96,0,1.903014409298136,10.5235,70.76264664615061
Q6UW63,99,0,2.6745351776462445,10.4125,40.73155215066298
Q6UW63,103,0,2.047118458340365,10.6295,44.96419211665954
Q6UW63,111,0,1.8844962906524063,10.5685,72.59655626642217
Q6UW63,117,0,1.8857483316046764,10.3545,60.399437326091956
Q6ZTQ4,14,0,1.9177145054818046,10.5765,66.48342275158753
Q6ZTQ4,19,0,1.9496353376197912,10.696000000000002,63.94829328857297
Q6ZTQ4,43,0,1.99908552508083,10.480500000000001,53.534325975958595
Q6ZTQ4,47,0,2.1181632177565755,10.3125,51.275959372002106
Q6ZTQ4,108,0,2.1316299657068014,10.5295,53.76226815793062
Q6ZTQ4,134,0,1.8273827987282019,10.471,80.54912500485712
Q6ZU15,8,0,41.30858896094325,10.655000000000001,50.39256969775144
Q6ZU15,16,0,41.430549469133304,10.34,53.04578104755583
Q6ZU15,18,0,41.4157864965332,10.25,64.78536737862964
Q6ZU15,23,0,37.58086354506085,10.5725,70.1882195194111
Q6ZU15,27,0,33.36754692518013,10.719999999999999,58.75691287577862
Q6ZU15,32,0,29.606227153101923,10.4775,61.07870529016799
Q6ZU15,37,0,31.666033991217965,10.33,56.8883442890548
Q6ZU15,46,0,23.05835689120473,10.5775,63.87207203306143
Q6ZU15,51,0,28.29832892056826,11.21,53.882617336501895
Q6ZU15,52,0,28.25827593185343,10.4525,68.5538877536897
Q6ZU15,63,0,31.78220979131089,10.355,72.47834238910764
Q6ZU15,65,0,31.35878775760188,10.4525,35.468491065489204
Q7KYR7,29,0,1.9870142232132106,10.626,32.271447665317375
Q7KYR7,51,0,2.379027309357022,10.34,38.4630130042443
Q7KYR7,73,0,1.889200923940082,10.556999999999999,68.56989024126892
Q7KYR7,120,0,1.9884403231084609,9.937000000000001,55.00594287717813
Q7KYR7,145,0,1.9944855160290367,9.533,46.889664436567685
Q7KYR7,162,0,1.9372978831421266,10.297777777777778,57.16722699593348
Q7KYR7,184,0,2.0990789639502614,10.531428571428572,50.31017535292525
Q7KYR7,201,0,1.9687779506370156,10.203,43.35782379804744
Q7KYR7,202,0,2.3152401596138827,10.184000000000001,42.38877009161654
Q7L273,25,0,1.987196595690778,10.062000000000001,50.71146425953722
Q7L273,36,0,1.934888687974798,10.264,60.570266335369425
Q7L273,38,1,2.154358536221225,9.812000000000001,42.39956931636325
Q7L273,44,0,2.2737408424547856,10.282,61.00449334495778
Q7L273,104,0,1.9659768581548653,10.466,71.50384652790287
Q7RTP6,13,0,1.8954007201813283,10.496500000000001,78.46229917726366
Q7RTP6,38,0,2.329221261902304,9.9985,25.88108005252665
Q7RTP6,67,0,2.1243122792487705,10.3545,61.96990967614446
Q7RTP6,78,0,1.947601142031429,10.8085,65.43247819665305
Q7RTP6,89,0,2.081382716399446,10.6595,65.86624051232806
Q7RTP6,99,0,2.1532332368707197,10.297,55.77063434524685
Q7RTP6,114,0,2.09307460961892,10.993500000000001,45.69062978543228
Q7Z3T8,6,0,1.9701986813081915,10.35,69.55492680032495
Q7Z3T8,14,0,1.8968575543459285,10.71,49.37025945085749
Q7Z4S6,17,0,2.0052420897750967,10.305,60.600815051433244
Q7Z4S6,18,0,2.1003637781351028,11.3125,51.273598268773384
Q7Z4S6,24,0,2.041537220358836,10.23,54.354036221619474
Q7Z4S6,25,0,1.9282744279384438,10.5875,65.37804028645256
Q7Z4S6,28,0,2.2903039453912912,10.165,43.783787764458395
Q7Z4S6,29,0,1.9533815247581048,9.235,48.395326711924326
Q7Z4S6,31,0,2.074313028709955,10.67,54.646891561796295
Q7Z4S6,32,0,2.016223073422466,10.932500000000001,59.458846121853355
Q7Z4S6,35,0,2.477726019494823,10.33,5.03178423349965
Q7Z4S6,36,0,2.0037906804537577,10.8775,65.15211559601276
Q7Z4S6,38,0,1.9573834405088888,10.78,53.48122978762058
Q7Z4S6,39,0,1.9423948922251884,10.475,71.98704311297905
Q7Z4S6,45,0,1.983781236133355,10.495000000000001,55.65431196850916
Q7Z4S6,46,0,1.9437681806743106,10.46,52.44823485321209
Q7Z4S6,82,0,1.8235976190119771,10.545,69.20130127725525
Q7Z589,17,0,1.9402837036953655,10.31,62.96653249435678
Q7Z589,19,0,2.188687033167344,10.3,32.763244360282776
Q7Z589,22,0,2.1656674538494785,10.48,52.983107364947486
Q7Z589,24,0,2.0999978914516015,10.475,58.04516215266142
Q7Z589,43,0,1.9974456370945248,11.26,60.27325492991129
Q7Z589,45,0,2.1792012492517507,10.533333333333333,57.470310692747525
Q7Z589,46,0,2.8668404640040186,10.72,19.6227149635566
Q7Z589,47,0,2.505745814947493,8.510000000000002,18.54082899347661
Q7Z589,48,0,2.22426542914126,11.78,59.35669527322647
Q7Z589,54,0,1.927630521162177,10.35,47.07332979707818
Q7Z589,56,0,2.965662997275468,9.29,17.389173486548152
Q7Z6G8,64,0,1.887131302824228,10.208,56.74132266160532
Q7Z6G8,92,0,2.0241241250704434,10.396,67.39590815529972
Q7Z6G8,106,0,1.9340397188611653,10.522,65.55942144730452
Q7Z6G8,107,0,1.9186583127386065,10.481,68.08159020437681
Q7Z6G8,118,0,2.0569152191646696,10.3255,64.92798914011792
Q7Z6G8,126,0,2.7856869283017938,10.271,22.212377239049697
Q86T82,5,0,1.9921829049166384,9.965,29.422659628273024
Q86T82,21,0,2.1055368608415446,10.395,79.31983125323063
Q86T82,23,0,2.1218372861161967,9.845,36.685015551975766
Q86T82,32,0,2.600046976457024,6.03,18.96797651128657
Q86T82,35,0,2.27933601338725,6.82,11.254117545477671
Q86T82,58,0,2.0951289494393937,10.2475,53.98409732419755
Q86T82,68,0,1.9307816314088797,10.3975,75.6426215958964
Q86T82,86,0,2.224770310707991,10.6725,55.67844659957189
Q86T82,90,0,1.959114939639842,10.8325,73.6309060126625
Q86UR5,14,0,1.8897651967984146,10.456,79.09677326608724
Q86UR5,27,0,2.266775716276864,9.016,19.208901761231868
Q86UR5,33,0,1.900019807427341,10.3545,71.68141196267763
Q86UR5,42,0,2.2801284220870386,10.213,55.85435451697267
Q86UR5,47,0,2.1825641670804004,10.068000000000001,42.19593848004073
Q86UR5,60,0,2.134764486979884,10.122,63.981621986885976
Q86UR5,62,0,2.159518740897795,10.1705,61.37748220524759
Q86UR5,63,0,1.9120124890258499,10.8535,74.05573933296742
Q86UR5,85,0,2.255665561031497,10.734,44.18158702548068
Q86UR5,103,0,2.1398089516098553,10.366,51.36129779119376
Q86W26,7,0,1.9014503741975155,10.352500000000001,68.23641345358271
Q86W26,10,0,2.0243308870582775,10.52,61.83154869969261
Q86W26,28,0,2.521686295937672,9.8475,31.41051546980135
Q86W26,29,0,1.9700369618481144,10.416500000000001,63.984879753017914
Q86W26,31,0,3.3342546374007704,6.6805,13.999923520838882
Q86W26,66,0,2.0986480844694624,9.959999999999999,26.00558038764071
Q86W26,70,0,1.9770114578821605,10.7065,70.30560218366938
Q86W26,74,0,2.477804599965835,10.031,30.486088741513168
Q86W26,78,0,2.263348788346929,9.974,47.39860899143393
Q86W26,81,0,2.071580859231152,10.112,54.96904225346784
Q8IVL1,8,0,1.8844107410942041,10.4035,70.79193218016829
Q8IVL1,10,0,1.8945394741215917,10.3285,67.65483756731012
Q8IVL1,20,0,2.5062796954106092,10.3325,26.139858929889062
Q8IVL1,33,0,1.9412288537971616,9.9695,47.09179483514889
Q8IVL1,37,0,1.8775192975543962,10.418000000000001,82.63377298879331
Q8IVL1,64,0,1.9336249849944775,10.6105,65.14300170482501
Q8IVL1,73,0,1.9249175413059594,10.4485,70.13589400302092
Q8IVL1,92,0,2.033072990530383,10.314,22.63640879872946
Q8IVL1,110,0,1.9060337613444656,10.3405,64.84098338607521
Q8IVL1,123,0,2.2919725133855806,10.2635,43.88436945300465
Q8IVW4,9,0,1.924021096574862,11.22,35.88310766468524
Q8IVW4,20,0,2.6135201219736954,10.22,36.74842009120838
Q8IVW4,22,0,2.2264050378978584,10.25,44.6265854436308
Q8IVW4,24,0,1.9456967566118988,10.59,50.2440803574841
Q8IVW4,33,0,2.9520523281697058,14.66,18.96572939987463
Q8IVW4,45,0,2.0633486261214293,10.26,58.7240897775333
Q8IVW4,52,0,1.9763624937722737,10.3,63.8591538695197
Q8IVW4,55,0,1.905890625288932,10.38,72.0960825579974
Q8IVW4,72,0,1.8706749621507048,10.43,63.30934243021803
Q8IVW4,73,0,1.910488713488483,10.35,77.98679785794259
Q8IVW4,74,0,2.7650596110335144,10.3,45.28995236739038
Q8IVW4,100,0,2.0899369730995554,10.01,46.22477253137418
Q8IVW4,104,0,2.772568853622827,10.42,41.22463329887476
Q8IVW4,127,0,2.6333199443778565,13.43,13.11277866161947
Q8IVW4,140,0,3.868287362443615,10.58,25.4092668320812
Q8IVW4,174,0,1.962789779272972,9.43,59.0131817515105
Q8IVW4,180,0,2.0913086472805213,9.84,33.713837937381484
Q8IVW4,212,0,2.40105735505586,10.33,51.411247478139664
Q8IVW4,216,0,2.1112250519728866,9.23,29.21537178175217
Q8IVW4,230,0,1.9503483716911083,10.43,74.18707426834919
Q8IVW4,246,1,1.8707370416272373,10.38,85.92861318652368
Q8IVW4,250,0,1.9614010175740293,10.42,69.08401515152124
Q8IVW4,251,0,2.192561244876281,8.5,10.06782270705104
Q8IVW4,254,0,1.8899424244001024,10.4,72.65378070385654
Q8IVW4,294,0,1.975310634563595,10.49,74.65949126363277
Q8IVW4,300,0,2.3542669438799546,10.37,76.27106284507738
Q8IVW4,302,0,2.478592732948284,9.61,38.83577933505447
Q8IVW4,308,0,1.9087414365147883,10.47,74.79016188306802
Q8IWA4,9,0,2.1094202066426564,10.92,39.7099602158393
Q8IWA4,15,0,2.3422583993584305,10.54,28.34793223520317
Q8IWA4,16,0,2.0005916910076547,10.38,77.11111163067791
Q8IWA4,41,0,1.9770670602486184,11.17,60.07769078722532
Q8IWA4,61,0,2.471686857883735,10.43,46.71908250046246
Q8IWA4,63,0,2.1325631075875293,10.14,68.02588747588403
Q8IWA4,77,0,4.134992459130761,9.99,26.11802322470044
Q8IWA4,99,0,2.03318445084082,9.98,45.99082205345217
Q8IWA4,122,0,1.924232849388979,10.44,84.39257072845913
Q8IWA4,133,0,1.9036819981791704,10.59,61.467191037969314
Q8IWA4,134,0,2.036653911187006,10.91,37.32748761209662
Q8IWA4,137,0,1.9840519807746924,9.06,33.915783440145056
Q8IWA4,150,0,1.870735369387691,10.3,60.46845909843904
Q8IWA4,153,0,1.941196682546732,10.59,57.171913932195615
Q8IWA4,164,0,2.080870630188098,10.32,31.060272067572782
Q8IWA4,166,0,1.9021410804012493,10.24,44.384126485605314
Q8IWA4,194,0,1.916144833930135,10.56,71.88287968155848
Q8IWA4,217,0,2.3986473735541574,9.72,9.213767654203265
Q8IWA4,222,0,2.018209819501234,11.48,32.36848360840513
Q8IWA4,229,0,1.8706275693079384,10.15,79.30476142597047
Q8IWA4,269,0,1.9652289539619088,10.34,65.54412745431851
Q8IWA4,286,0,2.025312330694826,10.3,60.66615036115087
Q8IWA4,293,0,1.9697803014194244,10.28,32.738864292293975
Q8IWA4,295,0,1.9415070356309083,10.39,80.72839377189874
Q8IWA4,334,0,2.01352547611326,10.65,56.47866915330347
Q8IWA4,336,0,2.1146659708148583,10.73,10.915496399821208
Q8IWA4,345,0,2.0873235551373166,10.67,36.006775150496864
Q8IWA4,352,0,2.4440330721521457,10.31,28.31078944705916
Q8IWA4,380,0,1.9911834359123943,10.66,72.04005748900838
Q8IWA4,387,0,2.217233788374809,10.35,61.137945582888406
Q8IWA4,393,0,2.068722570997114,10.52,47.543619672335865
Q8IWA4,398,0,2.309355714468051,11.49,43.58459115526671
Q8IWA4,411,0,1.909197019501928,10.45,62.09253160065106
Q8IY57,27,0,2.169731541781641,10.493500000000001,43.99010695324438
Q8IY57,35,0,1.9303313490798395,10.1355,41.00262250928256
Q8IY57,41,0,1.9307728038717804,10.312000000000001,64.10744277266225
Q8IYH5,17,0,1.9467512195070011,10.487,60.63851252703014
Q8IYH5,18,0,2.171446502427716,10.327,40.57433670955106
Q8IYH5,23,0,2.001779231088947,10.767,56.40398433294907
Q8IYH5,25,0,1.9426539231975135,10.808499999999999,53.4372425817318
Q8IYH5,38,0,1.991746071331444,10.564,44.006047263469
Q8IYH5,49,0,2.0030903367996755,10.357,76.0751943606031
Q8IYH5,57,0,1.9719012913968785,10.1065,59.85085961640527
Q8IYH5,61,0,1.9680137379940383,10.286,65.47223734242888
Q8IYH5,64,0,1.919406186515771,10.4045,74.30809921659024
Q8IYH5,65,0,2.3104990457523957,10.641499999999999,45.03622785445866
Q8IYW5,5,0,1.9023671570533784,10.446666666666667,79.44485682336648
Q8IYW5,37,0,2.5380350246192305,9.906666666666666,28.86511692580039
Q8IYW5,46,0,1.9055244680967813,10.406666666666666,72.00226020239488
Q8IYW5,82,0,1.9099144005704536,10.32,62.73755075064903
Q8IYW5,89,0,1.977275480224849,10.423333333333334,73.38916427587652
Q8IYW5,112,0,1.8368831004513813,10.184999999999999,50.17267457446188
Q8IZQ1,13,0,1.8819436555793208,10.4455,71.51341202303458
Q8IZQ1,46,0,1.9381764060279152,10.546,68.08568245605736
Q8IZQ1,55,0,2.031448338709313,10.541,56.557724387187946
Q8IZQ1,58,0,1.973709619774007,10.4035,72.77895517239418
Q8N0V3,9,0,1.9460254320718398,10.368,76.20813445348134
Q8N0V3,24,0,2.068977234254913,10.971,65.85389503494716
Q8N0V3,48,0,2.297697823055797,10.6365,53.88238171705287
Q8N0V3,63,0,2.016508121449855,11.099,54.55292685277666
Q8N0V3,107,0,1.9408802284721467,10.3595,57.125812696250364
Q8N335,7,0,2.2900820828065127,10.89,51.63163347528133
Q8N335,22,0,2.4394160379390986,9.895,35.1073306287894
Q8N335,29,0,2.036214090510742,10.24,55.58015729191506
Q8N335,30,0,1.957659340004862,10.205,56.294100584905074
Q8N335,33,0,1.9787751032236252,10.93,67.35352119816886
Q8N335,39,0,2.4578061852818758,10.385,37.65260972681968
Q8N335,51,0,2.4165222123599714,10.705,64.25874154760992
Q8N335,64,0,2.069435705126759,10.635,20.49201983074367
Q8N335,70,0,1.9210483927861626,10.934999999999999,60.75480217884434
Q8N335,113,0,1.884479044244157,10.34,83.04265127265802
Q8N335,114,0,1.9027333166424005,10.515,81.29690750496636
Q8N335,122,0,2.081717356680241,10.455,25.797466236802116
Q8N335,132,0,2.298001342917879,11.129999999999999,26.21461083633659
Q8N335,141,0,2.0177098264138835,11.155000000000001,28.374750309990837
Q8N335,162,1,2.1914774992837014,10.265,41.38837245348139
Q8N335,171,0,1.9493056182429256,10.92,48.20016344955093
Q8N335,180,1,2.486426416741751,9.98,35.7312476573
Q8N335,206,0,4.608107325521418,7.3149999999999995,8.312326912163844
Q8N335,226,0,3.2265591315445756,10.835,9.668807715121662
Q8N335,246,0,1.8707531258063348,10.515,84.2258208808928
Q8N335,284,0,2.003223301660314,11.2,36.482071939046214
Q8N335,291,0,1.920538821850083,10.35,78.10208776334463
Q8N335,298,0,1.9398972022310617,9.825,36.9706223216029
Q8N335,313,0,2.053742108244638,10.435,56.75782911300605
Q8N335,315,0,1.9914053966053682,9.325,36.14763958359454
Q8N335,320,0,1.936552752238757,10.135,57.5002758143427
Q8N3C7,47,0,2.101999616640758,10.53,62.777529698827536
Q8N3C7,51,0,1.908650573981415,10.3,75.67985437757996
Q8N5Z0,31,0,1.8706149862558439,10.3,73.84922324922519
Q8N5Z0,49,1,2.1675972602029336,9.49074074074074,45.25096243912134
Q8N5Z0,59,0,2.027140655607711,10.333823529411765,58.22503758203442
Q8N5Z0,69,0,2.0251501115395723,10.591142857142858,36.79693338776318
Q8N5Z0,88,0,2.4448389594779965,9.856,43.44410586378243
Q8N5Z0,93,0,1.95813090073876,10.682857142857141,49.54793147538301
Q8N5Z0,123,0,3.4287415843554108,9.264000000000001,7.4908584031145535
Q8N5Z0,179,0,2.320228022484189,10.727058823529413,59.94573427079706
Q8N5Z0,184,0,1.9237547873195724,10.408000000000001,69.84299869168755
Q8N5Z0,188,0,2.051488489192858,10.457142857142857,41.02661478692818
Q8N5Z0,192,0,3.328862392906219,9.596,22.95139319965891
Q8N5Z0,213,0,4.178117730748433,8.594285714285714,4.5043987167564
Q8N5Z0,214,0,2.045375766326523,10.346285714285715,58.21536027216418
Q8N5Z0,222,0,1.9488112912639528,10.384285714285713,57.308270273335175
Q8N5Z0,240,0,1.9103733629617479,10.97304347826087,55.37311168096905
Q8N5Z0,263,0,2.7067669600493027,8.017666666666667,25.3931378081312
Q8N5Z0,278,0,2.4793800090943443,10.56342857142857,39.497057473698526
Q8N5Z0,330,0,3.234362649328651,9.509428571428572,18.771369534372543
Q8N5Z0,339,0,1.9230378845317762,10.822571428571429,49.939934918708445
Q8N5Z0,359,0,2.4802617932770055,10.754285714285714,42.24286742280045
Q8N5Z0,361,0,2.020806335518621,10.709428571428571,46.82824069020312
Q8N5Z0,367,0,2.3215513356423574,10.814857142857143,47.00137330034377
Q8N5Z0,373,0,2.120379361542662,10.770857142857144,40.359148832753924
Q8N5Z0,376,0,1.945079736120257,10.285,64.48087159067325
Q8N5Z0,422,0,2.094301936523396,10.105142857142857,55.042872485820645
Q8N8N7,14,0,2.0725974790783406,10.743,52.201148591007254
Q8N8N7,18,0,2.130248773706949,10.57,67.0167817356122
Q8N8N7,86,0,1.9952002939277496,10.559999999999999,43.54077902771853
Q8N8N7,90,0,1.9346071037623191,10.63,47.229264057436055
Q8N8N7,92,0,1.956680464559053,10.431999999999999,70.3778113635629
Q8N8N7,96,0,1.9340296513380475,10.48,52.261048290935705
Q8N8N7,106,0,2.70675698416943,10.343,28.599537809339893
Q8N8N7,110,0,2.936544655723245,9.43,19.37112575188161
Q8N8N7,116,0,1.9242018444417415,10.703,53.44444042865011
Q8N8N7,120,0,1.9414544805096623,10.45,44.3652442047603
Q8N8N7,147,0,2.2556704663114777,10.772,22.161177460027055
Q8N8N7,151,0,2.357880725943003,10.99,15.713951928944873
Q8N8N7,156,0,2.323644618694243,10.075,29.82900009432226
Q8N8N7,160,0,2.287174258747594,10.13,41.12384053457209
Q8N8N7,192,0,2.7509553362316366,9.639,11.455277650077843
Q8N8N7,196,0,3.267468624975061,9.63,15.9055236309669
Q8N8N7,209,0,1.9704906430635898,10.394,61.159053158529716
Q8N8N7,210,0,1.9309866407146685,10.34,55.64081948256046
Q8N8N7,213,0,1.9533725734475107,10.32,60.954882360969854
Q8N8N7,214,0,1.917844076256176,10.41,63.16316019705568
Q8N8N7,261,0,2.0108291092165165,10.288,58.50467243812649
Q8N8N7,265,0,2.085435479093634,9.79,43.682995000155714
Q8N8N7,278,0,1.9322542418020923,10.653,63.24139239911475
Q8N8N7,282,0,1.940729817552442,10.47,73.68451761854526
Q8N8N7,293,0,1.9354576309251246,10.421,66.79790435744272
Q8N8N7,295,0,1.9955136223715026,11.237,43.56905008910849
Q8N8N7,297,0,1.9489752559580813,10.17,74.24434288443027
Q8N8N7,299,0,1.996084476334178,10.2,19.62395851064864
Q8N8N7,308,0,1.9858141779310337,10.862,41.60761307830144
Q8N8N7,311,0,1.9321367222402241,10.373999999999999,40.255173803392765
Q8N8N7,312,0,1.9765998767292865,10.62,32.466265679748105
Q8N8N7,313,0,2.239739329799259,10.125,45.923297446354084
Q8N8N7,315,0,2.3759374054865368,9.988181818181818,30.890007265725956
Q8N8N7,317,0,2.2825437381108475,10.17,36.22210514696165
Q8N8N7,319,0,2.411246852620398,11.08,39.52077743323095
Q8N8N7,340,1,2.6025498897212183,9.977,6.257257350310427
Q8N8N7,344,0,2.574671244269884,8.01,6.792908715224529
Q8N8S7,21,0,2.8254248785279152,10.597066666666667,58.33214118741293
Q8N8S7,22,0,2.9330413389239416,10.227027027027026,53.24933080861749
Q8N8S7,24,0,2.065209397571909,10.48,60.76818667254558
Q8N8S7,25,0,2.1731493568040703,10.49,50.20631579579408
Q8N8S7,26,0,2.3447599457009054,10.4,53.81810014987114
Q8N8S7,52,1,2.7275725917769345,9.903513513513513,11.103012422475828
Q8N8S7,55,0,2.288655129640332,10.37,35.63151845301026
Q8N8S7,56,0,3.463980755571353,9.82,6.667114109387037
Q8N8S7,66,1,2.666966227168579,10.500533333333333,59.85592358014686
Q8N8S7,69,0,2.620419857945291,10.032051282051283,68.58383819102434
Q8N8S7,70,0,1.9106301030522483,10.44,76.24668277708861
Q8N8S7,72,0,1.9193151332683545,10.42,81.55869053030378
Q8N8S7,73,0,1.931064834610024,10.08,74.29185947331581
Q8N8S7,94,0,2.358497856184045,10.33056338028169,56.050161630692564
Q8N8S7,97,0,2.2011753340587656,10.14,54.90672745418695
Q8N8S7,98,0,2.062854255125649,10.04,41.207616338667805
Q8N960,4,0,1.8790179331676016,10.5,82.50871142124166
Q8N960,22,1,1.9639177295712407,10.689,65.48650213657157
Q8N960,25,0,1.8994608438955045,10.455,75.78767972793739
Q8N960,33,0,2.0144233984493916,10.222,54.54500578504957
Q8N960,63,0,1.9650315262599203,10.529,73.0301369587719
Q8N960,76,0,2.1029650597207383,10.22875,58.684496710744114
Q8N960,89,0,1.8769256071059597,11.106,41.180886621173514
Q8N960,106,0,1.9945293141114195,10.257000000000001,62.338341590840365
Q8N960,110,0,2.2927455646848625,10.273,49.886724193138264
Q8N960,118,0,1.9601715878277683,10.784,44.87110934432756
Q8N960,121,0,1.8917816830058012,10.401,74.94583107154575
Q8N960,123,0,1.9669001145001004,10.391,74.40247625964565
Q8NAT2,13,0,2.1377936503779584,10.4625,61.82853146174822
Q8NAT2,23,0,1.8889659446214409,10.497499999999999,78.70714705470282
Q8NAT2,33,0,2.0336125085284786,10.45,65.77955873502776
Q8NAT2,77,0,2.398171887322953,10.6,38.8493192721422
Q8NBS9,29,0,4.520912224974191,8.6135,5.769942333614917
Q8NBS9,39,0,1.9612338774028832,10.439499999999999,65.99973856515155
Q8NBS9,50,0,1.9542685607720878,10.732000000000001,57.21338131897683
Q8NBS9,51,0,2.0596206923178926,10.2285,37.846689794226066
Q8NBS9,60,0,2.275217695660018,10.019,37.61286367101325
Q8NBS9,75,0,1.9117717370650478,10.2645,69.75769369866775
Q8NBS9,91,0,2.019425978223066,10.3255,72.57672987153491
Q8NBS9,92,0,2.0054830310553795,10.071,60.931899647213434
Q8NBS9,114,0,1.9787079704015498,10.3385,66.21285308429711
Q8NDI1,19,0,2.1028427167181922,10.129999999999999,44.62530753536912
Q8NDI1,23,0,1.9709124571437555,10.3865,60.16074991549696
Q8NDI1,29,0,1.9020566523379805,10.2585,67.54581939349204
Q8NDI1,58,0,1.9654633100373438,10.581999999999999,63.40548825538726
Q8NDI1,66,0,2.107410205273109,10.285,58.31627178118917
Q8NDI1,70,0,2.313001439570228,10.527,58.708633796176116
Q8NDI1,71,0,2.0903249027374855,10.8965,22.799210384278535
Q8NDI1,98,0,2.2271812966394267,10.237,52.57680289631408
Q8NEB9,-6,0,1.8977820805806545,10.290000000000001,69.94831965040136
Q8NEB9,2,0,1.9287405296633842,10.508,69.45665712762221
Q8NEB9,6,0,2.197124069777116,10.294,29.033090685504668
Q8NEB9,13,0,1.9652552568176582,10.431999999999999,61.01005003696383
Q8NEB9,20,0,2.004172204759069,10.252,60.341574752649834
Q8NEB9,23,0,1.9005674581078509,10.41,71.33254791597354
Q8NEB9,24,0,1.953612085969469,10.492,54.46647905867921
Q8NEB9,35,0,2.1344523408931204,10.098,17.625143092248567
Q8NEB9,38,0,1.8914281549264715,10.493,66.88286807626059
Q8NEB9,46,0,2.1509571926013598,10.040000000000001,56.33920534693052
Q8NEB9,47,0,2.275414065615466,10.561,37.194608060326814
Q8NEB9,48,0,1.9239319244913424,10.617,47.08155684283977
Q8NEB9,66,0,1.9187394914747682,10.217,59.567764484654845
Q8NEM0,7,0,14.506281549608776,10.597,58.5553011672345
Q8NEM0,26,0,12.086064584537343,10.3655,80.47581626753484
Q8NEM0,38,0,14.20050872976903,10.3095,69.52730696491214
Q8NEM0,41,1,13.265761077898938,10.4125,83.13696122962031
Q8NEM0,45,0,14.147899689348737,10.186842105263159,70.00772262043874
Q8NEM0,53,0,8.697889191142655,10.306000000000001,43.77410773209452
Q8NEM0,62,0,11.622940458484386,9.638333333333334,36.355582837610534
Q8NEM0,65,0,11.189606282364867,10.323333333333332,68.3351979984148
Q8NEM0,69,0,10.971723472331167,10.147499999999999,43.74996328355475
Q8NEM0,78,0,10.522746819612976,10.3545,48.6703616950229
Q8NFD5,3,0,2.0511928636227665,10.44,74.77553384227474
Q8NFD5,6,0,2.0309368334968125,11.02,46.339571562924114
Q8NFD5,9,0,2.292870999378501,10.26,66.38843047997076
Q8NFD5,12,0,2.3815532402518578,10.8,37.93021525265721
Q8NFD5,17,0,2.0082046801484217,11.99,54.20922843524306
Q8NFD5,23,0,2.0432782163926,11.21,53.42095047857983
Q8NFD5,42,0,1.9122386133638336,10.38,81.59007373191618
Q8NFD5,43,0,2.261579263332196,10.12,62.07728178631175
Q8NFD5,48,0,1.8848436228668213,10.43,87.10828122794666
Q8NFD5,49,0,2.216180652064791,10.16,51.35460063560463
Q8NFD5,55,0,1.9638571394646247,10.29,55.42692283774386
Q8NFD5,61,0,2.073827590125678,10.7,50.28609915922586
Q8NFD5,65,0,1.9042047385185896,10.42,72.76282014887488
Q8NFD5,67,0,1.976473641793408,10.28,66.07806730573486
Q8NFD5,68,0,2.299665012197252,11.21,34.89713844531016
Q8NFD5,71,0,1.9099462485119152,10.44,69.59206958846896
Q8NFD5,73,0,1.9595241547722608,10.39,75.2010560222188
Q8NFD5,74,0,2.2604725010414337,10.5,29.673160736242465
Q8NFD5,89,0,2.627312913484988,9.98,45.302453288157785
Q8NFD5,90,0,2.283188979361789,10.34,73.57210750640901
Q8NFD5,95,0,2.36179386713344,9.42,34.67392174228792
Q8NFD5,96,0,2.144720349927573,10.1,53.57263049888596
Q8NFD5,102,0,2.946417104842625,10.57,33.489639486654994
Q8NFD5,108,0,1.9171036120345848,10.46,42.05830072439767
Q8TD16,9,0,1.9782411013320294,10.77,65.05264819111083
Q8TD16,18,0,1.9682693050806357,10.45,64.15245099616345
Q8TD16,24,0,2.039606265978202,10.605,59.674421555244216
Q8TD16,27,0,1.9088298787712816,10.3,63.92812164574305
Q8TD16,66,0,1.9355787427412503,10.58,57.10826395603694
Q8TD16,79,0,1.9576390933789147,10.22,60.10038552165516
Q8TD84,37,0,2.469351539934199,10.673,54.81566708212572
Q8TD84,40,0,2.099201643809809,10.3215,53.71706522113476
Q8TD84,41,0,1.911352776625894,10.439499999999999,74.27323735561244
Q8TD84,72,0,1.9759333091059397,10.3405,69.28594756431542
Q8TD84,86,0,2.151541558365319,10.5685,57.808071718331995
Q8TD84,87,0,1.9676456586238822,10.246500000000001,56.39403104747417
Q8TDR0,22,0,1.8854483962783661,10.4485,64.7905673689698
Q8TDR0,32,0,2.046843425716312,10.341,75.03645783837094
Q8TDR0,36,0,1.9980932196073815,10.1365,52.34885416935735
Q8TDR0,57,0,1.9195237595145205,10.395,70.87932736080033
Q8TDR0,66,0,2.13663930781822,10.5555,64.76056352288184
Q8TDR0,71,0,1.8944038176897036,10.52,75.94122179638924
Q8TDR0,73,0,2.1279380973923248,10.283,60.41995094437219
Q8TDR0,76,0,3.048726214331254,9.762,27.65066556321596
Q8TDR0,82,0,2.5420570053264515,10.3025,34.4800494781456
Q8TDR0,98,0,2.4090810298209044,10.1505,54.010174179468514
Q8TDR0,120,0,2.084181249540843,10.608500000000001,50.75863723672629
Q8TDR0,125,0,1.9609885900420303,10.41,73.78112650138168
Q8TDR0,140,0,1.8358664896860142,10.519,81.26287849329097
Q8TDZ2,69,0,2.0738733029793486,10.542,69.66128771035689
Q8TDZ2,72,0,2.1719059456584437,10.4505,61.46298588530279
Q8TDZ2,107,0,1.9316317693148577,10.362,64.94777953758935
Q8TDZ2,110,0,1.9632546918330527,10.397,51.552196996038376
Q8TEK3,4,0,1.8706764383173549,10.4825,79.72966387767619
Q8TEK3,10,0,2.396552706472426,10.893018867924528,39.055208591273036
Q8TEK3,29,0,1.911769607314624,10.434528301886791,69.16699629568276
Q8TEK3,52,0,2.1886803106980692,10.9,41.541048658958005
Q8TEK3,66,0,1.9263672938163683,10.508301886792454,71.14963887166614
Q8TEK3,77,0,2.2248013991263087,10.261320754716982,26.498669037886838
Q8TEK3,90,0,1.9138892854120049,10.304150943396227,59.741368104354436
Q8TEK3,97,0,1.9349841609955845,10.289622641509434,68.96103674145675
Q8TEK3,124,0,2.012745665388003,10.822641509433963,51.994874260064485
Q8TEK3,152,0,1.9254509145400727,10.41943396226415,69.43518507042755
Q8TEK3,180,0,1.995369981571647,10.572830188679246,63.543459620014346
Q8TEK3,187,0,1.953725736530163,10.620188679245283,60.06664766918101
Q8TEK3,193,0,2.013217451752094,10.632264150943396,65.72421270820085
Q8TEK3,204,0,1.9359211328580617,10.306981132075471,51.04922955582712
Q8TEK3,207,0,1.9600317283036222,10.237169811320756,68.84255090767911
Q8TEK3,211,0,2.464076473182275,9.731132075471699,15.544396691004811
Q8TEK3,212,0,2.263591624714992,9.989433962264153,51.01989938007421
Q8TEK3,254,0,2.244007282357106,9.885283018867923,34.62516222376171
Q8TEK3,261,0,2.0796222866242227,10.191132075471698,60.54177342369636
Q8TEK3,270,0,2.384174909799877,9.278490566037735,35.005412250609474
Q8TEK3,300,0,1.920081784080859,10.233269230769231,71.09149096918875
Q8TEK3,308,0,2.1235852226934475,10.1096,51.8649949045808
Q8TEK3,330,0,1.9139572084096428,10.345660377358492,67.39267132076978
Q8TEK3,333,0,1.9292881388512368,10.420833333333333,74.92067705911677
Q8TF39,8,0,1.8823946280593724,10.397499999999999,70.30820381508563
Q8TF39,11,0,1.8823125248862642,10.387,69.33819781338161
Q8TF39,20,0,1.9786210457318139,10.3275,60.25752078670456
Q8TF39,23,0,1.9247165679580305,11.1785,47.87743516298005
Q8TF39,38,0,1.8951971851876313,10.0085,59.353293517431254
Q8TF39,44,0,1.9630489077188984,10.947,67.74320795066173
Q8TF39,47,0,1.9259961701189219,10.4895,64.57650382704347
Q8TF39,57,0,1.9152399580371182,10.428999999999998,68.65078625209887
Q8TF39,65,0,1.888707268459162,10.3485,69.51097231935965
Q8TF39,66,0,1.894909008354914,10.203,67.31946927904707
Q8WUD1,13,0,2.380903497284974,7.84,14.214790459636513
Q8WUD1,24,0,2.497573421975426,9.7,7.651839781670063
Q8WUD1,34,0,2.005649977575706,10.12,58.16213739162242
Q8WUD1,58,0,2.034061836409597,11.53,55.68250449008278
Q8WUD1,61,0,2.444661718079802,10.21,48.75555448830509
Q8WUD1,125,0,2.370205074903869,10.18,32.89479855265185
Q8WUD1,135,0,2.1998133622109783,10.64,66.10696341316321
Q8WUD1,156,0,1.9406991561399272,10.55,52.27780345175484
Q8WUD1,170,0,2.0529823920642363,10.33,59.637540566488006
Q8WUD1,175,0,2.8574614786023584,10.34,43.69939018681664
Q8WV44,23,0,1.906111941604004,10.9155,67.3914215682913
Q8WV44,29,0,1.9667455562089575,10.437000000000001,50.11312175872227
Q8WV44,50,0,2.161599037088397,10.1625,44.24311151785965
Q8WV99,9,0,1.890537207890683,10.292,64.31808328759311
Q8WV99,14,0,1.9686413906993447,10.277,61.552611269469665
Q8WV99,27,0,1.9469299865578624,10.282,58.36206867534612
Q8WV99,40,0,1.9688584071786905,10.876000000000001,57.025934593558816
Q8WVY7,8,0,2.1776390979243674,10.365666666666668,41.939384352059214
Q8WVY7,29,0,2.8790444568528772,7.701833333333334,23.430427252385584
Q8WVY7,33,0,2.399540707035735,10.204666666666666,38.82700414682468
Q8WVY7,44,0,2.052088227843931,10.195666666666666,58.215362297992776
Q8WVY7,49,0,2.0201737792760346,9.740666666666666,50.108719165684114
Q8WVY7,51,0,1.8779066863248322,10.263333333333332,64.11597361479677
Q8WVY7,53,0,2.144429287155534,10.323666666666666,60.08313076033764
Q8WVY7,60,0,2.5619765088814836,10.541,52.11262876383845
Q8WVY7,65,1,2.214374887889243,9.609166666666665,44.80092583719713
Q8WVY7,67,0,2.206696439093011,10.346833333333333,65.72641782262767
Q8WVY7,71,0,2.023075682240641,10.421,51.97099147713138
Q8WX94,25,0,1.9372383354744815,11.061499999999999,56.78693793243697
Q8WX94,28,0,2.636208409690708,10.2255,22.96039372236178
Q8WX94,42,0,1.9170105736076781,10.3275,60.930301034701685
Q8WX94,54,0,2.2262140857496346,11.5125,41.42971057681487
Q8WX94,55,0,2.337610660415728,11.368500000000001,50.16484513652052
Q8WX94,87,0,1.996034268135821,10.361,61.99577709190519
Q8WX94,90,0,2.1776744612761987,11.2935,40.97090387720452
Q8WXD9,5,0,1.870646553119781,10.36,65.14449068884312
Q8WXD9,8,0,10.589931394275668,10.4575,83.08201117436747
Q8WXD9,11,0,2.1702180119652392,10.319666666666668,57.37437648875009
Q8WXD9,25,0,2.0293342777102903,10.962333333333333,27.603164245961366
Q8WXD9,42,0,2.388323070542375,10.365666666666668,51.59975612732444
Q8WXD9,51,0,2.3099803898095432,10.4125,65.00985217243654
Q8WXD9,54,0,5.731545152414089,10.2675,55.30775502891004
Q8WXD9,56,0,1.938849008079598,10.0925,69.34757350395716
Q8WXD9,57,0,2.13439298906862,10.515,47.284184660257786
Q8WXD9,59,0,7.214193631682629,10.156666666666666,59.78233744455659
Q8WXD9,60,0,8.941748041967486,10.166666666666666,46.28800799183551
Q8WXD9,75,0,1.9530785851505814,10.295,48.08799877434073
Q8WXD9,78,0,8.587000817213143,10.754999999999999,41.891019096824884
Q8WXD9,93,0,2.0104068136610653,10.64,79.24580747633044
Q8WXD9,96,0,8.159429258209299,10.796666666666667,70.33699792983579
Q8WXD9,121,0,2.2627407309399024,10.28,47.256147582070675
Q8WXD9,124,0,6.405793674792966,10.165,48.800256733771796
Q8WXD9,126,0,2.2983391186973656,10.1025,25.476262931665172
Q8WXD9,127,0,3.09189539501383,9.29,8.926385557477616
Q8WXD9,129,0,7.200808540820827,9.8275,32.7871990042664
Q8WXD9,130,0,8.728967281094269,9.530000000000001,14.657795929947019
Q8WXD9,134,0,2.2627539325388124,10.6075,24.291277090177534
Q8WXD9,137,0,9.074664893711173,10.865,20.163903385522644
Q8WXD9,143,0,8.445514542353871,10.33,67.44983882918635
Q8WXD9,148,0,1.9148596600028769,10.43,63.40925162158688
Q8WYQ5,16,0,1.8816304565572395,10.688500000000001,58.78231559762601
Q8WYQ5,31,0,2.0450605745468264,10.342,64.55755936884385
Q8WYQ5,67,0,2.0831632247707086,10.1455,59.60588083927222
Q8WYQ5,68,0,2.064979106452168,10.187999999999999,66.24571217995825
Q8WYQ5,71,0,2.8331597233195063,9.501000000000001,36.85452083809868
Q8WYQ5,73,0,2.119921180484733,10.281,43.77831288476104
Q8WYQ5,88,0,1.8965716243860353,10.411,76.46669080136414
Q8WZ42,-5,0,1.8922645857194227,10.571764705882353,71.90177736236747
Q8WZ42,4,0,2.3051236635581396,9.99904761904762,53.555920529627805
Q8WZ42,5,0,2.018057130471835,10.233589743589745,52.51417725221521
Q8WZ42,6,0,4.067970208763566,10.68364864864865,58.57382931134006
Q8WZ42,7,0,2.2166671940287785,10.647826086956522,52.4211850954517
Q8WZ42,8,0,2.2535529428446304,10.3325,45.118150609762615
Q8WZ42,9,0,2.1541858287317384,10.498000000000001,55.20857887582703
Q8WZ42,10,0,2.300805496005426,10.2325,44.71517924895995
Q8WZ42,11,0,2.0155242268725084,10.553076923076922,42.87821361285391
Q8WZ42,12,0,2.017538791223387,10.591052631578947,61.57117534349298
Q8WZ42,13,0,2.1067208423903314,9.4504,59.21752010067857
Q8WZ42,14,0,1.9980326140808988,10.63625,43.59140612058036
Q8WZ42,15,0,7.874432113974602,10.704761904761906,47.15227477913714
Q8WZ42,16,0,1.949988126614947,10.628333333333334,67.69583153353173
Q8WZ42,18,0,1.9814842390626335,10.773333333333333,55.61142704712609
Q8WZ42,19,0,2.237847488059542,11.0984,41.49650672711642
Q8WZ42,20,0,2.2533288019991193,10.471875,70.15429809092166
Q8WZ42,21,0,2.1607994401144395,10.370952380952382,49.03310110928036
Q8WZ42,23,0,2.081786746176131,11.175,66.75881116385962
Q8WZ42,24,0,2.0396778166729588,10.256491228070175,55.072821942101584
Q8WZ42,25,0,2.468847038988398,10.295833333333333,48.83506787111821
Q8WZ42,26,0,17.15502051726878,10.614,52.533568363665225
Q8WZ42,27,0,2.3199544472172486,10.199166666666667,60.212659279943615
Q8WZ42,28,0,1.978938658095626,10.3975,70.52974500202596
Q8WZ42,29,0,2.354675900289619,10.246666666666666,54.21853322181777
Q8WZ42,30,0,2.1340929389223815,10.8675,54.84252115432921
Q8WZ42,31,0,2.1173049972016176,9.90304347826087,58.889289459702844
Q8WZ42,32,0,2.170030157016592,10.291052631578948,67.12156521821443
Q8WZ42,33,0,14.25577711109781,10.263846153846155,60.81652893642342
Q8WZ42,34,0,2.158309126175786,10.334285714285715,60.78503065815702
Q8WZ42,35,0,3.0222293524857187,10.162253521126761,47.109690413459695
Q8WZ42,36,0,1.9484419583131056,10.19057142857143,66.71101921811798
Q8WZ42,37,0,1.9247218499773906,10.454516129032257,61.8984633036607
Q8WZ42,38,0,9.475328506566827,9.61875,40.30648034747825
Q8WZ42,39,0,1.8737120895102723,10.3325,67.83628745050136
Q8WZ42,40,0,2.8830356226802665,9.550760869565217,28.44978606957895
Q8WZ42,41,0,4.790779359952418,10.700625,52.29205515592816
Q8WZ42,42,0,12.830870568324903,10.764615384615384,35.64026104218166
Q8WZ42,43,0,2.3252747430434515,9.457500000000001,48.26150086445071
Q8WZ42,44,0,3.158399766844883,10.051304347826088,47.1516191966122
Q8WZ42,45,0,2.8536058809143516,9.5795,24.34016567147976
Q8WZ42,46,0,2.2978313494697225,10.285333333333334,44.26150619734489
Q8WZ42,47,0,2.152938019842026,10.341000000000001,39.91612614290035
Q8WZ42,48,0,6.610170361104068,10.808666666666666,49.046680861691655
Q8WZ42,49,0,1.984536013385501,10.745833333333332,53.968086655387445
Q8WZ42,50,0,2.093745159272053,10.380666666666666,46.31022229322214
Q8WZ42,51,0,2.070257993098491,10.183703703703703,65.29183768687433
Q8WZ42,52,0,2.2591014571868575,9.975205479452056,54.4381518269754
Q8WZ42,53,0,2.2090700325848274,11.39375,41.74743849507879
Q8WZ42,54,0,2.2540240441304262,10.445258620689655,54.180917426877556
Q8WZ42,55,0,2.3638210545174285,10.613272727272728,44.49563933983975
Q8WZ42,56,0,2.084596495786889,10.43,70.26683569390562
Q8WZ42,57,0,1.99118616053422,9.845277777777778,68.28810774256009
Q8WZ42,58,0,2.321890776504644,9.246382978723403,45.83008906601794
Q8WZ42,59,0,2.02482119935106,10.612857142857143,55.71259271972342
Q8WZ42,61,0,2.0859804650191496,10.41,66.08284718986994
Q8WZ42,62,0,2.3436546539444363,10.555,30.92428364807286
Q8WZ42,63,0,6.276019278550308,10.316857142857142,53.32429227460876
Q8WZ42,64,0,2.413459435086053,9.66075,40.70909794442067
Q8WZ42,65,0,1.9053668445232328,10.395,74.01916142734862
Q8WZ42,66,0,2.091295120510319,9.784374999999999,46.72057966571143
Q8WZ42,67,0,2.37479048367686,10.8825,43.12977198758177
Q8WZ42,68,0,4.354998401433987,10.378666666666668,62.26363277220876
Q8WZ42,69,0,2.171577352731704,10.75,49.47255756164001
Q8WZ42,71,0,4.1466434893037265,10.795,65.45989759190957
Q8WZ42,72,0,1.9694021980216725,10.540857142857144,51.09117154661642
Q8WZ42,73,0,1.9138335050967445,10.29,71.04800143386699
Q8WZ42,75,0,2.2375268592578275,10.193478260869565,40.19347096018086
Q8WZ42,77,0,3.75058207545106,11.385000000000002,18.89458541624021
Q8WZ42,79,0,2.305188263126899,10.11546875,54.502551639560195
Q8WZ42,80,0,2.2826854271019057,10.584864864864864,61.29646157437123
Q8WZ42,81,0,2.1840005192365086,9.937857142857142,39.76473005026361
Q8WZ42,82,0,2.1678654921120644,10.303333333333333,58.39960034466409
Q8WZ42,83,0,1.896367645908317,10.460769230769232,62.16589332717634
Q8WZ42,84,0,2.037354398228639,9.540000000000001,48.64293493665859
Q8WZ42,85,0,3.2886975340342364,10.432560975609757,58.52388827374028
Q8WZ42,86,0,1.928561646777539,10.34,65.39113843707338
Q8WZ42,87,0,2.8034469448119834,10.4775,50.70338174885432
Q8WZ42,90,0,2.328443675299656,9.613333333333333,59.100366401801544
Q8WZ42,91,0,2.078031694407716,10.557592592592593,54.75208825237475
Q8WZ42,92,0,2.3457660702035183,10.675,54.961832134703236
Q8WZ42,93,0,2.3558675065914394,10.098214285714286,53.20028281334682
Q8WZ42,94,0,2.5037618800433905,9.42,46.83107809690137
Q8WZ42,95,0,2.086716616017535,11.004000000000001,56.15782745857092
Q8WZ42,96,0,1.8710905292401534,10.38,73.87996176984515
Q8WZ42,97,0,1.9845798013747924,10.408,78.01043179767616
Q8WZ42,98,0,2.194142217813172,10.02625,50.256259142286055
Q8WZ42,99,0,7.544504296238502,10.557142857142859,53.89687371566428
Q8WZ42,101,0,2.0596274856605397,10.394285714285715,66.14145080751668
Q8WZ42,102,0,2.119459642809954,10.53125,58.612346435712844
Q8WZ42,103,0,8.504092792038842,10.917499999999999,56.79815167288103
Q8WZ42,104,0,1.929557035996261,10.505185185185185,64.09639017216544
Q8WZ42,105,0,2.2271902802570605,10.61,57.32271037956792
Q8WZ42,106,0,2.115119558639717,10.5456,57.47246748337067
Q8WZ42,108,0,1.9493239865906284,10.325,62.97500006830591
Q8WZ42,109,0,2.247930073997628,10.55,58.88215115791705
Q8WZ42,110,0,2.010257042482755,10.407499999999999,64.64375027229202
Q8WZ42,112,0,2.028414290980908,10.991428571428571,52.865795526773596
Q8WZ42,120,0,17.5071758661008,10.395,78.30685988137334
Q8WZ42,121,0,2.1497298279079065,11.004999999999999,44.689171859776536
Q8WZ42,122,0,1.9604704479545665,10.03,52.6361740887284
Q8WZ42,123,0,1.9690470369196476,10.228,57.4142485355119
Q8WZ42,124,0,1.9139326703320196,10.35,70.33283095624665
Q8WZ42,125,0,2.1593118879388293,10.17125,47.98963992622151
Q8WZ42,126,0,1.870693414567556,10.63,82.79438364071574
Q8WZ42,128,0,2.264856286631609,10.425,36.97018053513599
Q8WZ42,129,0,2.212125835853629,11.016,31.86358385408039
Q8WZ42,131,0,14.551068005434093,10.281,61.516864199311854
Q8WZ42,133,0,2.2516864402883563,9.3,15.652429072812067
Q8WZ42,134,0,1.9196578439789984,9.81,36.94460600744036
Q8WZ42,135,0,2.204158758141434,10.8775,28.45012398998439
Q8WZ42,136,0,2.225532965023778,10.762307692307692,45.20632256679938
Q8WZ42,137,0,9.085663025277146,10.290666666666665,51.051140238560365
Q8WZ42,138,0,2.1734041929348016,9.822,24.68745973998016
Q8WZ42,139,0,1.9110523800169144,10.34,61.12243396916131
Q8WZ42,142,0,2.20705133223182,10.286666666666667,72.63073144942238
Q8WZ42,143,0,9.157733256441729,10.57846153846154,44.67594973204178
Q8WZ42,144,0,1.9336512761720437,10.6875,62.666518577169825
Q8WZ42,146,0,11.563634780126113,10.756,35.66208353153581
Q8WZ42,147,0,1.9656936311711233,10.645,58.01714961816691
Q8WZ42,148,0,1.938722739279855,10.5775,69.25003686954025
Q8WZ42,149,0,1.9945906846161998,11.04,46.24165859188723
Q8WZ42,156,0,1.877413230450978,10.39,77.76049683088283
Q8WZ42,159,0,1.9865140720539929,10.263333333333334,61.23826928995461
Q8WZ42,160,0,2.026868761264495,10.205,66.56355790794667
Q8WZ42,161,0,2.1339742188349913,10.73,47.79520888401086
Q8WZ42,163,0,16.857108910487167,10.14,27.25174956418009
Q8WZ42,164,0,2.2263975878867903,10.317499999999999,53.25264619714845
Q8WZ42,166,0,4.723098875469443,9.796666666666667,24.229391532809554
Q8WZ42,168,0,1.8998776013746108,11.350000000000001,50.95195317716953
Q8WZ42,169,0,1.9540998041328042,10.745833333333332,67.57027745588177
Q8WZ42,171,0,1.9034539581674514,10.899999999999999,47.202184183260556
Q8WZ42,174,0,2.032515578343659,9.842500000000001,41.43626537898689
Q8WZ42,176,0,3.0605347221824077,8.934000000000001,29.98579502016752
Q8WZ42,177,0,1.990649772438684,10.14,47.71480374703304
Q8WZ42,178,0,2.2067285532477032,11.075,45.56547986058724
Q8WZ42,179,0,2.2428701225140837,9.868571428571428,33.64209555514638
Q8WZ42,180,0,1.9522263027961615,10.114999999999998,60.70147691604201
Q8WZ42,181,0,1.967068077808658,9.415000000000001,26.455449910650067
Q8WZ42,184,0,15.744359293359224,10.96,59.58140641442074
Q8WZ42,185,0,2.003230210494393,10.386,73.22390777565144
Q8WZ42,186,0,2.121495762489979,10.625,27.345518741781966
Q8WZ42,187,0,2.249458805548481,10.443999999999999,33.73739988228341
Q8WZ42,192,0,1.9999683288205654,10.5225,63.08175694991188
Q8WZ42,196,0,2.0149863744238052,10.3925,59.091369774922896
Q8WZ42,197,0,1.8387978648887837,10.285,58.74046860173249
Q8WZ42,199,0,1.936909786728214,10.55,71.32243264212744
Q8WZ42,201,0,2.0171736043292494,11.065,48.29426396700299
Q8WZ42,203,0,2.2713769819275385,10.46,69.06269486387734
Q8WZ42,206,0,2.2192118320182206,10.29,57.25418438981149
Q8WZ42,208,0,1.9930107897829978,10.370000000000001,62.94308508668701
Q8WZ42,209,0,2.245463895274811,10.3925,50.240112460512776
Q8WZ42,212,0,2.2135255682042114,10.120000000000001,36.32482868174935
Q8WZ42,214,0,16.71494208801371,10.081111111111111,30.820285659320955
Q8WZ42,216,0,2.3517731166505498,10.17,51.007847346464644
Q8WZ42,218,0,1.9347776699681811,10.4675,75.35767750596963
Q8WZ42,222,0,2.2128714016663156,10.9225,27.282645982555824
Q8WZ42,223,0,1.870625347959736,11.36,59.1173451829311
Q8WZ42,224,0,11.925006532758745,10.97,35.46643991403569
Q8WZ42,226,0,1.903813489979624,10.625,76.69002367786472
Q8WZ42,228,0,1.9187891273768607,10.335,77.43610284570708
Q8WZ42,229,0,1.9423431840277678,10.464,59.319146696031375
Q8WZ42,231,0,1.950184003393152,10.46,45.17202265149468
Q8WZ42,234,0,2.5149283583452693,9.58,24.35645695650865
Q8WZ42,241,0,2.314810295247463,10.32,57.69610175641647
Q8WZ42,244,0,2.082851908762614,10.47,73.110686085413
Q8WZ42,247,0,2.24297599960582,10.075,36.96330830120627
Q8WZ42,253,0,1.890824682068168,10.8275,51.48529579873247
Q8WZ42,255,0,2.034157346799077,10.35,76.35421687562709
Q8WZ42,256,0,1.9884936901562984,10.21,58.949171801193614
Q8WZ42,258,0,1.9313698291815165,10.36,58.6625669214005
Q8WZ42,261,0,1.9333763136230155,10.115,54.502836448659814
Q8WZ42,266,0,2.1281330590455294,10.646666666666667,56.10616134938876
Q8WZ42,273,0,2.2732318573029,10.748000000000001,56.738982829576855
Q8WZ42,274,0,3.852094654444,10.23,36.82590180168909
Q8WZ42,277,0,2.0197280729568967,11.16,57.148777411298866
Q8WZ42,278,0,2.192000773727353,10.41,72.24138121822592
Q8WZ42,282,0,2.170266746841006,10.38,66.32628585029195
Q8WZ42,285,0,2.175517682208353,10.6,67.97105686660184
Q8WZ42,289,0,2.0306855922096267,10.4725,58.10396065891493
Q8WZ42,291,0,2.1449699922004912,10.48,44.26870568050936
Q8WZ42,292,0,1.9114606013511608,10.17,51.0463645813946
Q8WZ42,300,0,2.418415578579552,10.56,47.57801356690799
Q8WZ42,310,0,3.290451740695614,10.63,34.19414163922251
Q8WZ42,318,0,2.28018429730428,10.45,64.30169300967071
Q8WZ42,323,0,2.192720957389439,10.03,24.578970073676192
Q8WZ42,333,0,2.3323499496126248,11.18,21.79960959803
Q8WZ42,358,0,1.9116409756215786,11.030000000000001,54.33759194757334
Q8WZ42,374,0,1.969732917148821,10.045,53.03762708745667
Q8WZ42,376,0,2.3155886957436715,10.04,45.69384337291751
Q8WZ42,377,0,1.9681867011982708,10.485,38.41863473552
Q8WZ42,378,0,2.339785402589985,10.63,27.654687456311017
Q8WZ42,385,0,2.061729640242727,10.51,56.76376868661675
Q8WZ42,386,0,1.8992089281955868,10.31,70.80374260505036
Q8WZ42,392,0,1.9781805887934487,10.305,53.498295835212744
Q8WZ42,394,0,2.0563990030341337,10.473333333333334,60.18927186796689
Q8WZ42,401,0,2.120099268092291,10.48,66.04256076376461
Q8WZ42,407,0,1.9200396104737891,10.655000000000001,38.51872391396796
Q8WZ42,416,0,2.2573756188032723,10.68,17.130581141249543
Q8WZ42,417,0,1.9186247787755537,9.89,64.55315132165178
Q8WZ42,418,0,1.8706947159402547,10.200000000000001,58.803698608039895
Q8WZ42,425,0,1.870713284162508,10.41,81.78714322108199
Q8WZ42,426,0,2.175461073781513,12.57,27.12562361849241
Q8WZ42,428,0,2.260281717187693,10.26,48.00140862682616
Q8WZ42,439,0,1.8830836339625754,10.05,66.78669279866023
Q8WZ42,445,0,2.3095265360288733,9.65,50.1303448859471
Q8WZ42,447,0,2.563469879591026,10.145,37.089413793816775
Q8WZ42,454,0,2.1678907728343098,10.33,58.00221069060062
Q8WZ42,471,0,2.160935744979384,10.57,9.932897847564051
Q8WZ42,472,0,1.955415525347458,10.725000000000001,53.84810890469761
Q8WZ42,476,0,2.1283758884061452,10.585,70.34227209666918
Q8WZ42,478,0,2.025500199955616,10.39,67.09780864613603
Q8WZ42,479,0,1.941636257823812,9.92,37.72862972405186
Q8WZ42,500,0,2.2894872253768375,10.945,40.9826652147014
Q8WZ42,509,0,2.0724840063449474,9.87,12.95622262771558
Q8WZ42,511,0,1.8707100902567764,10.51,78.12722050457336
Q8WZ42,515,0,2.2762330132641466,11.115,46.27973404035027
Q8WZ42,519,0,1.9347289275142336,10.55,43.24009588584651
Q8WZ42,528,0,2.3393028383230092,10.605,27.56084873824677
Q8WZ42,544,0,2.219104683525405,10.26,46.598785681768746
Q8WZ42,545,0,2.027934270723107,10.745000000000001,56.491791847616895
Q8WZ42,550,0,2.1218973446968468,10.34,44.98446520675225
Q8WZ64,8,0,1.9981961798245351,10.251999999999999,67.30124804165624
Q8WZ64,10,0,2.1800318054637033,10.225,19.397902920514944
Q8WZ64,16,0,2.9678805191366737,8.6235,28.532257002921682
Q8WZ64,19,0,2.407348195901532,10.617999999999999,52.45231565116942
Q8WZ64,22,0,1.9043177944448897,10.373999999999999,71.59177348854138
Q8WZ64,27,0,1.9784162668919631,10.4725,54.48079130396095
Q8WZ64,31,0,2.4590519789268734,10.580499999999999,47.74570589227039
Q8WZ64,43,0,2.15900825825747,10.186,44.491074808013614
Q8WZ64,44,0,1.9218039641971827,10.3305,67.73781324702688
Q8WZ64,49,0,1.874842560675636,10.3565,71.07485877856283
Q8WZ64,55,0,1.9622894763773644,10.341,66.96414533244902
Q8WZ64,67,0,2.8029104623934495,10.1815,34.9281224028562
Q8WZ64,69,0,2.074071035310989,10.225,64.38296208462825
Q8WZ64,77,0,1.9200370145163999,10.334999999999999,70.9584644069935
Q8WZ64,83,0,2.2279267741492546,10.798,63.498238869745975
Q8WZ64,99,0,1.9183508450855968,10.242,63.47174149920836
Q92608,26,0,1.929183791058346,10.5185,74.9618188329094
Q92608,58,0,1.8884401390891281,10.440000000000001,75.7452076860055
Q92608,100,0,1.9427885506377123,10.706,41.97053247963801
Q92608,102,0,1.927252180918409,10.5535,53.73287790415782
Q92608,110,0,2.060436731412252,10.4125,37.40762767719429
Q92608,116,0,2.028823607953366,10.227500000000001,50.64197288453829
Q92625,3,0,1.9320787426226271,10.424,76.07656389865053
Q92625,8,0,1.9478635003554274,10.3935,70.95687888445114
Q92625,38,0,1.946634695652239,10.296000000000001,62.72743929471069
Q92673,53,0,1.8874245736670527,10.448,79.77867395025683
Q92673,68,0,1.9339086066603557,10.709999999999999,52.52897214816318
Q92673,95,0,2.062777549315263,10.3415,45.69066087410958
Q92673,101,0,1.9117416607598894,10.5,64.15961775440445
Q92769,9,0,1.8812225001667715,10.530999999999999,69.5691661417494
Q92769,10,0,1.9306995359623123,9.957588652482269,29.91841338152942
Q92769,11,0,2.167740363223775,11.036805555555555,43.64453548835468
Q92769,32,0,2.332291842385276,9.740555555555556,44.146303558405435
Q92769,51,0,1.942344797144362,10.430138888888889,40.39670046167799
Q92769,59,0,1.9570505639781635,10.597916666666666,41.80881908869704
Q92769,67,0,1.9645089104724842,10.391527777777778,48.551405507360876
Q92769,75,0,2.0412857820038215,10.581597222222221,60.11540080737623
Q92769,90,0,1.9551068811967285,10.275416666666667,73.9028049027127
Q92769,124,0,2.6193010150794436,10.871666666666666,16.31236624278634
Q92769,144,0,2.6176282285807546,11.634861111111112,23.423207816108047
Q92769,145,0,2.2594322110827494,10.093125,51.754351938312176
Q92769,166,0,1.8996951061730027,10.891418439716313,49.61765314166967
Q92769,201,0,3.7239007480475887,10.658333333333333,13.542053981224539
Q92769,219,0,1.9054443539719044,10.430820895522388,63.65753830236521
Q92769,220,0,1.9072651822109365,10.62,57.844898347354196
Q92769,221,0,2.0856445138701867,10.20525925925926,42.945456916136884
Q92769,222,0,2.17714694320153,10.52111111111111,45.73825836627816
Q92769,243,0,2.1662966956881338,9.95578947368421,58.55540460751892
Q92769,244,0,2.132586542082716,9.713333333333333,56.00898287107875
Q92769,248,0,2.36730331205631,10.396444444444445,28.83466674811726
Q92769,249,0,2.4621560424678566,10.025555555555556,30.906857626322488
Q92769,280,0,2.042248948491071,10.107851851851851,59.54338441666604
Q92769,281,0,2.020651971136891,9.99,58.33571402183587
Q92769,284,0,2.2300074836062045,10.576888888888888,53.31835857070656
Q92769,285,0,2.1833461462911616,10.867777777777778,58.51495569991308
Q92769,290,0,2.1479603936164704,9.818222222222223,20.2846642921126
Q92769,291,0,2.128443962964751,9.914444444444445,23.192785948510995
Q92769,343,0,2.4550586729500345,9.967803030303031,36.83386238724045
Q92769,344,0,2.434667303662866,10.835555555555555,39.56905396756163
Q92769,362,0,2.224290580666592,8.386212121212122,44.4878327597616
Q92769,363,0,2.230862657226374,8.8025,41.028197855101276
Q92769,364,0,2.9403142128494233,10.077407407407408,21.317677649440974
Q92769,365,0,2.838519109145438,9.803333333333335,15.864755648522397
Q92772,3,0,1.9688941200647612,11.14,28.386449470133122
Q92772,20,0,2.8722138695449075,10.15,40.97867277403746
Q92772,24,0,1.9820130061740695,10.48,63.600381537142
Q92772,33,0,2.092777528641546,8.58,25.616399235215532
Q92772,34,0,1.9846407309863823,9.835,39.4546894502734
Q92772,42,0,1.8851379655836897,10.71,56.90906734684527
Q92772,45,0,2.3586711757555348,10.165,48.795315270327094
Q92772,46,0,2.022441444773973,10.010000000000002,53.62058887423842
Q92772,53,0,2.0173985478030723,10.345,68.12517489370686
Q92772,56,0,2.210483627943093,9.594999999999999,49.45185904754214
Q92772,71,0,2.2432073191584267,9.43,37.37207532033116
Q92772,72,0,2.0616326860530214,10.41,57.98545552978148
Q92772,73,0,1.9161996878974632,10.05,67.8371955671278
Q92772,74,0,1.9286869177356123,10.469999999999999,67.2411110860326
Q92772,105,0,2.5498990334081135,10.49,27.789301429025
Q92772,128,0,3.0298193098396675,10.245000000000001,12.319935578131483
Q92772,141,0,3.88856199189362,10.045,24.202028042630626
Q92772,178,0,1.9226897924098898,10.465,75.28115027242359
Q92772,181,0,2.2270338992768255,10.19,50.35298890280855
Q92772,231,0,1.9281072987399828,10.66,60.22874903398544
Q92772,244,0,1.870658796887715,10.445,84.80452842762281
Q92772,255,0,1.897681028430328,10.43,86.00201518987788
Q92772,265,0,2.184616679019607,10.79,46.830739939358786
Q92772,266,0,2.2747787890869926,11.075,44.95826890551059
Q92772,274,0,1.9018421841016968,10.5,58.30938318479771
Q92772,303,0,2.468409226570281,9.21,22.632655250006888
Q92772,306,0,1.9171487036600177,10.25,57.33534220002923
Q92786,23,0,2.247914665755605,10.326,46.811487866878515
Q92786,24,0,2.6091450637961064,9.5825,38.37594998158552
Q92786,26,0,3.3230457204185,8.2025,18.278641815334282
Q92786,41,0,1.9986613653050394,10.257000000000001,64.15667087504553
Q92786,48,0,1.9255889778972146,10.5545,69.334745333955
Q92786,59,0,2.11422087725967,10.1125,49.008797944861726
Q92786,74,0,2.1532578001346505,10.2145,59.412684344799665
Q92786,108,0,1.9347504972728253,10.292,67.5774856656925
Q92786,137,0,2.1337609974103193,10.51,53.96319427932796
Q92786,144,0,2.539406947286147,10.402,48.461723945408714
Q92786,145,0,2.071233640483696,10.290000000000001,64.93805041784027
Q92786,149,0,2.0978757058822493,10.3625,60.75031886432829
Q92786,153,0,1.9611533780264157,10.3195,65.54986086091131
Q92786,163,0,1.914601278000807,10.4045,71.98994581369128
Q92794,3,0,1.87066446627606,10.51,59.84586742932919
Q92794,6,0,1.9150232740745223,10.592,70.47240602735943
Q92794,15,0,2.288636846405735,10.6295,62.482311619175825
Q92794,18,0,1.9262303406392627,10.228095238095237,64.17006090081716
Q92794,19,0,1.9352089835251176,10.16,51.2678141385492
Q92794,21,0,2.1120266768665075,9.66,31.914327120420563
Q92794,22,0,1.9191645560026336,10.28,73.88309245419092
Q92794,24,0,1.9711250477673967,10.41,79.97300436332779
Q92794,28,0,1.9327347996302948,10.279,61.87684490252038
Q92794,29,0,1.9346108011251275,10.472,73.06903380281418
Q92794,45,0,2.006432164297293,10.71,69.05750796350657
Q92794,56,0,1.9287527815440129,11.33,38.74624394442716
Q92794,62,0,1.9460167969856164,9.29,25.507048903424177
Q92794,66,0,1.8707041276077343,10.41,76.91191502148624
Q92794,72,0,3.410637123465558,9.97,25.31698254788199
Q92820,8,0,1.9483796349025666,9.4625,38.367064346739
Q92820,9,0,1.9835687377266937,8.248571428571429,46.32666859309687
Q92820,18,0,2.0923275288285446,10.7,45.08279132994799
Q92820,22,0,1.9329005292871668,10.485,79.15828875911227
Q92820,25,0,2.092709833487159,9.94625,48.94555539400032
Q92820,38,0,7.740210646773403,7.88875,7.184830579990725
Q92820,57,0,2.12243900611649,10.585,73.04312139028364
Q92820,64,0,2.0488953199876474,10.18,65.22936277787525
Q92820,85,0,1.9613385523704876,10.445,57.315805420714725
Q92820,88,0,2.3348116877373872,10.1425,57.29176896442242
Q92820,172,0,1.9986035743454553,10.3725,68.81571577579689
Q92820,178,0,2.0416490015842,10.38625,70.77097268480571
Q92820,185,0,2.1123418919546473,10.4275,56.58661231338541
Q92820,187,0,2.1686348045589123,10.469999999999999,55.937349831643516
Q92820,188,0,1.9204806316026053,10.1525,58.198118444983066
Q92820,200,0,1.8899827437460117,10.79125,67.44911888086989
Q92820,211,0,1.926005967687792,10.450000000000001,57.111809156080064
Q92820,223,0,4.6381362897058445,9.89875,17.961908734744004
Q92820,229,0,2.2608988070027745,9.28875,34.27000619306818
Q92820,242,0,3.0748276989513705,8.751249999999999,31.770447903747755
Q92820,257,0,1.9305567814823965,10.177142857142858,37.611773697312096
Q92820,263,0,1.8834269135012536,10.43,67.17730566648743
Q92820,270,0,1.9444223584637805,10.635714285714286,61.469042333640175
Q92823,31,0,1.9034196528759246,10.428999999999998,70.07190205141194
Q92823,41,0,1.9491105271209446,10.367999999999999,76.85065723723358
Q92823,49,0,2.639585695222734,10.414,43.73817085738057
Q92823,56,0,2.022340311336085,10.861,34.395074305604524
Q92823,60,0,2.116179955126179,10.3855,63.492849074849666
Q92823,62,0,1.9052952803562495,10.3515,73.67323570117729
Q92823,70,0,1.9348412821032148,10.1735,58.76205396125653
Q92823,71,0,2.1616615175115386,10.5205,54.489213063017225
Q92823,79,0,2.181534306399027,10.087,52.46543670923667
Q92823,99,0,1.9607869330248906,9.938500000000001,37.61402376955044
Q92823,103,0,1.9023001478402506,10.602500000000001,45.5861292872999
Q92823,112,0,1.9339775280818388,10.4245,69.61130202599516
Q92823,118,0,1.9072756858773126,10.4795,72.29122782166289
Q92835,21,0,2.3194481810235916,10.8,38.20173885146693
Q92835,31,0,1.9751522832130548,10.466,51.8801759965808
Q92835,69,0,2.51978020208578,10.458,32.952291334458714
Q92835,85,0,2.23439651727603,10.459999999999999,62.46475469773154
Q92835,94,0,2.087687636500063,9.759,39.597646642227296
Q92835,95,0,2.038039231267761,10.331999999999999,61.28422271832884
Q92859,23,0,2.1950860832963666,10.356,59.374481269135075
Q92859,30,0,2.0370372322058894,10.297,49.16167406112087
Q92859,33,0,2.227751885499251,10.24325,51.88562715070863
Q92859,35,0,3.0751382508102525,10.1325,40.547147206881945
Q92859,36,0,1.8852340836484724,10.432500000000001,80.19453736903725
Q92859,39,0,2.051017503960019,10.374500000000001,63.67142080102129
Q92859,50,0,1.9774914631515703,10.4135,73.439527387689
Q92859,51,0,2.380247617867638,11.0205,22.214047846393093
Q92859,52,0,3.2458364064405187,11.089,24.83696682536756
Q92859,55,0,2.491764890482414,10.296,37.33292649437815
Q92859,58,0,2.025170952417753,10.557,47.19594108598465
Q92859,59,0,1.9503349040535967,10.233,69.87620700903207
Q92859,60,0,2.3706152503522437,10.792,45.16639287382622
Q92859,61,0,2.1924678470589223,10.1405,55.592087162767825
Q92859,62,0,1.9546035262468227,10.4175,69.53265585365412
Q92859,64,0,1.989294834380122,10.0685,52.94513990873192
Q92859,75,0,1.9171160972561065,10.144499999999999,58.465479433526774
Q92859,76,0,2.285452253340037,10.5,65.14333713529064
Q92859,79,0,2.082271817979689,10.76,63.70183452677577
Q92859,80,0,1.972593561034687,10.4495,45.40425070761113
Q92859,89,0,2.047738882160355,10.3025,42.28835202768765
Q92859,93,0,1.9186018471159454,10.392,67.11853988515739
Q92859,95,0,3.9939843387408445,9.427,25.965305824320154
Q92859,97,0,1.8878106637361125,10.4005,78.03825943635303
Q92859,99,0,3.0594401503918527,10.2025,35.69034968418725
Q92859,102,0,1.9690020816872114,10.432500000000001,43.10229777807843
Q92859,117,0,1.9534270477243372,10.2445,45.352928210125455
Q92879,17,0,2.2318688921876064,9.598571428571429,49.045544060183325
Q92879,30,0,1.9938493881579802,10.627142857142857,67.8374433415484
Q92879,59,0,2.0293596506041682,10.252857142857142,45.61100724162442
Q92879,70,0,1.9230829555976918,10.414285714285715,74.85325553552762
Q92879,83,1,1.9515503775349234,10.135714285714286,35.568499600375745
Q92879,95,0,2.7056390414257976,9.75,27.878338933316577
Q92879,101,0,2.059723567349114,10.267142857142858,32.37264902366458
Q92879,109,0,2.8675340887811207,9.438571428571427,34.30585517798765
Q92879,117,0,2.010658360554924,10.171428571428573,49.07011112773483
Q92879,118,0,1.913932648578056,10.39857142857143,73.86781926490629
Q92879,166,0,1.9694969651576266,10.34142857142857,66.93380535464708
Q92879,184,0,2.228342387769238,10.54142857142857,68.22576663347961
Q92882,8,0,2.161958565151778,10.577,48.36185075145569
Q92882,44,0,2.03316108631894,10.686499999999999,58.614610182294214
Q92882,48,0,1.9688184800420427,10.416,71.15125347616879
Q92890,39,0,1.9626351557674226,10.383,44.45646002020805
Q92890,42,1,2.422027961512797,9.9765,39.435301569360696
Q92890,65,0,3.164639146115261,10.044,36.58926078964206
Q92890,69,0,1.9092037560782842,10.255500000000001,56.86723834965966
Q92890,121,0,3.826040922127123,11.225,22.294754052666878
Q92890,136,0,2.126454300416674,10.456,58.55932469657573
Q92890,162,0,2.2087126051765935,10.9715,52.24981709719911
Q92890,172,0,2.51543071669398,10.522499999999999,51.76617708940984
Q92890,175,0,2.2803451534755963,10.3125,55.06302823368774
Q92922,11,0,1.891448566662545,10.318,64.79716798603468
Q92922,13,0,1.9036926046280491,10.2735,70.17637636960553
Q92922,37,0,2.0369488729978205,10.3515,61.37806798137778
Q92922,42,0,2.1002363517026024,11.003,48.235480186965034
Q92995,3,0,1.9358405144856679,10.713,64.8919262744486
Q92995,22,0,1.9887956527719244,10.729999999999999,50.70160533092503
Q92995,23,0,2.0266363496423176,10.681999999999999,36.27644815488407
Q92995,46,0,2.0539967344912164,10.348,51.31177352825303
Q92995,72,0,3.2865975984379743,10.242,31.82309657875725
Q92995,99,0,1.9942377505393427,10.275,57.7678740585816
Q93034,18,0,2.540321714419665,11.31,34.20176654639215
Q93034,28,0,2.305178894365055,10.48,34.41133695632537
Q93034,37,0,2.0266303342870686,10.38,71.28679520046329
Q93034,56,0,1.916739826769514,10.18,69.05449727054688
Q93034,60,0,2.2965138447829205,10.73,49.23710173723815
Q93034,66,0,2.0606837553192348,10.23,42.19109846385879
Q93034,74,0,2.058607913083212,10.16,45.82025975230102
Q93034,91,0,2.111755137090769,10.35,73.10243940469734
Q93034,99,0,2.3327741876835644,9.26,16.59451416980731
Q93034,109,0,1.966807297287764,10.03,54.02341631975261
Q93034,121,0,1.9003169980633776,10.44,66.71067280142805
Q93034,126,0,1.902528282173069,10.43,78.32154110016728
Q93034,127,0,1.9644195911651,10.5,70.32307892905114
Q93034,137,1,2.038251700570477,10.78,56.04951450685372
Q93034,152,0,2.654995028833958,10.12,34.495996333354924
Q93034,161,0,2.0499515088961378,9.77,54.31277009311762
Q93034,194,0,2.249281603701446,9.85,46.711195793905
Q93034,204,0,2.051208159803641,10.61,59.720694597037706
Q93034,232,0,2.028774554061427,10.4,77.11111163067791
Q93034,237,0,2.8967569667719606,9.98,20.664709251920684
Q93034,239,0,1.913512606895857,11.03,59.19225253276512
Q93034,243,0,2.0522334597670864,10.29,68.75414792289432
Q93034,274,0,2.27758819121283,10.11,38.40112690146093
Q93034,286,0,1.9754581287353563,10.12,55.38277691597623
Q93034,292,0,2.4368196432194136,10.89,37.83793096845801
Q93034,302,0,1.931171018271943,8.84,22.29640666130236
Q93034,312,0,2.234625549237456,10.77,57.45914058553477
Q93034,339,0,2.281754250884318,10.67,52.546147824248976
Q93034,353,0,1.997381130404047,10.21,68.84492686061367
Q93034,356,0,2.09571449640624,10.54,72.21487403021126
Q93034,371,0,1.8925706020727893,10.55,40.012076709359526
Q93034,374,0,2.03752002869607,10.65,67.11731270052708
Q969H8,3,0,1.8875050185916042,10.4815,79.59198644306342
Q969H8,29,0,2.17429783461406,10.291,51.809997398188884
Q969H8,34,0,1.9814104067354268,10.279,56.878384458595214
Q969H8,69,0,2.2351342072773477,10.4225,37.46230884265926
Q969H8,74,0,2.1157598715294843,10.0965,58.182615012486835
Q969H8,75,0,2.0934793034205352,10.175,71.2042629434596
Q969H8,78,0,2.513936699581791,10.519166666666667,44.93920118343255
Q969H8,83,0,2.2633034646067562,10.3795,50.4607504395652
Q969H8,84,0,2.605467722818,8.25,20.39517041971972
Q969H8,94,0,2.6387627539372507,10.383333333333333,35.467146616549776
Q969H8,99,0,2.312770172848708,10.4815,52.066613158109625
Q969H8,100,0,2.297221198851988,10.47,51.5139055630804
Q969H8,106,0,2.0810332401794898,10.565,53.846868084682534
Q969H8,111,0,2.079044783222947,10.75,56.52427133416573
Q969H8,112,0,2.110964212872905,11.18,34.77258738656472
Q969H8,114,0,2.042399598815216,11.045,62.67706145668265
Q969H8,119,0,1.9936272639962263,10.5365,70.43577047552928
Q969H8,120,0,2.07824791671049,10.41,67.89308973642291
Q969H8,125,0,1.9416576770096798,10.408333333333333,49.688724770730374
Q969H8,130,0,2.618301637612191,10.465625,45.024440746084544
Q969H8,131,0,2.011889176438528,10.35,46.20526847698314
Q969H8,135,0,2.8493951340126187,9.6795,47.8914414302273
Q969H8,136,0,2.5214375680660868,10.268571428571429,37.99241130721578
Q969H8,141,0,2.3925493135254485,10.545,41.8730072989443
Q969Q1,7,0,1.888333755288111,10.510000000000002,75.77657288891001
Q969Q1,10,0,1.8863130997320243,10.66,83.2820504503386
Q969Q1,12,0,1.8950841781958931,10.5245,77.1012401575117
Q969Q1,13,0,2.0331989805256705,10.39,55.92203456745727
Q969Q1,16,0,1.9501591046250324,10.41,64.76648509778462
Q969Q1,18,0,1.9695499000108465,10.4615,65.53405963161147
Q969Q1,30,0,2.2927148499016017,10.08,39.484698205099875
Q969Q1,33,0,2.4836536645420626,10.33,47.3690649305208
Q969Q1,35,0,2.4753355563726553,10.181999999999999,29.827630556274833
Q969Q1,36,0,2.086070786899926,10.34,42.34690182452276
Q969Q1,39,0,2.0345900166093696,10.41,67.59823817591412
Q969Q1,41,0,1.9482831293969738,10.378499999999999,63.6680926763039
Q969Q1,56,0,1.901324478498146,10.494499999999999,64.9298151908478
Q969V6,18,0,1.9043469022087964,10.33525,61.23626597922255
Q969V6,30,0,2.1981305249354515,10.629,65.13652462434624
Q969V6,35,0,2.5133620109738404,10.15625,46.30357169273247
Q969V6,39,0,2.024846444522322,10.217749999999999,57.3854383310077
Q969V6,49,0,2.2282642431357975,10.5325,33.02260410503687
Q969V6,71,0,1.8926603028647382,10.393,68.88053730421595
Q96BD8,4,0,2.265710255601829,9.76,33.596420911953565
Q96BD8,22,0,2.60534740221342,10.0225,25.346590422395902
Q96BD8,35,0,2.1285961959954935,10.49,60.39474620831183
Q96BD8,39,0,1.9988044516787455,10.370000000000001,53.70190212784266
Q96BD8,44,0,4.06325480185506,8.1175,4.412252344734701
Q96BD8,46,0,2.097574220296659,10.27,62.67336626740694
Q96BD8,52,0,2.086080414565015,10.0675,41.46846670368619
Q96BD8,53,0,1.8974840142878406,10.415000000000001,79.30026174899265
Q96BD8,72,0,1.8706853367352747,10.475,74.40120980510717
Q96BD8,75,0,2.0233856959799876,9.8025,58.73506080812825
Q96BD8,86,0,2.0181436292867723,10.01,49.227308803888285
Q96BD8,92,0,1.9526925770260435,10.34,68.6016252358087
Q96BD8,95,0,1.9778815561143877,10.386666666666667,79.57198224275861
Q96BD8,96,0,2.103096531235231,9.9875,53.05907827479446
Q96BM0,6,0,1.9165609406941386,10.370999999999999,68.93755639275552
Q96BM0,7,0,1.9296079143805998,10.2905,59.31715538443793
Q96BM0,12,0,1.9275679531800116,10.387,63.77865710275618
Q96BM0,58,0,1.9184638944827435,10.372,66.23874831624278
Q96BM0,93,0,1.92708152268369,10.3595,67.82120616951796
Q96C45,15,0,1.8707514402654413,10.69,63.62032737799994
Q96C45,20,0,3.303824069212695,10.04,26.906922954909703
Q96C45,24,0,1.8984192981483647,10.3,65.2151437986254
Q96C45,37,0,2.343593727298536,10.75,21.49412243739186
Q96C45,39,0,2.56551639292361,9.52,29.17973434008801
Q96C45,54,0,1.9609077593172088,10.4,82.19741558668673
Q96C45,56,0,2.078160744402458,10.33,83.83274546257411
Q96C45,84,0,2.238406465656025,10.08,48.645009696806895
Q96C45,114,0,1.89398766269736,10.4,75.96920815094498
Q96C45,126,0,2.247111925675489,10.34,7.516293148637054
Q96C45,136,0,4.562243502698397,11.0,6.175193059712437
Q96C45,144,0,3.248901327863226,10.83,14.365848706396626
Q96C45,172,0,1.870813642496021,10.41,85.40167646873095
Q96C45,173,0,1.8707954118510213,9.41,41.84634139505079
Q96C45,176,0,2.021152140459874,10.39,62.52018090062096
Q96C45,180,0,1.9444629778626512,9.72,67.29150746818394
Q96C45,216,1,2.200093500165445,9.99,76.7666163612577
Q96C45,230,0,2.323328342509984,10.86,31.088284602067294
Q96C45,242,0,1.9380403514343425,10.38,88.23280777331443
Q96C45,248,0,1.8975359121109985,10.43,82.07862411447286
Q96C45,267,0,2.0048080640239205,11.43,50.85629822585241
Q96C45,281,0,1.9313116762643647,10.3,58.55290570283613
Q96C45,282,0,1.870782622063789,10.45,74.31499599421258
Q96DZ5,29,0,2.1640819338939914,10.7675,49.35008780802757
Q96DZ5,57,0,1.944267037998955,10.402,71.58816556572827
Q96DZ5,73,0,2.094551729615956,10.428999999999998,60.98403535904747
Q96DZ5,82,0,1.9113746616857505,10.4065,61.67755339105063
Q96DZ5,85,0,1.9444638180022924,10.4565,48.01584522681711
Q96EA4,14,0,1.9768789029737515,10.565000000000001,65.45028873625427
Q96EA4,22,0,2.0832821969234208,10.58,59.41321121606761
Q96EA4,43,0,2.075729694793316,10.17,33.57128817072485
Q96EA4,59,0,2.0155321532954917,11.17,50.84153928536523
Q96EA4,69,0,2.0511090670896808,10.445,65.63472640495877
Q96EA4,84,0,2.114128222651812,10.375,63.41381674841163
Q96EA4,88,0,1.966186883609952,10.2,44.85016212081128
Q96EA4,93,0,2.1347012172955626,10.485,50.988654178846616
Q96F24,23,0,2.106089869775389,10.344999999999999,51.460891187051075
Q96F24,32,0,2.0976799735629283,9.73,48.43149593359495
Q96F24,33,0,2.200762551519415,10.58,55.99650013082439
Q96F24,43,0,1.9018937519103827,10.355,66.32553317705202
Q96F24,63,0,1.9877424843615326,10.605,57.61219505262683
Q96F24,73,0,2.0570977148192626,10.08,49.02345707433231
Q96F24,82,0,1.9332247894694088,10.65,60.28389053004063
Q96FV9,14,0,1.982371295760915,10.416500000000001,66.09722283969091
Q96FV9,27,0,1.9993202830161316,9.131499999999999,30.585035820131857
Q96FV9,33,0,2.1000866490248087,10.725,51.11833159685441
Q96FV9,42,0,2.0244202061147396,10.495999999999999,64.23701874340728
Q96FV9,57,0,2.1193226340154627,10.506499999999999,66.04927591806168
Q96FV9,61,0,2.5574906541110254,10.158,50.6691754771768
Q96FV9,86,0,1.9337185249294724,10.4095,56.67463908504053
Q96H22,10,0,2.749828871684808,10.2975,47.48482116608236
Q96H22,15,0,1.9229950246154528,9.8875,54.33688018048777
Q96H22,26,1,1.9729056737514576,10.26,62.91294543216664
Q96H22,45,0,2.1474699569009355,10.3975,43.173255229649044
Q96H22,59,0,2.033705825050014,9.0475,22.242017838487083
Q96H22,81,0,2.076175503697972,9.0025,36.679828651605
Q96H22,90,0,1.9435433679645162,10.34,40.728637996227526
Q96H22,102,0,1.9641708901102042,10.525,68.49161222431698
Q96H22,105,0,2.3794659457025507,10.605,31.764242440133824
Q96H22,109,0,2.7674158396346833,9.9475,43.33634806701704
Q96H22,110,0,2.381291768015429,10.07,48.73042174707637
Q96H22,117,0,1.9305079352745074,10.26,53.24267327671948
Q96H22,143,0,1.9233568237381151,10.4175,70.25333393589527
Q96H22,148,0,2.3158223257368578,10.125,57.35847872092599
Q96H22,184,0,1.9374861982047573,9.85,41.2747678816383
Q96H22,190,0,1.9257576542024295,10.5175,41.24247656339944
Q96H22,202,0,2.2819218017747547,11.4125,25.874214363581615
Q96H22,207,0,1.992284842073776,10.285,69.359362657639
Q96IY4,42,0,2.103192481475701,10.177142857142856,45.50847070639944
Q96IY4,43,0,1.969819948941628,10.133571428571429,71.9032509464216
Q96IY4,44,0,2.1779656576653563,9.937692307692307,58.72210614371036
Q96IY4,59,0,2.1793460704066963,9.905714285714286,35.604765828069525
Q96IY4,124,0,1.977472066028018,11.06142857142857,22.943051149166255
Q96IY4,133,0,2.01784399702797,10.368461538461538,69.92671717322503
Q96IY4,140,0,2.6450928148777395,10.875,33.9165033884615
Q96IY4,144,0,2.018743957172756,10.4,52.98510592277399
Q96IY4,149,0,1.9659562886166542,10.017142857142858,8.106589993266253
Q96IY4,211,0,1.9290898799024656,11.199285714285713,55.35993725688529
Q96IY4,212,0,1.9435866494091634,10.455714285714285,62.2480988743671
Q96IY4,218,0,3.6524845522986817,8.885714285714286,6.5163129870256595
Q96IY4,240,0,2.0344491596746934,10.455714285714285,56.73977664272058
Q96IY4,268,0,2.256723926537139,10.625714285714285,51.85584828846957
Q96IY4,282,0,2.137514712186444,9.885714285714286,31.97790697174321
Q96IY4,304,0,1.9305831497507207,10.614285714285714,57.23562234571764
Q96IY4,306,0,1.8913298591518488,10.362857142857143,65.57048738017754
Q96IY4,324,0,1.9331291750150705,9.749285714285715,57.71137728319564
Q96IY4,327,0,1.8937576211211546,9.948571428571428,57.814643116715196
Q96IY4,357,0,2.285126430998359,10.937857142857142,41.17780159588765
Q96IY4,380,0,2.3687542197074123,9.855,48.54686063882209
Q96IY4,392,0,2.0857991933835023,9.066428571428572,38.4800126669917
Q96JM2,9,0,1.8924315421438898,10.384,71.9806519354244
Q96JM2,29,0,1.8905710109052751,10.480500000000001,70.88001458419332
Q96JM2,34,0,1.9347027316626324,10.283,62.757610037908364
Q96JM2,54,0,1.9480452947531421,10.3655,67.89593025978053
Q96JM2,57,0,1.9410039935908308,10.2955,61.037646964930204
Q96JM2,63,0,1.9010212383941827,10.2905,68.78277404970397
Q96JM2,68,0,1.8834953522229427,10.4095,75.56956484048487
Q96JM2,70,0,1.8873343957113469,10.387,73.4688800077998
Q96JM2,80,0,1.8991105438029272,10.415000000000001,67.85891509883808
Q96JM7,9,0,1.899400540808744,10.4085,74.35495967076011
Q96JM7,11,0,1.961721819452168,10.123333333333333,45.51353449872476
Q96JM7,15,0,2.2367459269012904,10.171666666666667,60.68632164037053
Q96JM7,16,0,1.9616169489659459,10.805,46.39887403299914
Q96JM7,17,0,1.914399314394613,10.262,71.22116700268056
Q96JM7,19,0,2.671027804936294,10.215526315789473,32.22222386884508
Q96JM7,25,0,1.9388298087784812,10.189499999999999,38.841817083435586
Q96JM7,45,0,3.3819135670739087,10.648157894736842,38.23716383948316
Q96JM7,74,0,1.917167327000584,10.241315789473685,60.76982119635494
Q96JM7,78,0,1.987509102977917,10.774444444444445,65.7646479872567
Q96JM7,83,0,1.952434377596361,10.438333333333333,64.3478406059242
Q96JM7,86,0,2.1917912754564037,10.460555555555555,61.88946254218152
Q96JM7,97,0,1.9409753614743772,10.39,65.30648815030037
Q96JM7,100,0,1.9794084382996777,10.350000000000001,63.21113857097248
Q96JM7,106,0,1.9670874429952443,10.296666666666667,68.21166323034839
Q96JP5,24,0,1.94257297564211,10.370000000000001,72.82651103118789
Q96JP5,40,0,1.9476039159425345,10.474,67.42031767571964
Q96JP5,54,0,2.0105264635032882,10.3895,71.91723921496093
Q96JP5,62,0,2.0396260136143525,10.3535,57.76588765572668
Q96JP5,63,0,2.1350813348193887,10.310500000000001,59.647109334112066
Q96JP5,79,0,1.9749123545878071,10.449,56.73438497782864
Q96JP5,80,0,2.1258618602608226,10.343,38.70677932296261
Q96JP5,83,0,2.3486608801517574,10.605,52.34298822682449
Q96JP5,84,0,2.057438710993039,10.3325,66.36030504449027
Q96JP5,91,0,2.275807524694065,10.363499999999998,47.83386847235793
Q96JP5,93,0,1.9121166439301558,10.351,72.44591362619019
Q96KM6,36,0,2.0050456787877984,10.330499999999999,69.3827887941085
Q96KM6,42,0,2.111367341774052,10.5755,38.7559010693446
Q96KM6,43,0,1.952313914683561,10.3765,66.67665851596824
Q96KM6,50,0,1.9191126561387215,10.392,70.34013025042773
Q96KM6,56,0,2.1648759672283475,10.1995,43.89094716262311
Q96KM6,62,0,2.1966810006184887,10.613,58.807215991898055
Q96KM6,65,0,1.9164132634679603,10.4495,69.88217767132006
Q96KM6,67,0,2.0102566039304333,10.315999999999999,71.55825989441074
Q96KM6,81,0,1.8957418452374781,10.395,59.5617594611972
Q96KN2,11,0,2.163191658946078,10.48,55.24403960290442
Q96KN2,28,0,2.2435393927272704,10.425,45.0232933284552
Q96KN2,98,0,2.0253487748835513,10.725,23.614632028718027
Q96KN2,131,0,2.7103468814129013,10.965,29.13496664477436
Q96KN2,141,0,6.133994046520383,7.605,6.375011442450136
Q96KN2,166,0,4.579213474276424,9.75,21.687510372666747
Q96KN2,186,0,1.9137541892585632,10.555,71.63204314312341
Q96KN2,188,0,2.0559291240557123,10.575,40.850751048174104
Q96KN2,210,0,2.5728081162893988,10.115,37.62047385196734
Q96KN2,228,0,2.1804204279421837,10.93,38.25445379444646
Q96KN2,285,0,2.1782895251675827,10.49,65.97478744724812
Q96KN2,302,0,2.148091030386179,10.82,49.98974225223723
Q96KN2,308,0,2.6870706760452627,10.56,22.953081338211316
Q96KN2,336,0,3.342876843878705,5.2,3.648043569287246
Q96KN2,346,0,3.037701451313829,9.809999999999999,7.7975802283655025
Q96KN2,362,1,1.957967987001712,10.295,64.18565043102873
Q96KN2,374,0,1.9043777819333467,10.545,69.0243085286413
Q96KN2,380,0,2.027572354195472,10.39,71.92339313682038
Q96KN2,405,0,2.5748732306101987,10.565000000000001,29.345289727947502
Q96KN2,429,0,2.321580888311859,10.045,31.089969935626247
Q96KN2,437,0,2.0250769286371746,8.66,17.298885422680918
Q96KN2,457,0,2.8132029025449654,10.715,7.786011967917126
Q96KN2,468,0,3.079152470685803,11.235,27.6848271108314
Q96MX6,6,0,1.895263003571249,10.370000000000001,64.49357559846574
Q96MX6,15,0,2.095149745940258,9.86,39.019415243133835
Q96MX6,25,0,2.9238905703525964,10.899999999999999,28.14323783886771
Q96MX6,32,0,2.876127822282376,10.29,40.70713772150452
Q96MX6,57,0,2.249925555747948,10.42,62.80066621972428
Q96MX6,64,0,2.037141962958068,7.42,9.225646801424649
Q96MX6,66,0,1.9199866120958844,10.51,52.859259892056755
Q96MX6,69,0,2.715023055606554,9.395,32.663596968301725
Q96MX6,108,0,1.936706751659887,10.315000000000001,69.4676494294174
Q96MX6,111,0,1.9224565814610868,10.585,67.51721126539029
Q96MX6,142,0,4.070290890270458,9.775,25.05333420190651
Q96MX6,149,0,1.9104952201890626,10.835,62.86861952331989
Q96MX6,164,0,1.9005757548526754,10.23,40.84698768197448
Q96MX6,193,0,3.7058842813296455,10.435,20.836024226311753
Q96MX6,209,0,1.9743314337337576,10.41,76.72535023275586
Q96MX6,220,0,2.6140996795213676,10.165,36.13576043637316
Q96MX6,226,0,6.112464820024702,9.344999999999999,7.772758373909796
Q96MX6,235,0,2.710859006116273,10.085,49.41622160587798
Q96MX6,248,0,1.9365983563264664,10.325,62.39239007445151
Q96MX6,256,0,1.9565357465630786,10.36,69.50816288467934
Q96MX6,259,0,1.8941322893778398,10.504999999999999,82.69921956325075
Q96MX6,288,0,2.554254607223652,10.035,41.57537902867867
Q96MX6,297,0,1.970677258859339,10.44,52.60035665998514
Q96MX6,298,0,1.8706378140419773,10.42,68.99735955415971
Q96MX6,333,0,2.1776888492622075,10.49,73.95192933072036
Q96MX6,353,1,1.8362593533056195,10.125,43.5349474463553
Q96PN6,5,0,1.8858953164185537,10.430327868852459,74.3967181752417
Q96PN6,57,0,2.04440756586934,10.634533333333334,47.05184523031844
Q96PN6,85,0,2.5924502211040226,10.9052,30.410722915501253
Q96PN6,95,0,2.6400709197043155,7.3904,26.3238254687786
Q96PN6,110,0,1.914899696910924,10.5044,76.54496085525136
Q96PN6,113,0,2.2041766473388704,10.535066666666667,53.631365191538706
Q96PN6,121,0,2.703640478618046,10.2904,34.618423326400695
Q96PN6,144,0,3.574400665601025,10.034133333333333,27.31348998651246
Q96PN6,214,0,2.8437729308108755,11.079066666666666,31.46975685335256
Q96PN6,219,0,2.0206258962488555,10.498533333333333,64.97549874768644
Q96PN6,232,0,1.9823824150942186,10.434,68.04478066503687
Q96PN6,246,0,2.020325498578776,10.3868,65.80915788289542
Q96PN6,256,0,1.9194743379512371,10.626933333333334,52.53008948613368
Q96PN6,267,0,2.0697439308124004,9.779333333333334,32.32570340677719
Q96PN6,275,0,2.3066733083705566,10.2552,49.31435699124843
Q96PN6,280,0,1.9178826058846983,10.696266666666666,55.26452649583048
Q96PN6,306,0,2.2236971957277043,11.055866666666667,52.43066855062309
Q96PN6,326,0,1.931797480811188,10.423333333333334,70.26057476154641
Q96PN6,334,0,2.4043819894765153,9.402666666666667,13.352255288285612
Q96PN6,340,0,2.210781655341602,10.357733333333334,46.80311792228442
Q96PN6,354,0,1.9440078736590316,10.278,51.89802591517326
Q96PN6,378,0,1.9852459001480955,11.218266666666667,35.46551538819764
Q96PN6,410,0,2.5112184331126484,10.425333333333333,32.95890973206536
Q96PN6,443,0,2.1216244656329724,10.293733333333334,58.20346984263585
Q96PN6,447,0,1.9016984571775808,10.504133333333332,65.95856635718008
Q96PN6,448,0,1.934319695897436,9.982533333333334,42.55577541175212
Q96PN6,451,0,1.9766898202185883,10.247333333333332,69.1550897583179
Q96PN6,468,0,1.8454545327290353,10.500980392156862,72.15319460777792
Q96PQ0,63,0,2.0543772445281836,10.288,53.41560158983786
Q96PQ0,73,0,1.9083948501327477,10.5395,66.91348224217136
Q96PZ7,11,0,1.887998801319005,10.4245,76.77279155431742
Q96PZ7,24,0,1.9658769042917128,10.380500000000001,69.27913914398647
Q96PZ7,64,0,2.0173808188294258,10.1615,44.405841108577086
Q96QB1,1,0,1.9221212310356566,10.676,70.52169957958965
Q96QB1,4,0,1.9039459677272679,10.379999999999999,70.17842822230742
Q96QB1,5,0,1.9517413559671737,10.381,62.24276517933961
Q96QB1,11,0,1.8979733974569808,10.370999999999999,66.97348993434727
Q96QB1,12,0,1.9012048693529464,10.334999999999999,62.77074091345266
Q96QB1,17,0,1.9212271057866008,10.437000000000001,67.82503171307216
Q96QB1,24,0,2.0110638865362405,10.6345,68.67593208329697
Q96QB1,32,0,2.2444767645234287,10.371,53.07507748988134
Q96QB1,48,0,2.2203651731259875,10.226,51.34798692857034
Q96QB1,55,0,2.107560827998774,10.477,56.24037498720555
Q96QB1,60,0,1.8280499532390926,10.431999999999999,78.31633783733477
Q96QB1,71,0,2.1163869701982883,10.479000000000001,65.80313213365291
Q96QB1,76,0,1.879385829448004,10.656,70.8430648730978
Q96QB1,78,0,1.9686867423957684,10.515,54.97132481688023
Q96QB1,83,0,1.9987079556444578,10.246500000000001,58.6920258975126
Q96QZ0,26,0,1.9771324140848283,9.875714285714285,48.096988778318185
Q96QZ0,39,0,3.4255434221079564,9.248571428571427,19.38484216980666
Q96QZ0,92,0,2.0885361803119693,10.352857142857143,35.44366804228623
Q96QZ0,100,0,2.19964915042573,10.104285714285714,62.34033407118108
Q96QZ0,102,0,2.257113607399392,10.12857142857143,37.97584782094841
Q96QZ0,108,0,2.0713630233069416,8.732857142857144,26.639074131256763
Q96QZ0,149,0,2.1946135479721205,10.038571428571428,46.90877018189014
Q96QZ0,163,0,2.0108981414785143,10.302857142857144,61.97348767902753
Q96QZ0,167,0,1.9148808135472783,10.19,62.45274418331734
Q96QZ0,180,0,2.007943067898948,10.801428571428572,56.647525083444854
Q96QZ0,183,1,1.9028094625479528,10.42,64.24674318816729
Q96QZ0,199,0,2.6045568507914467,10.855714285714285,22.19930713836328
Q96QZ0,245,0,2.221272330003049,10.047142857142857,19.056924411621022
Q96QZ0,299,0,1.893673850752363,10.098571428571429,53.818749973351565
Q96QZ0,317,0,2.1242898265245502,9.432857142857143,29.305809445269578
Q96QZ0,353,0,1.9405185570921368,10.215714285714284,56.53943466120728
Q96QZ0,359,0,1.9398833372798305,10.361428571428572,70.15260545269227
Q96RI1,19,0,1.9208065294880319,10.445,66.75362426348886
Q96RI1,29,0,2.35703234427919,11.25,27.02265464677867
Q96RI1,32,0,1.9413601517309482,10.29,62.44965869053257
Q96RI1,60,0,2.1127194574099644,10.745000000000001,46.0994197120036
Q96RI1,61,0,1.9471908198718204,10.575,33.526831362184204
Q96RI1,78,0,1.9677550433607705,10.62,37.000631076429386
Q96RI1,95,0,1.8881082758463896,10.31,17.525341893127184
Q96RI1,96,0,1.870631181769306,10.08,62.231448900801965
Q96RI1,127,0,1.9875360345494788,10.91,65.63397373171884
Q96RI1,133,0,1.9203378174511911,10.225000000000001,66.63332744479514
Q96RI1,156,0,1.9057130526736055,12.33,38.50866099999943
Q96RI1,163,0,1.9473810387861534,11.14,54.25793948383545
Q96RI1,174,0,2.056286861492301,9.905000000000001,35.41862646334433
Q96RI1,177,0,2.1211803394897704,9.030000000000001,41.87023058918745
Q96RI1,217,0,1.9219252134918512,10.524999999999999,73.25398852530955
Q96RU2,45,0,1.9186410984073958,10.414285714285715,66.97703965354648
Q96RU2,64,0,1.9469545946136062,10.553571428571429,48.22902449456125
Q96RU2,85,0,1.904727706522816,10.397142857142857,69.3712231049041
Q96RU2,90,0,1.8882844301467614,10.405714285714286,71.19962067931523
Q96RU2,99,0,2.0217586991818433,10.414285714285715,60.31607081728912
Q96RU2,115,0,1.8753540748014592,10.345,68.60210792842996
Q96T68,4,0,1.8706371437747515,10.86,60.14377877018287
Q96T68,9,0,1.9941192489723576,10.476666666666667,72.48280388700805
Q96T68,20,0,2.196190274620207,10.4675,49.59188081386034
Q96T68,23,0,1.8795468120804937,10.219999999999999,44.836155853564016
Q96T68,29,0,2.046854929159196,9.395,45.98337713336163
Q96T68,36,0,1.9809845067728211,10.094999999999999,37.78846724662571
Q96T68,38,0,2.483820340457824,11.096666666666666,29.29498061225877
Q96T68,39,0,1.9530052330127825,10.365,60.024676411196
Q96T68,40,0,1.9432023171207262,10.103333333333333,47.17628240633019
Q96T68,47,0,1.9335201724459554,10.4225,80.42419106450701
Q96T68,48,0,2.345537950147168,8.605,39.25549284108172
Q96T68,61,0,2.6781412753683616,9.875,19.375690878706358
Q99442,10,0,3.79029500988276,8.1,36.65600490731528
Q99442,20,0,1.8706943158578795,11.445,57.13126957723979
Q99442,24,0,2.183390922263035,10.575,22.782519037060162
Q99442,31,0,2.1036986472494714,9.969999999999999,51.92604324932321
Q99442,38,0,1.9295573960699675,10.26,70.1867796227782
Q99442,41,0,1.9060232886894326,10.46,74.42328276599099
Q99442,42,0,1.9190124580120993,10.64,61.68589170155203
Q99442,53,0,1.9781634534802985,10.780000000000001,29.419755291314623
Q99442,56,0,1.8913115801766271,11.195,60.33415601249807
Q99442,64,0,2.0545310342817995,10.504999999999999,70.09281000502004
Q99442,65,0,2.240478006574797,10.719999999999999,40.668620486574575
Q99442,66,0,1.915578510986746,9.879999999999999,40.320050964181746
Q99442,84,0,1.94464935888158,10.075,57.957753882059976
Q99459,8,0,1.8823026929854734,10.35075,74.70299823126956
Q99459,9,0,1.8983615389928137,10.522499999999999,67.5253990412437
Q99459,19,0,2.0660306938639197,10.3205,33.82007612895038
Q99459,21,0,2.2527938043822178,10.568999999999999,46.65706713423136
Q99459,25,0,1.9713528133764615,10.309000000000001,60.77086357128583
Q99459,26,0,1.9152841352812864,10.532,67.94934551612242
Q99459,29,0,1.9218195039778678,10.546,53.97258142362673
Q99459,42,0,2.2293084946090915,10.037,11.560597907543269
Q99459,45,0,2.0001359823523357,10.3,75.01777517955912
Q99459,48,0,2.277049710915945,10.5155,55.818242563918126
Q99459,55,0,2.2267861895096894,10.233,48.08596655659294
Q99459,60,0,1.8797071707096684,10.439499999999999,80.51153224901533
Q99459,61,0,1.883608434016764,10.293000000000001,56.95523076014513
Q99497,4,0,2.192568256427984,10.167378640776699,35.72779104754325
Q99497,12,0,2.039325843376013,10.291386138613863,56.19489352134978
Q99497,32,0,2.0744888813381177,10.199223300970873,62.42406875352831
Q99497,41,1,1.917778109830937,10.733495145631068,65.9956745268031
Q99497,62,0,2.069440534961015,10.81980582524272,35.45145893426191
Q99497,63,0,1.9233377200330135,10.912718446601941,59.172879695785696
Q99497,89,0,2.3672571796621384,9.992038834951456,40.953481572751265
Q99497,93,0,2.1870860351612764,10.439029126213592,43.0550990339836
Q99497,99,0,2.015003536899524,10.393300970873787,68.99003616109083
Q99497,122,0,2.4235492577786197,10.667864077669902,46.783231928851244
Q99497,130,0,2.2933916288907947,10.47116504854369,43.5563682916524
Q99497,132,0,1.970657104255134,10.012330097087379,57.81987377135258
Q99497,148,0,1.953944359476237,9.779029126213592,43.44513278186649
Q99497,163,0,2.008593251329749,10.21,42.554683271972685
Q99497,175,0,1.9526931165344932,10.812815533980583,69.70040306474982
Q99497,182,0,2.2419448157527313,10.375204081632653,49.217833101939455
Q99497,188,0,1.9424138533144983,10.3034375,79.71054025052055
Q99549,8,0,2.473665380317607,10.21,42.289788651828204
Q99549,13,0,2.219255748192177,11.0975,39.90022292092234
Q99549,18,0,2.156060466121774,10.455,73.57332650980845
Q99549,22,0,3.5075267990423944,10.5725,41.18906130705755
Q99549,26,0,1.9353952632531337,11.370000000000001,46.83080538920574
Q99549,45,0,1.9071995090756166,10.405000000000001,78.91747013787597
Q99549,53,0,2.034739524763065,10.754999999999999,60.756307525324196
Q99549,54,0,2.119810761234012,10.280000000000001,54.70096949783856
Q99549,59,0,1.9325295740136808,10.39,74.10848536462424
Q99963,16,0,2.0196123694726986,10.515,42.10444286649728
Q99963,22,0,1.9654822809421622,10.585,74.34469386226604
Q99963,23,0,2.2243796480407045,10.534,58.040145421892724
Q99963,30,0,2.3132019475150245,9.58,17.66026675261417
Q99963,44,0,2.1723025603788795,10.22,50.44039717340999
Q99963,53,0,1.8793663884828296,10.235,60.49864784034462
Q99963,59,0,2.5273422931502783,9.625,30.5657821114054
Q99963,76,0,1.93700452206297,10.77,51.69971767857085
Q99963,79,0,2.003437195522451,10.12,53.12459357159119
Q99963,99,0,2.239641314264832,10.45,35.17372949851996
Q99963,105,0,3.1999594342929734,10.86,15.727827296498223
Q99963,113,0,3.4978122828427685,10.215,10.08595231465613
Q99963,126,0,2.0644756535448754,10.67,67.38578797271511
Q99963,129,0,1.9704150935538671,10.485,61.0331603779218
Q99963,136,1,1.900868275210623,10.48,58.52139160152981
Q99963,137,0,1.9417639876303388,9.8,36.60148518480611
Q99963,148,0,2.6383717173313777,11.25,30.40403917713074
Q99963,149,0,2.0912937919330483,10.870000000000001,52.11255895066837
Q99963,150,0,1.9261352135409953,10.415,70.46881937574658
Q99963,154,0,1.9026671597334643,10.39,67.26518026724838
Q99963,166,0,2.1139245872133268,10.055,47.97733944561038
Q99963,171,0,2.7300888232438467,10.99,42.99413536100921
Q99963,216,0,2.1543969843627364,10.809999999999999,48.029732048093685
Q9BPZ3,3,0,1.9329738093661626,10.1768,61.677744504603716
Q9BPZ3,11,0,1.9650796232098116,9.740357142857144,24.964239428998845
Q9BPZ3,18,0,1.926098468256597,10.379,65.89291077954472
Q9BQE5,14,0,1.8707433779099367,10.65,58.17614365886968
Q9BQE5,54,1,2.0283119667399303,10.48,70.27768946019147
Q9BQE5,58,1,1.9651691196642025,10.25,66.82946427364192
Q9BS26,47,0,1.9808461230252146,10.385,74.38139486394313
Q9BS26,77,0,2.646147719049517,9.934999999999999,1.6447710163098936
Q9BS26,82,0,4.729365214574267,10.235,20.79475809780991
Q9BS26,91,0,1.9167181024758952,10.035,47.323855448740225
Q9BS26,101,0,2.0748775551241776,10.74,55.703513890953666
Q9BS26,111,0,2.1282692657458884,8.825,20.95787547887052
Q9BS26,131,0,2.228697380221899,10.445,55.31681983271258
Q9BS26,141,0,1.9480690489230321,10.745000000000001,59.74126221144168
Q9BS26,171,0,2.195444065283894,10.295,56.584207031510005
Q9BS26,183,0,3.6648661652839642,9.775,19.36975130509566
Q9BS26,211,0,2.127116490720063,9.965,13.553812455290613
Q9BS26,241,0,1.9309409522300678,10.645,71.35181962340789
Q9BS26,262,0,1.981286882785494,10.274999999999999,79.28632093159236
Q9BS26,274,0,1.950458781341038,10.94,50.80528007015505
Q9BS26,284,0,2.040427843755163,9.985,33.313137611893154
Q9BS26,307,0,1.953817470036654,10.77,70.7556042426188
Q9BS26,314,0,2.013077350929799,10.645,39.44374296337104
Q9BS26,316,0,2.3192732690254916,10.855,46.50406339077067
Q9BS26,326,0,2.458681154831003,11.754999999999999,23.784441656629248
Q9BS26,360,0,1.902393243056113,10.365,58.778298613269456
Q9BU19,20,0,2.0443783370373394,10.3395,67.97899102429832
Q9BU19,29,0,2.161011361153487,10.39625,43.00127675743452
Q9BU19,30,0,1.9701472655323062,10.3695,61.40246441182832
Q9BU19,37,0,1.9080635113711228,10.25,63.38475374387357
Q9BU19,46,0,2.208059990793422,10.175,33.197131030666995
Q9BU19,48,0,2.017433442207712,10.603,51.066487136839314
Q9BU19,50,0,2.343666201912339,10.6735,58.38912564207516
Q9BU19,53,0,2.050695073920989,10.076,58.7453789764999
Q9BU19,54,0,1.9525273534652516,10.308,63.06589190701125
Q9BU19,57,0,2.0159345746535418,10.2145,62.57646286025927
Q9BU19,60,0,1.9178725991605312,10.247,68.75028638192427
Q9BU19,61,0,1.9613380970907204,10.609,52.685408736096385
Q9BV86,10,0,1.9348670775608194,10.536176470588236,76.72893842436511
Q9BV86,15,0,1.997539859326786,10.582205882352941,52.27598577475537
Q9BV86,17,0,2.117036448917863,10.082205882352941,51.10061336078735
Q9BV86,21,1,2.041468451906915,10.478358208955223,58.32503913009028
Q9BV86,47,0,1.9819327154566522,10.276029411764705,71.03518240759344
Q9BV86,59,0,1.9561025513646428,10.321764705882353,45.07791844446792
Q9BV86,77,0,2.409767286194396,9.786029411764707,40.86542240136609
Q9BV86,101,0,2.038994175191064,10.031791044776119,57.11368261724636
Q9BV86,109,0,1.8989035492063338,10.4925,58.111650053433785
Q9BV86,154,0,2.2063717498969915,10.39,44.52193210085585
Q9BV86,166,0,5.194179180637132,9.517352941176469,6.538346829250951
Q9BVI0,22,0,2.0483666501983873,10.219999999999999,59.037733625347556
Q9BVI0,26,0,2.087119649988505,10.165,50.53405590439513
Q9BVI0,38,0,3.015061173888258,11.217500000000001,37.32950019489033
Q9BVI0,42,0,2.852239097203026,10.969999999999999,37.819048687613005
Q9BVI0,44,0,1.959965438154929,10.27,65.10838691701944
Q9BVI0,45,0,1.93967633977427,11.1515,60.52564753845759
Q9BVI0,46,0,1.9588481531034156,11.145,68.83686016697709
Q9BVI0,48,0,2.0731701488189676,10.04,56.45859241275162
Q9BWD1,39,0,2.096469694101618,9.773333333333333,57.30095921376495
Q9BWD1,43,0,1.9052563556211757,10.82,62.96242551646068
Q9BWD1,97,0,3.738450904614627,10.073333333333332,24.091215997590723
Q9BWD1,124,0,1.9101656559724827,10.25,50.239913383894965
Q9BWD1,136,0,1.886475514658484,10.443333333333333,78.36947220475018
Q9BWD1,169,0,1.902862005404699,10.493333333333334,57.93359743438159
Q9BWD1,170,0,1.9069828482123397,10.053333333333333,58.193815117546116
Q9BWD1,180,0,2.0157898744229015,11.213333333333333,51.643365360347076
Q9BWD1,194,0,1.903001995028608,10.916666666666666,48.25453590990446
Q9BWD1,200,0,1.9277108974800836,10.283333333333333,51.789874842744176
Q9BWD1,211,0,1.9208191834261086,10.44,76.68133521068212
Q9BWD1,217,0,1.9592571186808596,11.25,50.31659878790447
Q9BWD1,233,1,1.9098681116504783,10.333333333333334,54.6775657234001
Q9BWD1,235,0,1.9014094768769547,10.44,82.08258383021332
Q9BWD1,265,1,2.57686649323318,10.513333333333334,47.52057041790173
Q9BWD1,266,0,2.3591253564883523,11.426666666666668,42.065718373718646
Q9BWD1,271,0,1.9163162147404018,10.5,62.42544224716115
Q9BWD1,302,0,2.177505555034383,10.270000000000001,54.65085127753675
Q9BWD1,307,0,1.932468123053171,9.89,46.96837005918636
Q9BWD1,333,0,1.9360590821808297,10.413333333333334,50.38016149760053
Q9BWD1,341,0,2.3790388034690686,10.766666666666666,36.589649670816016
Q9BY32,8,0,2.045681978102097,10.275,56.55531910531254
Q9BY32,9,0,1.9520451892097292,10.225625,56.39573192537179
Q9BY32,18,0,2.188802486172438,10.653125,50.57066282191724
Q9BY32,19,1,2.7779046023683622,9.886875,29.27850838567383
Q9BY32,30,0,1.9990787982336988,10.057333333333334,56.40265570105599
Q9BY32,39,0,1.9263462113602667,10.42,68.30622144221627
Q9BY32,56,1,3.533999656566348,11.875,20.83681780570602
Q9BY32,89,0,1.9652360984650794,10.28,61.398176356022326
Q9BY32,94,0,2.0704356334489575,9.648,58.15182467740471
Q9BY32,96,0,2.42552042429746,10.432666666666668,56.56506295127719
Q9BY32,110,0,2.301258117567965,9.983571428571429,35.017432926509336
Q9BY32,169,0,2.102396049673316,10.03,48.45457927649105
Q9BY32,172,0,3.1521371987243527,10.271875,21.47499471962079
Q9BY66,30,0,2.275086994942201,10.753,51.248388623974506
Q9BY66,62,0,1.9156138696984588,10.750499999999999,64.84260981477192
Q9BY66,69,0,1.926522396340068,10.434000000000001,79.61508860279052
Q9BYE7,22,0,2.0553188780377964,10.4055,62.52099902370784
Q9BYE7,40,0,2.10767446704081,10.478,53.51500518113902
Q9BYE7,55,0,1.9851813586091107,10.4305,41.49840346368102
Q9BYV9,32,0,1.9655134833763255,8.9375,51.28238491072639
Q9BYV9,33,0,2.1716194741436596,9.469999999999999,37.211954087819805
Q9BYV9,46,0,2.1251229127537483,10.054166666666667,49.00150137775761
Q9BYV9,71,0,1.9346163353404568,10.2575,68.14505528471786
Q9BYV9,98,0,2.022513790300143,9.931666666666667,67.94367974103814
Q9BYW2,11,0,1.9182959240981723,10.510666666666667,66.0820542922449
Q9BYW2,13,0,2.0005496008668815,10.35,59.8520360774042
Q9BYW2,16,0,1.971166337042995,10.394499999999999,67.10514393773295
Q9BYW2,17,0,2.0239901865277306,10.419,63.256344416650435
Q9BYW2,19,0,2.3689566621930473,10.065000000000001,48.22502784640716
Q9BYW2,22,0,2.361847461102063,10.416888888888888,45.91302836536766
Q9BYW2,24,0,2.0744940500103577,10.3495,65.51403688718335
Q9BYW2,30,0,2.1673604844728556,10.63,53.726883425397745
Q9BYW2,39,0,2.163610843288713,10.124,52.77850459839776
Q9BYW2,43,0,1.9059787805680553,10.5565,73.8589447331588
Q9BYW2,54,0,2.047584549446419,10.370000000000001,58.494233187538
Q9BYW2,59,0,1.9564217610993002,10.7965,36.7386091591506
Q9BYW2,67,0,2.1977439927998823,10.138,55.787716755300735
Q9BYW2,70,0,1.909958800417225,10.4085,67.79804183243625
Q9BYW2,73,0,1.9780668451948036,10.372499999999999,67.48956197754634
Q9BYW2,85,0,2.4757410616792903,11.138,39.83426583765869
Q9BYW2,87,0,2.017028068531687,10.343,44.0296730219717
Q9BYW2,89,0,2.3959088444247816,10.4475,42.46457410435379
Q9BYW2,93,0,2.2333080276098967,10.6,55.036219976377105
Q9BYW2,94,0,1.968042626230385,10.4265,70.60027375709905
Q9BYW2,98,0,1.945964384435504,10.291500000000001,39.54435083185608
Q9BYW2,104,0,2.3428495864306944,10.5595,48.73900385825766
Q9BYW2,106,0,1.887656399240513,10.455,79.86658945717213
Q9BZ29,11,0,2.526107300378091,9.37,36.89921653858068
Q9BZ29,15,0,1.885264596469175,10.465,73.70034011904538
Q9BZ29,20,0,2.0643660669563606,9.873000000000001,19.278911826267883
Q9BZ29,23,0,1.9516066261629803,10.37,80.29161421827934
Q9BZ29,26,0,2.5237151423712163,8.5145,33.64517777543881
Q9BZ29,41,0,2.1372890897360213,9.841,59.40327429305446
Q9BZ29,48,0,1.9318783653284863,10.53,53.51411833571285
Q9BZ29,61,0,2.0013808898487064,10.234,60.90787628089051
Q9BZ29,64,0,1.9618740109188977,10.6625,74.85222960917669
Q9BZ29,67,0,1.9162387052162786,10.4185,73.00288527874818
Q9BZ29,70,0,1.9411328978378832,9.812999999999999,43.0601709840892
Q9BZ29,86,0,1.9240847658664904,10.352,72.79349812838642
Q9BZ29,95,0,2.3209203620229193,10.79,45.52430045313261
Q9BZ29,99,0,1.9198399343165455,10.399000000000001,68.1608254253404
Q9BZ29,100,1,2.0174015833181325,10.35,55.12480634422364
Q9BZ29,112,0,1.870675503534081,10.6,58.31381741192856
Q9BZ29,120,0,1.899826982883276,10.21,53.22725165653193
Q9BZ29,121,0,2.3493109873895195,10.250499999999999,54.450609107040066
Q9BZ29,134,0,2.0430751073179523,10.471,57.029550697602794
Q9BZ29,140,0,2.3745659289803145,10.5,36.50170689313116
Q9BZ29,172,0,2.1502724998506846,10.3,53.79646897545424
Q9BZ29,177,0,2.3020771469528274,8.03,6.650358948567892
Q9BZ29,180,0,1.9402024513589355,9.9,69.11539835313366
Q9BZ29,193,0,2.121473532129974,10.1,60.3600414269667
Q9BZ29,198,0,1.8850390489106568,10.29,56.426898324366185
Q9BZ29,205,0,2.302639384909668,10.48,36.09843766115004
Q9BZ29,212,0,1.870773051079461,9.89,66.37992199986729
Q9BZ29,216,0,1.9034438446383564,10.44,81.70824343058402
Q9BZ29,221,0,1.9143108115771743,10.64,70.36297061076704
Q9BZ29,237,0,2.113251938534805,10.77,68.53819615288349
Q9BZ29,243,0,1.977268952757809,10.56,64.31694282401
Q9BZ29,266,0,1.995627895963722,9.59,38.6247035786414
Q9BZ29,276,0,2.596443869971939,11.19,10.0943298950657
Q9BZ29,291,0,2.363242454990333,9.86,55.3912853960797
Q9BZ29,292,0,2.1819558609645098,10.7,33.46499761927839
Q9BZ29,316,0,1.8975663637553928,9.41,42.5508435476183
Q9BZ29,317,0,2.2492996974388224,10.47,16.374308159744746
Q9BZ29,334,0,3.1794320553768483,6.38,10.32153903875189
Q9BZ29,365,0,1.894613884059338,10.42,72.53773812521457
Q9BZ29,371,0,2.0574683632121005,10.96,58.8468736904111
Q9BZ29,373,0,2.082356952255952,10.2,57.25205726978562
Q9BZ29,376,0,2.861298261069389,9.42,22.805344671183903
Q9BZ29,398,0,1.9210920188356493,10.16,60.94274141436066
Q9BZ29,409,0,2.206609743840821,9.64,31.7681448872582
Q9BZ29,417,0,2.0638720670212742,10.39,69.80589423845392
Q9BZF1,15,0,2.996324464157145,9.7765,45.82245723091237
Q9BZF1,16,0,2.6927708112647326,9.795,50.28215580594714
Q9BZF1,19,0,3.1012967416548807,9.4,31.39714242982334
Q9BZF1,21,0,1.901757571213188,10.3915,75.29947459332337
Q9BZF1,22,0,2.0124478026832833,9.4625,50.39691393134272
Q9BZF1,25,0,2.0091652991439286,10.146190476190476,48.25679548795393
Q9BZF1,26,0,2.0138090523638983,10.18,51.256753114414686
Q9BZF1,29,0,1.965415114177188,9.84,36.94735490101225
Q9BZF1,31,0,2.7001378418719235,9.537,32.764530449775336
Q9BZF1,32,0,2.5351444598079116,10.0175,39.7240073892409
Q9BZF1,35,0,2.631992124639833,10.17,48.77168787557821
Q9BZF1,39,0,2.2504095293540245,9.872499999999999,27.524849686178207
Q9BZF1,40,0,2.100621142080595,9.865,30.706491101116573
Q9BZF1,42,0,1.9147943116329487,10.4025,78.35216508355508
Q9BZF1,43,0,1.9626474809779446,10.274,63.83482616140848
Q9BZF1,46,0,1.995454826628945,10.44,75.76025951455777
Q9BZF1,63,0,1.8990341379874838,10.469,77.75319099171706
Q9BZF1,64,0,1.890598219409874,10.290416666666667,72.26030031460985
Q9BZF1,65,0,1.9189468882380463,10.325,73.29966433724965
Q9BZF1,67,0,1.8708114563244085,10.41,83.13249755005835
Q9BZF1,68,0,1.983900152669981,10.13,68.19644977703518
Q9BZF1,70,0,3.445451455261503,9.7025,27.054967236217777
Q9BZF1,71,0,3.1642880984661153,9.84,45.05587098977446
Q9BZF1,74,0,3.1701364326029027,10.15,46.10136684495036
Q9BZF1,83,0,1.9875094037505225,10.281,57.46094863755675
Q9BZF1,84,0,1.9486132900696327,10.1975,60.935402850271416
Q9BZF1,86,0,1.9113971179578033,10.453,54.818062546524075
Q9BZF1,87,0,1.9021598042421588,10.4,61.94272999095239
Q9BZF1,90,0,1.902665053106494,11.28,52.673185977178505
Q9BZF1,124,0,1.947466583778494,10.5385,61.737503814610456
Q9BZF1,125,0,1.9022105238637212,10.435,77.34397400489438
Q9BZL6,20,0,1.9460785488233405,10.434999999999999,61.25204757356831
Q9BZL6,25,0,2.2184216335787914,9.9505,38.012294269470765
Q9BZL6,34,0,1.979199532345561,10.7205,71.04382246113923
Q9BZL6,49,0,2.3180837263489567,9.315999999999999,33.52143993104171
Q9C035,13,0,1.9072307914092872,10.3445,67.66366184292512
Q9C035,17,0,1.9104691775751488,10.449000000000002,72.46638797456225
Q9C035,23,0,2.1360566775475793,10.349,46.671251752311555
Q9C035,33,0,2.241531954906221,10.644499999999999,50.53426698015155
Q9C035,51,0,1.9893198468435613,10.303,66.2133145057181
Q9C035,52,0,2.027296862833682,10.539,60.29836312744741
Q9C035,57,0,1.9496565368318364,10.286,55.6113523252175
Q9C0F1,15,0,1.8900130978932776,10.48,81.42376567081678
Q9C0F1,41,0,1.9386232429453487,10.53,61.93047777960338
Q9C0F1,76,0,1.8707294308497988,10.34,63.14702680978255
Q9C0F1,87,0,2.2533515596312705,10.21,66.29765154225143
Q9C0F1,96,0,2.00996212059601,10.22,65.98791014156154
Q9C0F1,101,0,1.938412492333545,10.41,50.25808662473136
Q9C0F1,102,0,2.2069440290943976,10.38,67.05454629730224
Q9C0F1,113,0,5.40721109197163,8.63,3.313300327062559
Q9C0F1,126,0,1.9014327471575685,10.58,59.9939149831296
Q9C0F1,127,0,2.344701828581932,10.63,36.34577263277328
Q9C0F1,129,0,1.9348970596278203,10.44,78.79120920187896
Q9GZZ1,2,0,2.0864034428507767,9.028,25.80110197580018
Q9GZZ1,6,0,1.9014849933102145,10.336666666666666,68.94513057629379
Q9GZZ1,17,0,1.9718576610786827,10.262068965517242,73.73278575222508
Q9GZZ1,20,0,2.347692899589166,10.350689655172415,41.192515479152604
Q9GZZ1,21,0,1.9321835234868416,10.306666666666667,74.30861463413497
Q9GZZ1,24,0,2.3560516245507683,10.436666666666667,44.101568588015255
Q9GZZ1,34,0,2.0770646435676907,10.80896551724138,57.66465423340273
Q9GZZ1,37,0,1.9758331455556517,10.741111111111111,59.38256493125047
Q9GZZ1,38,0,2.066285983730975,11.006666666666666,67.40433209601754
Q9GZZ1,41,0,2.08341952326113,10.403333333333334,58.15930123158793
Q9GZZ1,47,1,3.6473732417932094,11.568275862068965,12.481072537099044
Q9GZZ1,51,0,3.9637930895091054,11.056666666666667,14.85369004894469
Q9GZZ1,70,1,2.347402976975742,10.15103448275862,27.61317984044285
Q9GZZ1,74,0,2.7060593038224168,9.920000000000002,19.244267586031185
Q9GZZ1,91,0,2.063918887496052,9.946551724137931,43.67018714217503
Q9GZZ1,95,0,2.1409988814305194,9.866666666666667,44.43976976382046
Q9GZZ1,102,0,1.9422519462230414,10.421724137931035,58.25767836993019
Q9GZZ1,106,0,2.0497313756089213,8.07,15.835492294730624
Q9GZZ1,126,0,1.9114752988098407,10.322068965517241,68.34328538022137
Q9GZZ1,130,0,1.9015073975100325,10.333333333333334,70.92241408587817
Q9GZZ1,135,0,2.3080912462773684,10.167857142857143,36.88530026487299
Q9GZZ1,136,0,1.9511109126070252,10.854285714285714,65.79253066094377
Q9GZZ1,139,0,2.2302652393337445,9.943333333333333,36.526588743279895
Q9GZZ1,140,0,1.887127842128802,10.3153125,69.54236349767217
Q9GZZ1,144,0,1.8812539212302657,10.316666666666668,72.48617455412595
Q9GZZ1,152,0,2.387097156402037,9.747586206896552,28.6810144054501
Q9GZZ1,155,0,1.8852897834494156,10.60153846153846,56.19288994850264
Q9GZZ1,156,0,2.465211760335037,10.056666666666667,27.04905820586899
Q9GZZ1,166,0,1.8860543090342277,10.39,66.52504067301672
Q9H0A0,11,0,1.958201019555064,10.357,58.37127910505812
Q9H0A0,14,0,1.9821374068309825,10.361,68.9752244159213
Q9H1D9,14,0,1.8830769799618596,10.369,69.37960629530056
Q9H1D9,16,0,1.908682198941727,10.316500000000001,73.4640743527875
Q9H1D9,23,0,2.0412914493820864,10.2225,51.60564006856523
Q9H1D9,24,0,2.068958415320753,10.4235,55.85788717246178
Q9H1D9,31,0,1.907474115313558,10.4,68.82466031550567
Q9H1D9,33,0,1.9883448626857567,10.4235,69.97468775749124
Q9H1D9,35,0,1.9231199021245746,10.4025,72.7874734699747
Q9H1D9,40,0,2.09146678033964,10.5315,57.89014419016085
Q9H1D9,45,0,1.9676773558658955,10.504000000000001,60.17431276003113
Q9H1D9,52,0,1.9513093365486565,10.4405,75.83945873810553
Q9H1D9,55,0,1.984240134335139,10.9815,52.009432899321936
Q9H1D9,58,0,2.0928178979071825,10.642,66.2549880595172
Q9H1D9,62,0,1.967694726414609,10.483,61.03588145530873
Q9H1D9,63,0,1.9558462207250877,10.5805,36.48538697379423
Q9H1D9,64,0,2.0009811601950926,10.6815,55.42530131778568
Q9H1D9,67,0,2.418374236709031,10.088,31.29039863818676
Q9H1D9,70,0,1.9591480511142394,9.879999999999999,43.172541826317286
Q9H1D9,72,0,1.9849063085327932,10.4725,58.220521927593985
Q9H1D9,75,0,1.9646244855638748,10.514,68.17090470177068
Q9H1D9,76,0,1.8949816503453558,10.365,75.09672242119613
Q9H1D9,77,0,1.9619330911289201,10.123000000000001,40.77749630697555
Q9H1D9,78,0,2.1500336439660432,10.3445,52.84166697319665
Q9H1D9,80,0,2.051177078534866,10.4925,22.851439362144465
Q9H1D9,81,0,1.968639607884331,10.34,69.82003304164125
Q9H1D9,84,0,2.3044422988770057,9.688500000000001,50.45908801345267
Q9H1D9,87,0,1.9280236915253746,10.357,68.53490729807427
Q9H227,27,0,3.3593088792493795,11.231,5.999515853022165
Q9H227,45,0,1.9109216640207571,10.426,66.68045133459898
Q9H227,64,0,1.989715917402189,11.306000000000001,54.38688222731122
Q9H227,67,0,1.9822809801965455,10.124,47.36920892018408
Q9H227,95,0,2.031922933361996,10.86,53.6415360977547
Q9H227,102,0,2.1233129064918423,11.408,47.52092493790604
Q9H227,109,0,1.8940618900917783,10.572,58.18008046716371
Q9H227,144,0,2.099936942194897,10.75,53.87436738329387
Q9H227,158,0,2.2406515334601145,9.611,38.685935182955276
Q9H227,199,0,2.87828759185506,10.551,18.681968315931478
Q9H227,214,0,1.939882618019165,10.446,78.21597704202196
Q9H227,215,0,1.9234419612985612,10.531,74.2518074394749
Q9H227,217,0,1.9952048345566387,10.158,58.83119845206662
Q9H227,244,0,1.987512155423224,10.251999999999999,65.72817242394132
Q9H227,256,0,2.5281292267025046,10.539,29.065511267191248
Q9H227,269,0,2.0731399811942874,12.197,27.146606839424514
Q9H227,278,0,1.9594605472239834,10.216,55.502419236200446
Q9H227,294,1,2.2524050539484928,11.675,25.74548924084695
Q9H227,295,1,1.9061254734146638,10.52,65.84501349071607
Q9H227,298,0,2.1436054672551066,10.296,54.432294603617336
Q9H227,315,0,2.894015022428766,10.802,55.201742639313125
Q9H227,320,0,1.9159765741954236,10.952000000000002,61.36861375098589
Q9H227,321,0,1.9064477561156443,10.461,62.51684623091887
Q9H227,341,0,2.0766790384774234,10.809999999999999,60.16243015851225
Q9H227,355,0,1.9934515039053093,10.643,41.69225609286925
Q9H227,358,0,2.341808465718806,11.289,40.17550497719314
Q9H227,361,0,2.5639858406384195,9.965,25.58481968406226
Q9H227,402,0,2.1255361878639865,11.106,51.327216419640834
Q9H227,408,0,1.9873839227356398,10.298,62.49019832573326
Q9H227,454,0,2.0547720741779805,10.144,61.486377660602635
Q9H227,458,0,2.257226975599141,10.669,55.832401002059534
Q9H2K8,17,0,1.8706483709547235,10.485,77.8735041728725
Q9H2K8,53,0,2.9899298475642433,12.31,22.24339228527303
Q9H2K8,54,0,2.223382110572717,9.605,32.967889669233024
Q9H2K8,60,0,1.9192931081336093,10.445,81.95695284899321
Q9H2K8,65,0,2.6144690397982275,10.165,28.984661071254173
Q9H2K8,71,0,1.9506607101691624,10.555,52.70607452527078
Q9H2K8,74,0,2.1846907857537388,10.17,55.67137801610133
Q9H2K8,80,0,1.9290471048195332,10.504999999999999,75.16860926059343
Q9H2K8,88,0,1.9668622304346834,11.785,12.315681338079749
Q9H2K8,93,0,1.9392868314568714,11.629999999999999,34.08803107485515
Q9H2K8,116,0,2.1517634707005007,10.075,42.21259873858179
Q9H2K8,117,0,2.3249322170722495,10.32,71.20958074352427
Q9H2K8,149,0,3.2849989960906187,9.835,27.791428549050867
Q9H2K8,162,0,4.22444693379585,10.27,6.585776312090191
Q9H2K8,201,0,2.517882349447204,10.265,22.54887944591116
Q9H2K8,218,0,1.982735289067643,10.035,48.96862646505012
Q9H2K8,260,0,1.9822703526983037,10.239999999999998,49.71288939963963
Q9H2K8,294,0,3.1129272086492863,11.11,20.704911820409592
Q9H2K8,307,0,1.9206715070008578,10.879999999999999,57.833513710087544
Q9H2K8,309,0,2.113868644480648,10.125,53.38544393660957
Q9H2K8,310,0,2.4790856704662265,9.915,18.57190130831602
Q9H2S9,15,0,1.8792297895760086,10.4045,76.03078991194002
Q9H2S9,17,0,1.888447832922353,10.4875,74.14437642444534
Q9H2S9,35,0,2.0018644891969313,10.305,64.07331722246263
Q9H2S9,56,0,2.12682411202046,10.3475,63.14253531403563
Q9H2S9,64,0,2.13194692842014,10.1625,48.36654514172817
Q9H2S9,70,0,1.9359181264361562,10.198,44.26975451430674
Q9H2S9,73,0,1.8326069075007685,10.432,76.64067612951075
Q9H347,19,0,2.42261792582441,10.78,38.14024708401142
Q9H347,23,0,2.1498723219455016,10.124285714285715,43.186715302340204
Q9H347,26,0,1.9312268290980785,10.076,55.504210925760695
Q9H347,27,0,2.329306583237107,10.2,50.59770588055381
Q9H347,28,0,1.959513936082485,10.767,49.002233325212664
Q9H347,30,0,1.909965620260032,10.33,77.9749187107212
Q9H347,32,0,1.9880710804477373,10.85,46.45047632858052
Q9H347,43,0,2.7816455787415686,9.467,23.213103762665774
Q9H347,44,0,2.0382421585335733,10.4315,59.593393008474195
Q9H347,47,0,3.065532901019605,10.6,18.796672445203328
Q9H347,51,0,1.975428067558801,10.354000000000001,68.4490272813991
Q9H347,55,0,1.9878401198640847,10.44,70.49639012377418
Q9H347,64,0,2.1370498790575447,10.455,50.31640243836362
Q9H347,67,0,2.201058035189044,10.473,55.907208540876965
Q9H347,68,0,2.186896734838477,10.36,77.03770962732372
Q9H347,71,0,2.077441832039326,10.45,69.1376513010966
Q9H347,88,0,2.010369030785241,10.190000000000001,47.005551571823155
Q9H347,92,0,1.994326546164136,10.37,72.93613134359794
Q9H3N1,60,0,2.5240968436057023,10.121,37.56410844377419
Q9H3N1,85,0,2.4607780715477814,10.503,33.45244270238725
Q9H3N1,98,0,2.271981438207776,10.345,49.61689738161073
Q9H3N1,99,0,2.007017331242539,10.53,67.42811929747606
Q9H3N1,108,0,2.1653959936110936,10.372,46.161965221995004
Q9H3N1,111,0,1.998140755366165,9.873000000000001,55.97476914539088
Q9H3R0,15,0,4.646569495996197,10.596470588235293,57.46975308571812
Q9H3R0,31,0,5.096105685516238,10.428235294117647,63.80988360973502
Q9H3R0,39,0,4.377069767769722,10.718235294117648,39.017437310259105
Q9H3R0,48,0,6.99059811957956,10.090588235294117,12.41191475054417
Q9H3R0,53,0,5.704068514797676,10.466470588235294,81.87319629485246
Q9H3R0,56,0,6.387859565724276,10.285882352941178,56.23707259326132
Q9H3R0,91,0,4.518901941689049,10.02,43.15186131092733
Q9H3R0,92,0,4.701839415832228,10.441875,79.13083459362454
Q9H3R0,97,0,4.866987954136825,10.23625,48.91381835415282
Q9H3R0,107,0,3.777128672026913,10.350625,54.24348324889041
Q9H3R0,122,0,3.292279317903386,10.35375,32.91502664597476
Q9H3R0,125,0,3.0089049107709864,10.178125,63.031419881684336
Q9H3R0,184,0,4.7652516684108175,8.38875,13.326010172366443
Q9H3R0,208,0,7.540386009891797,7.413529411764706,11.747978028117036
Q9H3R0,219,0,5.364817346133916,10.443529411764706,58.18192827034274
Q9H3R0,243,0,6.710194981862307,10.561176470588235,48.59971840271765
Q9H3R0,253,1,4.985250965736089,10.047058823529412,60.97498123896994
Q9H3R0,254,0,5.158994449112811,10.552941176470588,66.90324742610481
Q9H3R0,261,0,5.076216768231847,11.16529411764706,40.27225140095792
Q9H3R0,303,0,6.039057631764313,10.080588235294117,1.78722934568035
Q9H3R0,306,0,6.137911131817211,10.506470588235295,47.696818514090346
Q9H3R0,312,0,4.862910245865049,10.573125000000001,75.59088962780574
Q9H3R0,316,0,6.831138375499947,10.054705882352941,60.90381608038503
Q9H3R0,325,0,6.177404986264345,9.573125000000001,41.41493895541985
Q9H3R0,335,0,6.3113836644640955,11.257058823529412,39.76542703613375
Q9H3R0,338,0,5.6895026370616675,10.32764705882353,54.947587408638604
Q9H3R0,347,0,4.087593899738832,10.574705882352943,68.13561029430434
Q9H4G4,7,1,1.9910025377107103,10.441428571428572,71.17800820485459
Q9H4G4,15,0,1.9945083017769052,10.848571428571429,52.73178229015485
Q9H4G4,23,0,1.9536608625909593,10.258571428571429,49.48883119858517
Q9H4G4,30,0,2.2746192549739774,10.172857142857143,70.48172468306835
Q9H4G4,33,0,1.9194979842649371,10.37857142857143,79.13900968857013
Q9H4G4,53,0,2.1219743710718566,10.438571428571427,59.83941126942649
Q9H4G4,77,0,2.221746245472265,11.305714285714286,57.35758579801403
Q9H4G4,88,0,1.9394863554068535,10.37142857142857,68.79735884684837
Q9H4G4,102,0,2.0568671360776336,9.445,53.90506663400567
Q9H4G4,110,0,2.323602804059622,10.182857142857143,47.89901701626229
Q9H4G4,113,0,2.140006467314195,9.877142857142857,52.6808342592935
Q9H4G4,114,0,2.7770805323427976,10.338571428571429,50.518427415941346
Q9H4G4,119,0,2.0133607643232283,10.15857142857143,23.720455081257693
Q9H4G4,153,0,1.8949619547308418,10.415,63.79241956932354
Q9H4G4,154,0,1.82360796193834,10.425,83.18808083258045
Q9H6Z4,11,0,1.8969083764511598,10.3675,69.87559996170162
Q9H6Z4,16,0,2.052848179202777,10.474,43.15999999939554
Q9H6Z4,35,0,2.6456622807949417,10.287,41.215147979805565
Q9H6Z4,41,0,1.949804359778065,10.4515,73.97851996728988
Q9H6Z4,86,0,1.9921394739483236,10.067499999999999,50.39374288625801
Q9H6Z4,95,0,1.970415383183531,9.9805,25.968321426018367
Q9H6Z4,99,0,2.198732488047817,10.500499999999999,59.440747602925555
Q9H6Z4,114,0,2.19629867660304,10.745999999999999,23.957407603409624
Q9H6Z4,123,0,1.9530988658777422,10.508,68.26744977100631
Q9H7E2,11,0,1.9053966492462517,10.6485,75.49647699639604
Q9H7E2,14,0,2.136876782576664,10.599,68.54620557790398
Q9H7E2,23,0,2.0777458154274577,10.2275,59.86855561877432
Q9H7E2,30,0,2.154009258763916,10.61,51.66044777040097
Q9H7E2,49,0,1.9091594608516345,10.3475,74.02993245831512
Q9H7E2,50,0,2.293527662848903,10.25,56.96934665588603
Q9H7E2,51,0,1.9017043214551455,10.388095238095238,68.45701340939073
Q9H7E2,61,0,1.870702676211596,10.48,54.374292949250425
Q9H7E2,64,0,1.900741761237672,10.6,61.11418728844564
Q9H7E2,75,0,2.191645907043228,9.74,40.48236658461722
Q9H7E2,116,0,1.9654047712833649,9.69,20.90778998349219
Q9H7E2,126,0,5.345175553244008,7.38,2.767481328424808
Q9H7E2,128,0,3.023832387039032,10.16,50.146298286141125
Q9H7E2,136,0,2.1149244926816606,10.36,61.96123920766978
Q9H7E2,160,0,1.8993730143365408,10.6,74.60434976757759
Q9H8Y8,50,0,2.031170837525426,10.459999999999999,68.82506828621833
Q9H8Y8,56,0,1.958926768252678,11.0225,58.966172398938824
Q9H8Y8,60,0,2.0062651789042336,10.3575,72.19536997582023
Q9H8Y8,65,1,2.343050544292009,10.283333333333333,53.580637196829485
Q9H8Y8,68,0,2.080804303632588,10.638333333333334,51.9032285235073
Q9H8Y8,75,1,2.380449835758914,11.718,5.531912693981757
Q9H8Y8,159,0,2.31024160376121,10.33,63.98476848827809
Q9H8Y8,162,0,2.20745489159196,11.39,30.943045937531803
Q9HB71,8,0,1.9012104159509005,10.727777777777778,59.65758640016769
Q9HB71,14,0,2.2312725667077884,8.784444444444444,34.674332621882655
Q9HB71,19,0,1.9334133758002332,10.366071428571429,74.51354044242929
Q9HB71,23,0,2.1115653055448913,10.1125,56.40462492332609
Q9HB71,30,0,2.231809181518087,10.4635,63.81224596421081
Q9HB71,33,1,2.4964221993193103,9.678275862068967,26.576702522798378
Q9HB71,35,0,2.0555675119594863,10.143333333333334,43.174111531813296
Q9HB71,41,0,1.9717458972621498,9.75,50.206424878872326
Q9HB71,43,0,2.0457889890612253,10.081111111111111,30.455264590676773
Q9HB71,47,0,1.880839384642316,10.41,80.45000284789784
Q9HB71,63,0,2.4490410968602063,10.2115,51.498789920927344
Q9HB71,68,0,1.9571183041988367,11.0335,43.378641758116
Q9HB71,79,0,2.7704049635687027,10.014,43.54239563893819
Q9HB71,88,0,2.055176823638425,9.0125,22.72771460771676
Q9HB71,89,0,2.22406941503366,10.247499999999999,53.64950952535936
Q9HB71,91,0,1.975419714044439,10.037,43.554515314347114
Q9HB71,101,0,3.260092797856868,8.845,2.8737506086710036
Q9HB71,102,0,2.0182099186814106,10.3875,56.425550057519025
Q9HB71,116,0,2.4625448121228994,10.7325,45.45136805243028
Q9HB71,119,0,1.9675829614775497,10.9045,53.6850357022837
Q9HB71,121,0,1.921378890607513,10.506499999999999,68.39405104620745
Q9HC38,12,0,2.4607121658329674,8.62,27.258110471180522
Q9HC38,30,0,2.2960996994692273,10.07,41.22525507242078
Q9HC38,42,0,1.8706722582888173,10.45,69.53954608629175
Q9HC38,52,0,2.0073038034427912,10.485,46.53726282563594
Q9HC38,55,0,3.143814948965875,10.09,23.246067578082037
Q9HC38,81,0,2.150287370108231,10.56,83.64480622705781
Q9HC38,102,0,1.9030792206535685,10.44,77.15162508593983
Q9HC38,124,0,2.897137537477842,11.625,32.79732736808188
Q9HC38,140,0,2.628072918789446,10.100000000000001,28.124797344489608
Q9HC38,150,0,2.141750742505802,10.629999999999999,61.40172482855779
Q9HC38,162,0,2.1806797688650157,10.105,56.68580155643781
Q9HC38,170,0,1.9544122749140245,10.46,57.56148778370249
Q9HC38,183,0,2.7436357683661816,9.575,15.503939732544737
Q9HC38,190,0,1.8707055270775235,10.45,82.7372950117138
Q9HC38,209,0,1.9080226859594078,10.465,85.92161005290006
Q9HC38,219,0,1.9704092489703409,10.559999999999999,65.56345152163044
Q9HC38,224,0,2.137861638231212,10.4,63.39706158759248
Q9HC38,237,0,1.8706879637440865,9.905000000000001,28.508300722691885
Q9HC38,266,0,1.9409572401044701,11.055,58.204777966910214
Q9HCK4,8,0,1.8892076842455126,10.447,63.16312419963985
Q9HCK4,12,0,1.9267687731980794,10.445,65.44567943078282
Q9HCK4,21,0,2.0108335969799187,10.405,45.25553065663331
Q9HCK4,29,0,2.224359743555943,10.265,57.22571125201908
Q9HCK4,31,0,2.2947169565366954,10.216,53.50647379358911
Q9HCK4,44,0,2.2094668194301694,9.749500000000001,27.304638767377128
Q9HCK4,67,0,2.238120924064819,10.289,59.217949778923796
Q9HCK4,70,0,1.940825995363737,10.51675,65.62681842720106
Q9HCK4,83,0,2.2009534426745363,10.2865,56.65103623398426
Q9HCK4,84,0,1.9715637712005876,10.374500000000001,54.337089619998004
Q9HCK4,91,0,3.6164767829476476,9.527,24.246334316523292
Q9HCK4,107,0,2.3787830482473926,10.57,36.851063449933555
Q9HCL0,1,0,2.0445336663215077,10.280000000000001,37.268378219070094
Q9HCL0,4,0,1.9057899815345662,10.8,66.14331262191294
Q9HCL0,30,0,1.9115764045731258,10.4175,60.015701600933006
Q9HCL0,73,0,1.9239636510429674,9.5375,68.24458813946674
Q9HCL0,167,0,2.1104015375342384,9.8625,32.38286621227235
Q9HCL0,182,0,2.1090467469083087,10.2125,48.773904989143645
Q9HCL0,206,0,2.1082220895453623,10.8625,50.14319759964187
Q9HCL0,253,0,2.188697095421369,10.477500000000001,60.03830634182329
Q9HCL0,265,0,1.9992663268026518,10.16,70.83494581958368
Q9HCL0,271,0,2.1040127038642953,10.217500000000001,53.41261380432461
Q9HCL0,283,0,2.1747839148836787,10.6325,58.109433902366106
Q9HCL0,291,0,1.9635382263446994,9.7325,38.12312049531084
Q9HCL0,312,0,2.9521658607665446,6.8175,13.86907618681687
Q9HCL0,316,0,2.3577556557140156,10.1425,38.795486773026006
Q9HCL0,324,0,1.9976324521572633,10.344999999999999,56.25968214664035
Q9HCL0,336,0,1.8706979410544524,10.7025,70.52852599862652
Q9HCL0,360,0,1.9126556545111097,10.7925,52.95484939352692
Q9HCL0,371,0,2.239592626791217,10.445,63.15956863670431
Q9HCL0,379,0,2.292771073811291,11.015,37.240807471042494
Q9HCL0,382,0,1.9857575971917294,10.315000000000001,46.37414544457533
Q9HCL0,400,0,1.9579051007997927,11.015,59.31545368841723
Q9HCL0,422,0,2.2543454481088125,9.675,35.92102766976177
Q9HCM9,26,0,1.8904808775350186,10.484,78.0766752240202
Q9HCM9,39,0,1.9385076450372019,10.368,71.35132384081724
Q9NP64,34,0,2.121961714009525,10.495000000000001,49.62503116134041
Q9NP64,40,0,2.059873677689069,10.046000000000001,36.93947964817802
Q9NP64,56,0,1.9431183307252176,10.662,58.38471432239074
Q9NP64,66,0,1.9895813385858745,10.2515,51.61202797362753
Q9NP64,70,0,4.389687065008315,9.314,2.862509597457378
Q9NP64,77,0,1.9282735780112712,10.432500000000001,55.52369043645913
Q9NP64,82,0,1.9501429107742028,10.031,64.95441942456242
Q9NP64,88,1,1.993359290819252,9.7515,24.807930000768287
Q9NP64,96,0,2.106656901841534,10.41,71.3111114548513
Q9NP97,9,0,2.037803868554274,10.522499999999999,66.88482666293056
Q9NP97,15,0,1.8857682578420358,10.4875,71.60106082182355
Q9NP97,29,0,1.9554054105970025,10.592749999999999,65.83748021333216
Q9NP97,31,0,2.025027469514301,10.555,54.51706360914052
Q9NP97,35,0,1.8829442433883266,10.41575,79.59821481412378
Q9NP97,51,0,2.1904491720996946,10.2765,38.40411550509727
Q9NP97,52,1,2.2435350190093013,8.515,38.46089897418782
Q9NP97,72,0,1.9653121935858298,10.2005,66.15215653248204
Q9NP97,74,0,1.9521279270737482,10.343333333333334,68.9088713610836
Q9NP97,75,0,1.9163259025703736,10.395,75.83534685147092
Q9NP97,84,0,1.8956481337057682,10.8725,65.34224740140189
Q9NP97,94,0,1.9363236550292224,10.051333333333334,54.674068519911415
Q9NP97,95,0,1.9406614518856766,10.35025641025641,66.6308172753445
Q9NP97,104,0,1.8957423041681558,10.605,67.50498114336463
Q9NQ38,1,0,1.8782020221801967,10.511960784313725,76.18425838139733
Q9NQ38,3,0,2.00146906696646,10.426,72.32940962612722
Q9NQ38,4,0,1.8935632640657407,10.531428571428572,64.56914290092318
Q9NQ38,6,0,1.9201334677355606,10.456935483870968,55.4781695400842
Q9NQ38,7,0,2.03453359686206,10.4615,61.40472406779427
Q9NQ38,11,0,1.920449355400936,10.623999999999999,66.56099554643859
Q9NQ38,16,0,1.993814497456944,10.321764705882352,63.04144529834472
Q9NQ38,17,0,1.9020253809307675,10.47904761904762,72.10185305283682
Q9NQ38,19,0,2.142225386210962,10.128627450980394,58.99578877551619
Q9NQ38,20,0,1.880213017816844,10.462903225806452,81.23479876713908
Q9NQ38,23,0,2.17684898069194,10.458795180722893,63.34174720142953
Q9NQ38,26,0,1.9171738186545482,10.285490196078431,64.82710063937245
Q9NQ38,27,0,1.9393611081962756,10.535686274509805,69.98858786123675
Q9NQ38,38,0,2.8813566945108513,10.3355,21.096864773853092
Q9NQ38,39,0,2.1709502479354894,10.503809523809524,67.1047058133408
Q9NQ38,40,0,2.8961868478760016,10.30156862745098,29.620764925433328
Q9NQ38,45,0,2.221182299356822,10.413725490196079,59.59128805797983
Q9NQ38,47,0,1.9616929782690342,10.054,45.553494357364556
Q9NQ38,50,0,1.9699793923564337,10.389215686274511,55.8301176365657
Q9NQ38,53,0,1.9042500919394119,10.429803921568627,71.67634627285675
Q9NQ38,56,0,1.9764120128370533,10.472,59.652448405376994
Q9NQ38,57,0,2.1332796227257784,10.430483870967743,53.05019187460699
Q9NQ38,59,0,1.937908557423378,10.588095238095239,63.22042725480705
Q9NQ38,60,0,1.914039297850082,10.432857142857143,60.66908781261515
Q9NQ38,61,0,1.9571403363238962,10.414285714285715,65.66594364445928
Q9NQ38,62,0,1.9057872782593857,10.369047619047619,72.46774263056115
Q9NQ38,63,0,2.154249746672117,10.414,58.89880159898106
Q9NQ38,67,0,1.935472862266876,10.373999999999999,65.81735438539509
Q9NQ38,69,0,1.9168931332440018,10.3955,63.852865775474015
Q9NQC3,4,0,1.9362097334046648,10.3295,63.23438272050644
Q9NQC3,12,0,2.0215226819135284,10.325,57.05791666127082
Q9NQC3,36,0,2.1976434127820794,10.379999999999999,52.88251013206259
Q9NQC3,50,0,3.3048762057794603,10.062000000000001,20.693835251936427
Q9NQC7,15,0,3.313680883266867,10.6155,39.55885615418633
Q9NQC7,19,0,2.2193533083376495,10.433,54.99647392057068
Q9NQC7,24,0,1.996984861980777,10.4545,29.8182597744378
Q9NQC7,27,0,1.9304661087768822,10.259,69.02115548226449
Q9NQC7,38,0,2.391259686545394,10.1795,40.49678845839261
Q9NQC7,67,0,2.1357774303873076,10.311499999999999,64.93933159859431
Q9NQC7,77,0,2.678114813098489,10.4315,43.38148882645831
Q9NQC7,78,0,3.485035850963544,10.8,20.366537747925367
Q9NQC7,83,0,2.396791814310407,10.555,52.956824342658635
Q9NQC7,84,0,2.2258624044108357,10.382000000000001,54.567423993876034
Q9NQC7,85,0,1.9005663357123084,9.9705,55.57191388369173
Q9NQT8,36,0,2.0823568345339103,10.145,29.768638972972816
Q9NQT8,64,0,1.9251480173439741,10.382,75.40497156537555
Q9NQT8,72,0,2.0266505778939536,10.812999999999999,58.00531464959222
Q9NQW7,4,0,2.067162904573248,9.513333333333334,36.72185836165459
Q9NQW7,84,0,1.9221682083135867,10.296666666666667,63.0001028116881
Q9NQW7,94,0,2.238667216187141,10.186666666666666,39.551331603448666
Q9NQW7,98,0,1.8864859232397533,10.389999999999999,72.93208436139486
Q9NQW7,130,0,2.106885670975185,10.31,67.10460452191099
Q9NQW7,131,0,2.003141683172251,10.63,66.83717644727416
Q9NQW7,134,0,1.947734377616601,10.066666666666666,63.47535596700616
Q9NQW7,147,0,1.9176915042100067,10.12,74.0984551755792
Q9NQW7,153,0,1.9718770860280397,11.163333333333334,33.37868017945945
Q9NQW7,164,0,2.024823522599959,10.493333333333334,52.32806893421229
Q9NQW7,179,0,2.212008078682423,10.68,34.772674653027316
Q9NQW7,181,0,2.2266868492505565,6.383333333333333,6.033766848761772
Q9NQW7,188,0,2.0135884565057616,10.156666666666666,54.45936684197733
Q9NQW7,248,0,2.4593491424932723,10.926666666666668,34.45051959803265
Q9NQW7,269,0,1.892543896507869,10.376666666666667,78.37668259622247
Q9NQW7,276,0,2.195411396774819,10.36,64.98042973915564
Q9NQW7,287,0,3.0271575885974893,10.373333333333333,42.22227440762254
Q9NQW7,293,0,2.1388739534006813,10.566666666666666,70.035852275712
Q9NQW7,304,1,1.9467614680479883,10.216666666666667,70.78219869709606
Q9NQW7,319,0,3.11512979004865,14.916666666666666,5.417589264652999
Q9NQW7,322,0,3.62762493440232,10.776666666666666,5.554553977703253
Q9NQW7,336,0,2.8077328734177254,10.233333333333334,18.510274823258886
Q9NQW7,350,0,1.940320490953792,11.323333333333332,47.870650740928305
Q9NQW7,354,0,1.9146011260498665,11.353333333333333,53.81446768336542
Q9NQW7,365,0,2.3756936532421093,10.943333333333333,19.180852138490756
Q9NQW7,421,0,2.728115023607959,9.966666666666667,34.97228577791635
Q9NQW7,441,0,2.524269131391834,10.36,40.58257030029734
Q9NQW7,449,0,2.155588357455287,10.346666666666666,21.739003039754493
Q9NQW7,464,0,2.472698530301504,10.266666666666667,30.275659302338727
Q9NQW7,507,0,1.9602671809024732,10.466666666666667,66.7400161494772
Q9NQW7,546,0,1.8918485941370629,10.383333333333333,73.70473071294492
Q9NQW7,548,0,1.894361441660564,10.36,71.61332448689576
Q9NQW7,570,0,1.9767265302372878,9.81,31.506803648387706
Q9NQW7,580,0,2.034167436994322,10.426666666666668,71.01703274795192
Q9NQW7,598,0,2.069263517274496,10.343333333333334,58.735968924754694
Q9NQW7,602,0,1.960038821425958,10.266666666666667,53.52824459434618
Q9NRR4,22,0,1.8738892892561787,10.134,45.069677634988516
Q9NRR4,30,0,1.9990910701722744,10.478,63.18709520608521
Q9NRR4,50,0,1.876898422203619,10.336,43.871915983376276
Q9NRR4,58,0,1.9499137914453175,10.364,58.39104823132931
Q9NRR4,62,0,2.10149351013014,10.172,50.77389032355793
Q9NRR4,63,0,1.9715274974257144,10.355,70.39858187249241
Q9NRR4,66,0,2.528238569505246,9.506,36.54949182638919
Q9NRR4,76,0,1.9301771287619218,10.629999999999999,55.65166124970769
Q9NRY4,12,0,2.339648573952567,10.622666666666667,37.231813025825424
Q9NRY4,14,0,2.2020072912279063,10.816,51.41559771130026
Q9NRY4,24,0,1.9202944973269285,10.360666666666667,72.99618812315904
Q9NRY4,26,0,1.884624150837753,10.215,62.56907193629245
Q9NRY4,28,0,2.0877159557483402,8.434999999999999,15.052090351665145
Q9NRY4,35,0,2.6834846446384555,8.265,8.888154665628072
Q9NRY4,36,0,1.9204521529609835,10.684,49.10711834119588
Q9NRY4,54,0,2.0287571173943273,11.305333333333332,50.58487552889008
Q9NRY4,56,0,2.5239194374172,10.171333333333333,52.53984718564927
Q9NRY4,57,0,2.0319498963142237,10.208,65.97462818595388
Q9NRY4,67,0,1.9918432987446097,10.210666666666667,48.88682724633228
Q9NRY4,90,0,2.335372275743799,10.9,44.88349245537046
Q9NRY4,118,0,1.9357658586058948,10.325,55.0652306210376
Q9NRY4,124,0,1.9459722212599049,10.02,52.515697282955585
Q9NRY4,130,0,4.138965558376134,8.870000000000001,0.0
Q9NRY4,148,0,2.2708694925151143,9.355,26.956435764127217
Q9NRY4,154,0,2.097543139229857,10.335,53.53268972978486
Q9NRY4,179,0,2.0472834650085803,10.175,52.580590806206295
Q9NRY4,190,0,1.9030772330793544,10.33,65.80041269251214
Q9NRY4,192,0,1.9534009601807454,10.44,74.31393243419963
Q9NRY4,193,0,2.1975403268663536,10.275,45.25431492572622
Q9NRY4,201,0,2.6358237905814033,11.48,28.859488238962708
Q9NRY4,220,0,2.009389961512447,9.75,31.73308013175486
Q9NRY4,221,0,1.9099790821680718,10.39,81.67535488249176
Q9NRY4,249,0,1.8667465992878802,10.895,50.548994831961416
Q9NWV4,6,0,2.020851152351101,11.25,32.75561945311312
Q9NWV4,12,0,2.616436570162003,10.21,37.953973547099984
Q9NWV4,33,0,2.982382333449932,10.3,25.11654239159827
Q9NWV4,35,0,2.053392068110961,10.4,49.113434251426526
Q9NWV4,45,0,2.19173271349405,9.25,63.69984894204393
Q9NWV4,58,0,1.8706600859084352,10.43,83.81173606170324
Q9NWV4,69,0,1.9519070664698188,10.58,53.61615464710758
Q9NWV4,71,0,1.870705600834759,11.42,58.26266835653729
Q9NWV4,87,0,2.299018680452161,10.29,63.3638621527272
Q9NWV4,98,0,2.3109285560470103,11.23,42.31476594967042
Q9NWV4,138,0,2.2671240901399097,9.99,45.48489473653032
Q9NWV4,146,0,1.9056765491792644,10.47,72.98790217253521
Q9NWV4,162,0,1.9041527100008564,10.64,60.912863559228086
Q9NXL9,22,0,2.029571934910377,10.1775,58.63136370686719
Q9NXL9,30,0,2.0291090719492253,10.625,66.48734156117364
Q9NXL9,93,0,2.9395627407270295,9.865,1.6353298758873864
Q9NXL9,116,0,2.2321110867073304,10.1075,59.1282016762939
Q9NXL9,118,0,1.9049707232906208,10.425,63.481770052007235
Q9NXL9,137,0,2.129528746924234,10.1675,53.01918659307856
Q9NXL9,149,0,1.9150825686672255,10.9575,53.530832590377656
Q9NXL9,151,0,2.008728964740307,10.325,59.11588074260559
Q9NXL9,157,0,1.9281866530119096,10.855,62.047763905337405
Q9NXL9,182,0,2.190306580215862,9.752500000000001,59.256589732316776
Q9NXL9,203,0,3.5119823218404083,10.42,29.2190287919505
Q9NXL9,221,0,2.396362252907192,10.57,30.834658263905993
Q9NXL9,233,0,2.204875115670173,11.0825,65.38353807359634
Q9NXL9,249,0,2.0013620261633704,10.69,56.3413062870176
Q9NXL9,264,0,2.347616327380474,9.455,35.220247977239524
Q9NYB9,19,0,2.4296227520562033,10.8155,38.057228861894146
Q9NYB9,28,0,2.1971727081493984,10.4985,40.59461470838228
Q9NYB9,30,0,2.0746346373982014,10.782,60.791863154679675
Q9NYB9,46,0,2.3169926420562206,10.633500000000002,58.61574082840027
Q9NYB9,47,0,1.98667463602821,10.692,36.80281709525452
Q9NZJ4,16,0,1.911032310602072,10.375499999999999,58.28388556067224
Q9NZJ4,27,0,1.9247300348532732,10.4035,66.84447846853219
Q9NZJ4,34,0,2.0897042094785787,10.2925,62.710450150688686
Q9NZJ4,35,0,3.203590043480479,10.389642857142858,42.92084205115085
Q9NZJ4,43,0,1.9698909980129895,9.936499999999999,55.82992045286013
Q9NZJ4,48,0,1.9260240253628418,10.342,56.9681521961792
Q9NZJ4,61,0,1.9586825706907056,10.3995,66.04927755430785
Q9NZJ4,63,0,3.411760425140004,10.446250000000001,58.5795683342373
Q9NZJ4,70,0,2.6349181489145233,10.467500000000001,78.41188643265059
Q9NZJ4,72,0,2.0267336832674387,10.303999999999998,65.21585883820333
Q9NZJ4,81,0,9.475481332472821,10.465,70.88130885491674
Q9NZL3,11,0,1.9631584054244824,10.2731,47.1422289600453
Q9NZL3,14,0,1.9686744217903374,10.57135,56.417282596476944
Q9NZL3,16,0,1.896273308079315,10.556000000000001,75.9509149187225
Q9NZL3,17,0,1.9116665662805166,10.565999999999999,52.09773783282659
Q9NZL3,20,0,2.087673848879276,10.549035714285715,55.329569346023675
Q9NZL3,23,0,1.9485385287229573,10.436499999999999,70.155445508551
Q9NZL3,25,0,2.032667886717161,10.6575,64.68050363384668
Q9NZL3,30,0,1.9797125569556737,10.375,69.62249394982356
Q9NZL3,33,0,1.9097529727086404,10.35775,65.47051437520791
Q9NZL3,39,0,1.8952294595351789,10.393642857142856,67.34860088904969
Q9P202,13,0,2.0853545132885087,10.4985,58.31930538159529
Q9P202,14,0,2.274738922783292,9.6395,17.099585729980298
Q9P202,18,0,1.9282721653637005,10.121500000000001,54.68281698278704
Q9P202,22,0,2.177871960095865,10.128,53.336513631029916
Q9P202,23,0,1.9346554277407126,10.419,57.415874964208605
Q9P202,50,0,1.957331733046822,10.4925,67.15821721862451
Q9P202,52,0,2.1826967046535644,10.477500000000001,66.97665443444728
Q9P202,65,0,2.115518250280388,10.43975,70.13682502709378
Q9P202,68,0,2.374854727829327,10.558,47.667146440976566
Q9P202,77,0,2.0131135699876532,10.4645,63.5365712088583
Q9P202,80,0,1.9443484446724906,9.985,53.49133197149729
Q9P202,82,0,1.9513224418505644,10.472,67.64380435936056
Q9P202,83,0,1.9027756825613569,10.395999999999999,78.87843257666276
Q9P202,84,0,1.909642696045673,10.31325,70.66163626110682
Q9P202,91,0,2.110011988343985,9.3475,37.03080836461176
Q9P202,101,0,2.242117729731125,10.39,49.747248933042094
Q9P202,117,0,1.9199301734392225,10.386,72.533673689719
Q9P218,48,0,1.9057655246279332,10.308,73.50200744783344
Q9P218,52,0,2.0465267733759545,10.5685,57.10485892774939
Q9P218,73,0,2.1538772000793376,10.2355,49.111843820145644
Q9P218,96,0,2.2092933790877725,10.355,62.19547930116455
Q9P218,97,0,1.930809740400128,10.3475,69.90051017345071
Q9P278,-26,0,2.3639653196830084,9.435,59.81066086582411
Q9P278,-19,0,2.056264051748361,10.235,48.32300190396786
Q9P278,2,0,1.9107172867781752,10.368333333333334,68.2889495003139
Q9P278,6,0,2.2364331369553825,10.571666666666667,28.56292952827931
Q9P278,13,0,1.9813872408859703,10.41909090909091,58.97898420647925
Q9P278,20,0,2.0248261423717193,10.53,62.666145959291164
Q9P278,23,0,1.9415379918082323,10.187999999999999,58.6731796140834
Q9P278,24,0,2.0330769068627657,10.272727272727273,55.91884388741847
Q9P278,35,0,2.0199507802778416,10.358333333333333,23.015741385434865
Q9P278,38,0,1.8882353162345693,10.4375,72.85866599557893
Q9P278,46,0,2.136430469258641,9.351666666666667,43.28426635130675
Q9P278,47,0,2.332222481250566,10.147499999999999,25.82355890911943
Q9P278,48,0,2.129510933847509,9.447777777777778,38.41314422058143
Q9P278,66,0,1.9835969048205069,8.8125,47.74310535168491
Q9UBR2,3,0,1.9152619302869613,10.36,66.77525543790574
Q9UBR2,47,0,1.9834319060384091,10.875,29.626887694448964
Q9UBR2,49,0,1.9788504351248268,10.36,71.36325698416238
Q9UBR2,99,0,2.3396136276473207,10.254999999999999,45.97087621259423
Q9UBR2,105,0,2.0616794090988346,10.205,65.77240015801763
Q9UBR2,116,0,1.9002484175434744,10.46,75.35623760933673
Q9UBR2,140,0,1.9475045457625544,9.465,34.43084101071641
Q9UBR2,220,0,1.9106343833786084,11.5,44.42707794766611
Q9UBR2,223,0,2.0452816794089808,10.19,58.592977371631136
Q9UBX1,10,0,1.937129211720805,10.09,36.35703000644865
Q9UBX1,15,0,2.0488265745184604,10.030000000000001,57.718354704379394
Q9UBX1,17,0,2.2260938746611374,13.95,11.73803735136266
Q9UBX1,58,0,1.8707125423347404,10.315000000000001,63.978698014973496
Q9UBX1,61,0,1.940623327931137,10.555,45.6196886963234
Q9UBX1,76,0,2.0160148110373175,9.86,40.63147769843057
Q9UBX1,102,0,2.0471834496730454,10.86,50.76857906847796
Q9UBX1,104,0,1.969001530008659,10.8,45.38104219188274
Q9UBX1,119,0,1.9989759388169097,10.32,62.077592673084766
Q9UBX1,126,0,1.9180143652577861,10.23,69.66653515183609
Q9UBX1,180,0,5.391479765345211,7.705,16.77132693134216
Q9UBX1,190,0,2.0757994811097285,9.075,49.09610640444657
Q9UDX4,11,0,1.9257672813083704,10.399999999999999,78.03568889361408
Q9UDX4,18,0,2.1582396313255963,11.27,52.90283312766358
Q9UDX4,51,0,1.9682269469644387,10.765,63.59581641031724
Q9UDX4,58,0,1.9235418926163357,10.415,66.46427049012384
Q9UDX4,64,0,1.9243244630764365,10.505,63.075130152908216
Q9UDX4,82,0,1.9526382312921213,10.85,51.689343877829316
Q9UDX4,109,0,2.269922052379674,10.485,47.69436703232298
Q9UDX4,117,0,2.1761879693999813,10.925,33.57297350428381
Q9UDX4,122,0,2.847246466501727,9.5,19.441647961970006
Q9UDX4,124,0,3.696658519355406,10.525,29.89004516657232
Q9UDX4,144,0,1.9945222294890712,10.49,50.22688341019804
Q9UDX4,145,0,1.931457585144347,10.585,32.66665674864662
Q9UDX4,161,0,1.9411074547165188,10.075,48.76849719553941
Q9UDX4,165,0,2.256907747846185,10.275,52.70407830493881
Q9UDX4,187,0,2.0570746768747292,12.32,22.49529238372102
Q9UDX4,193,0,2.1444122507485877,11.42,24.344577809287266
Q9UDX4,196,0,2.144843284434268,10.475,61.734160963677496
Q9UDX4,206,0,2.4899365718038675,10.72,30.692018503709807
Q9UDX4,216,0,2.1643031684406235,10.129999999999999,24.148882766907406
Q9UDX4,225,0,2.2720351471200715,10.27,56.675427755696276
Q9UDX4,230,0,1.9092710582725,10.425,72.77744818966818
Q9UDX4,253,1,2.9753835529154777,9.940000000000001,41.25082960011641
Q9UDX4,257,0,1.926332279234446,10.774999999999999,45.7703051566166
Q9UDX4,266,0,1.9123249123843458,11.82,54.690464797403116
Q9UDX4,275,0,1.8706629374433037,10.370000000000001,84.98240474917061
Q9UDX4,321,0,2.045255859542313,10.055,15.358951959089222
Q9UDX4,323,0,1.9240857922104784,10.935,64.13950828892914
Q9UDX4,375,0,2.467862696358609,9.29,4.631705681557339
Q9UDX4,376,0,1.9522556185133337,10.35,46.50069272365276
Q9UDX4,392,0,1.8914069379782874,10.535,78.58851102587546
Q9UDX4,395,0,1.8952264010083093,10.46,82.2057931670963
Q9UFD9,8,0,2.134397663990536,10.2365,45.56657450927748
Q9UFD9,28,0,1.9024909370472245,10.413,68.8708253650517
Q9UGL1,44,0,1.934879925938652,10.494499999999999,63.9132367143005
Q9UGL1,55,0,1.962340426756161,10.447,61.935340703231745
Q9UGL1,61,0,1.8291972425650385,10.427000000000001,76.36865347561805
Q9UHB6,9,0,1.8948022029291867,10.370000000000001,77.42919297811535
Q9UHB6,23,0,2.162485928137407,10.736,61.17394136246462
Q9UHB6,51,0,1.927706927744501,10.101,51.581687060827775
Q9UHB6,67,0,2.1174182349374293,10.2115,53.12984755805509
Q9UHB6,75,0,1.9384000158628354,10.3215,59.927516113399044
Q9UHB6,77,0,1.883565366486037,10.451,76.15315330955117
Q9UIF8,10,0,2.0500873503992616,10.418000000000001,68.79221519012648
Q9UIF8,38,0,1.8926167241071632,10.3935,74.23097802568313
Q9UIF8,44,0,1.9716825869943353,10.2065,58.551128739491446
Q9UIF8,45,0,1.906243778425766,10.391499999999999,74.50980091867392
Q9UIF8,48,0,1.9076901071309114,10.4005,77.7738731433532
Q9UIF8,49,0,2.1080628947733735,10.359,64.18813588896664
Q9UIF8,59,0,2.4218299436106534,10.208,28.362053039682586
Q9UIF8,101,0,1.9810284080827523,10.113,59.22711439374293
Q9UIF8,105,0,1.9722456447479781,10.527,72.91758122072618
Q9UIF8,106,0,2.1821071298483607,10.566500000000001,28.433327923010904
Q9UIF8,112,0,1.8677118315366026,10.480500000000001,65.31682177210809
Q9UIG0,4,0,2.0040157427630887,10.1585,58.583441328930554
Q9UIG0,8,0,2.140831543702226,11.095,56.039209428451464
Q9UIG0,9,0,1.9309608928956838,10.817,57.14749132180631
Q9UIG0,14,0,2.0941466489949763,11.124500000000001,39.67777852609409
Q9UIG0,23,0,2.2342538350919243,10.886,50.60347201207008
Q9UII4,8,0,2.0259298033895403,10.6125,68.23711376694507
Q9UII4,12,0,1.9705588114336776,10.3255,59.49386178997149
Q9UII4,32,0,2.0134967469164082,10.2385,57.40213867758001
Q9UII4,36,0,1.9109829170054542,11.067,52.71506242550316
Q9UII4,42,0,4.069208890105643,8.109,11.16647692791956
Q9UII4,43,0,2.3253460597289894,10.3365,38.534515325790764
Q9UII4,44,0,2.1182243480793743,10.4645,56.20998771409755
Q9UII4,58,0,1.9068802034862913,10.417,62.42494319207816
Q9UII4,64,0,2.0196005379637514,10.046000000000001,50.19192664694217
Q9UII4,92,0,2.263353474726569,10.1905,44.14352957572555
Q9UIJ7,19,0,2.1410426538401928,8.79,16.169613763409288
Q9UIJ7,20,1,2.3161431824456065,8.116470588235293,23.434818199200976
Q9UIJ7,33,0,2.2829764040147578,10.47,48.77780743626801
Q9UIJ7,34,0,2.250734100714117,9.961764705882352,52.27643862994639
Q9UIJ7,56,0,2.173400730991576,10.95,57.737236985224406
Q9UIJ7,57,0,2.2797755722811486,11.100588235294119,51.44371060222676
Q9UIJ7,63,0,1.882582078196776,10.21,50.90505836183
Q9UIJ7,64,0,1.8891727385737695,10.24470588235294,59.5739425652078
Q9UIJ7,79,0,1.9702175170417928,10.39,65.43597158223399
Q9UIJ7,80,0,2.004128743036777,10.181176470588234,61.76823338400135
Q9UIJ7,121,0,2.580027031914321,10.32,44.26471323984544
Q9UIJ7,122,0,2.233733943804192,10.209411764705882,41.30971809990948
Q9UIJ7,145,0,1.9055632131147573,10.56,81.85292031726652
Q9UIJ7,146,0,1.8858073412011598,10.599411764705883,71.66728211071938
Q9UIJ7,164,0,2.909958817228248,11.99,30.21747438840037
Q9UIJ7,165,0,2.3094811760211753,10.98235294117647,48.74438566442266
Q9UIJ7,170,0,2.012008875108475,10.45,78.46134197325202
Q9UIJ7,171,0,2.0090956063511185,10.423529411764704,56.11097576313056
Q9UIJ7,173,0,2.053507339347992,10.52,49.88070280721888
Q9UIJ7,174,0,2.0375875544873976,10.861176470588234,63.14769285822505
Q9UIJ7,180,0,1.920204690348676,10.82,47.9069972226011
Q9UIJ7,181,0,2.1846390990194973,10.173529411764704,48.382807984948556
Q9UIJ7,188,0,1.9004656876682955,10.65,69.91218478990038
Q9UIJ7,189,0,1.9274804908163827,10.441666666666666,60.336115871803955
Q9UIJ7,190,0,1.9454914851161567,10.618823529411765,31.721550371216455
Q9UIJ7,202,0,1.895637655535748,10.65,48.63126522894745
Q9UIJ7,203,0,1.9152425994394178,10.82,59.45064082854089
Q9UIJ7,214,0,2.2154071563852544,10.45,38.29997416300004
Q9UIJ7,215,0,2.02946498910001,9.871176470588235,37.77022887677496
Q9UJ41,8,0,2.0294101078035442,10.376666666666667,65.24469440452323
Q9UJ41,28,0,1.9024629391430485,10.42,56.10022177577807
Q9UJ41,29,0,2.019492594710898,10.745000000000001,60.81995750148286
Q9UJ41,32,0,2.1431550308004685,11.24,62.88355845088618
Q9UJ41,51,0,2.0785611406114497,10.61,5.057669647968292
Q9UJV3,28,0,2.0023755001898498,10.2925,60.75362571784542
Q9UJV3,45,0,2.315341454612432,10.190999999999999,39.9958811447318
Q9UJV3,64,0,1.9108922878805976,10.466,70.01965671108427
Q9UJV3,66,0,1.8941686704696497,10.442,75.6117047244435
Q9UJV3,78,0,1.8878454863161944,10.318999999999999,66.1214163756159
Q9UJV3,98,0,3.494758950546049,10.239999999999998,32.0670036146465
Q9UJV3,114,0,1.9373058269195649,10.052,56.397652060256675
Q9UJV3,121,0,1.897234873156061,10.366,71.65039855270048
Q9UKE5,41,0,3.3314705470507024,10.49,32.789391574139216
Q9UKE5,46,0,1.949853059481036,10.31,79.06442958797084
Q9UKE5,54,0,2.476625347420166,10.69,16.52386106002501
Q9UKE5,67,1,2.3045287233619405,10.79,44.12766126033257
Q9UKE5,74,0,1.9709197101122609,9.85,28.559629765162256
Q9UKE5,75,0,1.9280821375661303,9.73,46.59940745531476
Q9UKE5,91,0,2.937860223002009,10.62,44.792893504730216
Q9UKE5,92,0,2.0283944795828366,10.21,41.34529009172668
Q9UKE5,118,0,1.870738589774538,11.39,55.95660844910849
Q9UKE5,121,0,1.9206638364167048,10.45,78.36905768905282
Q9UKE5,126,0,2.174360525421885,10.33,61.44618163709843
Q9UKE5,148,0,2.144257769875891,10.31,39.30207676964823
Q9UKE5,155,0,4.2317264647665525,5.21,0.1257946058374912
Q9UKE5,168,0,4.185785827974005,11.05,12.934591453298674
Q9UKE5,213,0,4.290494188427227,9.22,16.86073142227557
Q9UKE5,254,0,1.893907789310408,10.78,69.52779783876427
Q9UKE5,256,0,1.8876763898636253,10.29,73.32601608187781
Q9UKE5,257,0,1.870754307994153,10.19,68.55557308724866
Q9UKE5,260,0,1.8948699289507576,10.21,64.88164410349276
Q9UKE5,261,0,2.1693710372316954,10.35,43.29523738190171
Q9UKE5,272,0,1.915496284490439,10.03,38.41575494225421
Q9UKE5,285,0,1.991540436792565,10.32,67.47031645005076
Q9UKE5,303,0,2.337360405991525,10.96,43.74540142922234
Q9UKE5,310,0,1.862805105341939,10.59,58.0229582920837
Q9UKY1,12,0,1.9450419494994176,10.367,70.09367394299979
Q9UKY1,13,0,2.0119729628128686,10.1295,25.476290747850122
Q9UKY1,14,0,1.9248232397752332,10.338,63.81420618712694
Q9UKY1,15,0,1.9294531528858059,10.397499999999999,75.61895983997788
Q9UKY1,16,0,1.894599813838494,10.4085,66.56225054725385
Q9UKY1,18,0,2.013673468499499,9.4295,10.063651915554164
Q9UKY1,22,0,2.2037221547126604,10.035,55.48615985797194
Q9UKY1,27,0,1.917681962014828,10.6415,64.17883710196125
Q9UKY1,41,0,1.9063980721561993,10.246500000000001,65.75172127887384
Q9UKY1,47,0,2.1466988443764454,10.9115,38.96340817285273
Q9UKY1,49,0,1.9899164407963739,10.459,68.04159053041346
Q9UKY1,51,0,2.045170734282094,10.2405,48.601202477997234
Q9UKY1,52,0,1.9931503664126047,10.65,61.70992979409051
Q9UKY1,62,0,2.2148766952611942,9.786,35.09121196773185
Q9UKY1,63,0,2.102299707500914,10.055,45.98049897634202
Q9UKY1,64,0,1.951089829327821,10.33,69.57141852551014
Q9UKY1,65,0,1.9052066976341109,10.412,68.29766632909684
Q9UKY1,66,0,1.9206094696579545,10.1605,62.36293600707793
Q9UKY1,69,0,1.8990611067561456,10.3845,69.04977506408946
Q9UKY1,72,0,1.911806425448458,10.496500000000001,67.84918597908899
Q9ULC4,3,0,2.0227659192156446,8.511363636363637,48.123126004697994
Q9ULC4,4,0,1.8866421942896765,10.241363636363637,76.94723860138434
Q9ULC4,8,0,1.9668240192879958,10.825714285714286,64.62024364809407
Q9ULC4,18,0,2.0277083331125447,10.388636363636364,72.42328270536113
Q9ULC4,23,0,2.057249838314278,10.312272727272727,67.56061938888321
Q9ULC4,26,0,2.7252403105343506,8.402173913043478,26.80547996060581
Q9ULC4,46,0,1.8693517812639784,9.918095238095239,65.01795431807352
Q9ULC4,47,0,1.9935789585494081,10.20904761904762,65.59766698745314
Q9ULC4,51,0,2.9040477441483414,10.003333333333334,39.3606352931296
Q9ULC4,87,0,2.1676518455251657,9.045555555555556,41.522504642599756
Q9ULC4,99,0,2.226293308529878,8.2855,40.55608929222146
Q9ULC4,103,1,2.377016945028674,5.372,14.304325850263826
Q9ULC4,122,1,2.241536847097034,9.741249999999999,46.431114082191215
Q9ULC4,149,0,2.083542923467565,10.762916666666667,41.31072439130634
Q9ULC4,157,0,1.9342394451324534,10.8675,63.699685317426564
Q9ULC4,160,0,2.0751144154189682,9.371904761904762,51.93834626222009
Q9ULC4,178,0,2.414137778952695,7.83,34.90003641908899
Q9ULC4,181,0,2.0370338330882465,10.5625,46.692378962906936
Q9ULC6,4,0,1.8774268194150492,10.16,57.197537547276454
Q9ULC6,12,0,1.9293859336621915,10.530000000000001,71.80566522461946
Q9ULC6,35,1,1.8847980977035435,10.36,75.41594423221667
Q9ULC6,60,0,1.9715330958825432,11.135,39.8607075758264
Q9ULC6,65,0,1.9016412491604469,10.43,80.4009645500707
Q9ULC6,85,0,1.8967008260590505,10.355,80.62773190728997
Q9ULC6,88,0,2.0582412743594043,10.219999999999999,43.16638299571931
Q9ULC6,91,0,2.0397875410396047,10.399999999999999,55.969862043115825
Q9ULC6,128,0,1.870661135003274,8.795,60.32152419203676
Q9ULC6,130,0,2.0681435241581427,10.085,46.06790561069728
Q9ULC6,136,0,1.8706614438557922,10.09,65.02525743016233
Q9ULC6,137,0,1.8706927012457202,10.024999999999999,59.77827409989178
Q9ULC6,192,0,1.906187072639701,11.165,60.58893590421185
Q9ULC6,198,0,2.354237357341271,10.42,36.00114646365918
Q9ULC6,209,0,2.0173634555348943,10.105,58.74377381900344
Q9ULC6,226,0,2.321292488344318,10.285,31.20694517458725
Q9ULC6,248,0,2.030830332886903,10.21,32.94612759512222
Q9ULC6,320,0,2.0700316983609826,10.985,70.41629587356938
Q9ULC6,331,0,2.059378559932213,9.665,16.275773415161844
Q9ULC6,335,0,2.1395601299620295,10.56,62.43152908292748
Q9ULC6,364,0,2.2479568900609213,11.190000000000001,25.868119346584418
Q9ULC6,379,0,2.1721426341872707,10.315000000000001,49.009270820005945
Q9ULC6,384,0,2.0119412004768926,10.765,54.985447257605806
Q9ULC6,438,0,1.870710576737646,10.34,72.8525355265813
Q9ULC6,453,0,2.0762126847924023,9.23,43.44922450931281
Q9ULC6,486,0,1.928470769018308,10.95,45.07404968476476
Q9ULC6,500,0,1.9335444330475953,11.425,59.92982322050402
Q9ULC6,505,0,2.645984420361967,11.085,25.2527107981773
Q9ULC6,506,0,2.3741428892595025,10.22,35.81883591498055
Q9ULC6,520,0,1.921601539602507,10.165,42.11069332688098
Q9ULC6,524,0,1.927178489494814,10.18,44.13315904747636
Q9ULC6,545,0,1.9081447519634733,10.395,59.44202551118725
Q9ULC6,555,0,2.2059201986625805,11.135,41.61101647034282
Q9ULC6,575,0,1.9745687363577549,10.51,63.35823346588952
Q9ULC6,594,0,2.328380482210191,9.98,52.55377273141862
Q9ULC6,600,0,3.176229494444711,10.26,35.87486098396957
Q9ULC6,615,0,2.2180364376172417,9.61,30.87051659880361
Q9ULC6,652,0,2.4679497235575636,9.83,46.234213671796695
Q9ULC6,657,0,2.49913542950343,10.445,42.12576315414117
Q9ULH1,3,0,2.36885275702375,9.075,40.70350525499881
Q9ULH1,9,0,1.8951141662476583,10.2615,69.06429020389675
Q9ULH1,12,0,2.1138836203805935,10.186,24.357937759295886
Q9ULH1,13,0,1.9413231366930266,10.225999999999999,57.88434206122876
Q9ULH1,14,0,3.07719663328892,10.2515,49.026814651480834
Q9ULH1,18,0,2.3788442484272103,8.754999999999999,30.04269220836714
Q9ULH1,19,0,2.1080604338599205,9.867,31.620468761339232
Q9ULH1,25,0,1.9313814880342288,10.4215,65.28720408011712
Q9ULH1,31,0,2.168531190065313,10.3435,43.28548044596767
Q9ULH1,35,0,1.9715081850950937,10.4825,57.08960256842539
Q9ULH1,52,0,1.9163202625220452,10.217,53.857563135089514
Q9ULH1,57,0,1.939605798756887,10.354000000000001,63.92823618297522
Q9ULH1,61,0,2.0528474003681794,10.359,58.16604474748533
Q9ULH1,67,0,1.9656056289790036,10.721,62.96370996970707
Q9ULH1,68,0,2.2668785107966962,10.5125,42.19451985460809
Q9ULH1,100,0,2.7477131616617125,10.355500000000001,44.10585173508274
Q9ULJ3,14,0,1.88733490967364,10.443000000000001,73.46067096074611
Q9ULJ3,25,0,1.9260615635555074,10.236,56.7107117681869
Q9ULJ3,58,0,3.020127700405574,11.143,28.523444181029895
Q9ULJ3,64,0,1.8994075402960042,10.5365,61.82230718130329
Q9ULJ3,68,0,2.2294576223939853,10.72,48.90777937858708
Q9ULJ3,69,0,1.9201152787431919,10.2995,57.93300729492826
Q9ULJ3,80,0,1.9027288491942833,10.4755,79.7666099072178
Q9ULK4,14,0,2.046245227344828,10.54,55.49181636099458
Q9ULK4,34,0,2.20332503935596,10.61,69.39712721932902
Q9ULK4,36,0,1.9821907735078608,12.8,30.22784818914191
Q9ULK4,65,0,1.9040906835443248,10.56,54.40354903083698
Q9ULK4,74,0,1.930023794406122,11.53,50.26207906539528
Q9ULK4,120,0,1.9463188298754508,10.09,68.44591186868429
Q9ULK4,124,0,1.9165692377321049,10.23,53.940884062748935
Q9ULK4,132,0,2.156076720625965,10.55,65.63516819142566
Q9ULK4,139,0,2.692929986125508,10.85,51.77462502840488
Q9ULK4,144,0,2.3444796843570788,9.24,24.265236232322387
Q9ULK4,189,0,1.9377316148367525,10.72,47.085208944299566
Q9ULK4,195,0,1.912603698938623,10.16,39.3809765601462
Q9ULK4,242,0,2.066040382385685,9.78,38.15228658335784
Q9ULK4,253,0,2.1134926241991088,9.5,27.93854344253225
Q9ULK4,260,0,2.031478151167713,10.5,54.44131359252701
Q9ULK4,291,0,1.907318749257582,10.33,69.01061314816705
Q9ULK4,294,0,1.9078800523532304,10.22,62.29110643629671
Q9ULK4,320,0,1.8910834701228951,10.38,67.12857007420244
Q9ULK4,359,0,2.024232555800164,11.43,25.34011906877874
Q9ULK4,367,0,1.972932382348624,10.84,34.989160930121564
Q9ULK4,386,0,1.8706467062298888,10.4,81.72774748497505
Q9ULK4,397,0,1.9495553685881728,10.19,62.00361798356976
Q9ULK4,406,0,1.870691769246685,10.48,77.39621116399118
Q9ULK4,416,0,2.3393765908854736,10.17,56.793024768203296
Q9ULK4,435,0,2.3335632585122656,6.98,7.799265561924458
Q9ULK4,442,0,1.8942830995553688,10.45,73.27575059942036
Q9ULK4,465,0,1.908473100175234,10.44,78.67791551680887
Q9ULK4,473,0,2.780453588002072,9.36,24.031023955012568
Q9ULK4,536,0,4.427772805173871,8.91,15.395963847539328
Q9ULK4,549,0,2.036882293411142,10.21,59.10422248861767
Q9ULK4,554,1,1.9248048888880973,10.42,70.4726318293314
Q9ULK4,582,1,2.3637896441514408,10.1,39.998692215658295
Q9ULK4,594,0,1.999223982842338,10.32,70.55090984628335
Q9ULK4,673,0,2.035221169877266,10.42,54.80894538284397
Q9ULK4,713,0,2.1912680116171384,10.09,41.399809814235866
Q9ULK4,744,0,1.9370741374252465,9.82,55.81166976303818
Q9ULK4,757,0,2.442969369237683,12.36,19.35774125818038
Q9ULK4,758,0,1.9817204668195008,10.22,53.14498119891604
Q9ULK4,766,0,2.0915451514991354,10.87,45.43374568113906
Q9ULK4,768,1,1.973493251401928,10.96,46.80073118453231
Q9ULK4,795,1,2.318578663879421,9.89,35.3254095188261
Q9ULK4,845,0,2.288996868094129,11.2,26.183538521497173
Q9ULK4,856,0,1.9268737339500044,10.63,45.36885215788834
Q9ULK4,892,0,1.921575068384008,10.02,43.25534570018581
Q9ULK4,905,0,2.0146335915232063,10.77,49.00989259355196
Q9ULK4,920,0,2.164798857084011,10.61,47.53262409804832
Q9ULK4,926,0,1.8929226908162624,10.31,61.3252630448587
Q9ULK4,927,0,1.9405417760225767,10.64,58.60804719889133
Q9ULK4,931,0,1.9957172567978947,10.41,40.33706792438869
Q9ULK4,982,0,1.98025647216714,10.42,82.98081752975222
Q9ULK4,996,0,2.4943123936551115,9.88,9.775720040114138
Q9ULK4,1023,0,4.666975940171216,7.52,9.277417630361931
Q9ULK4,1025,0,2.2976226163418847,11.34,29.96038738958161
Q9ULK4,1035,0,1.974950356213014,10.46,76.71484553232042
Q9ULK4,1050,0,1.9047574894864263,10.62,57.81764212220222
Q9ULK4,1082,0,1.8707236307313424,10.58,47.68705301192634
Q9ULK4,1120,0,2.6499078826801696,9.29,28.362560275996444
Q9ULK4,1132,0,1.985590887767332,9.3,48.80094395716477
Q9ULK4,1229,0,2.3802588388262427,8.35,36.60498675161792
Q9ULK4,1240,0,1.989912925487848,10.54,59.797467267509816
Q9ULK4,1302,0,2.6954839802273765,10.2,15.980169181413128
Q9ULK4,1311,0,2.2611843163770446,10.83,51.67471583703603
Q9ULK4,1316,0,1.975096587076192,10.66,78.31666508656951
Q9ULK4,1322,0,2.0749438312322988,10.42,41.23075285956456
Q9ULK4,1326,0,2.375485303612232,10.48,71.26028801244861
Q9ULL8,28,0,2.1943265462858017,10.272499999999999,55.285996227291584
Q9ULL8,41,0,2.1482815133350823,10.72,58.4249757957419
Q9ULL8,47,0,2.106994651947664,10.074,37.41522476817899
Q9ULL8,53,0,2.0089606809400267,10.1675,47.539065999234346
Q9ULL8,80,0,1.9131404933697715,10.277,65.46981897058407
Q9ULL8,87,0,2.3943804396122053,10.2055,58.16621000834888
Q9UNA1,12,0,2.198128079002398,10.5305,52.664206258177
Q9UNA1,14,0,3.080963257363963,10.6035,39.1275874776801
Q9UNA1,20,0,1.9189908830490556,10.4885,75.77033060975717
Q9UNA1,54,0,2.1363074749204407,10.299,58.224692719090854
Q9UPV0,42,0,1.9530718033715397,10.707727272727272,62.54021747876673
Q9UPV0,49,0,1.937906787072767,10.59,70.10453370885493
Q9UPV0,63,0,2.5792741823152494,10.94590909090909,39.83753684250966
Q9UPV0,70,0,2.5879000791146374,10.285,46.28186116037614
Q9UPV0,102,0,1.9266874670462106,10.967272727272727,53.224060976493135
Q9UPV0,109,0,1.9141923706871162,10.8475,60.14827844716067
Q9Y217,8,0,1.9333858627720146,10.355,56.544626236567126
Q9Y217,13,0,1.9408877405859393,9.855,45.60918399588796
Q9Y217,23,0,1.9463804376946032,10.45,54.656332702218805
Q9Y217,44,1,2.1374531896787605,10.39,56.91850848726778
Q9Y217,58,0,1.9635842429609915,11.635,13.487282685866152
Q9Y217,73,0,1.891002253117989,10.265,65.04795216459217
Q9Y217,100,0,1.9254972318413088,10.440000000000001,72.8648564602696
Q9Y217,103,0,1.9580891111114305,10.92,52.73209083943332
Q9Y217,115,0,1.8841353713112081,10.43,82.72253607122661
Q9Y217,135,0,1.9640211438297825,10.385000000000002,69.78563751082295
Q9Y217,154,0,1.916974979684555,10.77,62.369695340021664
Q9Y217,171,0,1.9212059592564743,11.155,62.73156754380704
Q9Y217,179,0,1.9192243644536162,10.545,71.13830586019596
Q9Y217,183,0,1.9053208754819335,10.68,46.59466234141091
Q9Y217,196,0,2.0713352520275032,9.67,33.66601046172293
Q9Y217,226,0,1.9689183581857241,10.26,60.74868261815455
Q9Y217,242,0,1.9046323369674398,10.34,76.07886936950933
Q9Y217,253,0,2.1435905337579113,9.635,41.146404369308016
Q9Y217,283,0,2.263003033525326,10.455,43.06541024433753
Q9Y217,291,0,1.9508679822999562,10.48,64.42704582904128
Q9Y217,312,0,2.502870608024358,10.165,36.414298622529714
Q9Y217,323,0,2.0386789346443215,10.870000000000001,43.497182884665264
Q9Y217,362,0,2.4135456311770103,10.915,65.47710681104193
Q9Y217,370,0,4.372095632592874,9.105,16.66716349992157
Q9Y217,378,0,2.7486436906559604,10.114999999999998,16.232200179555026
Q9Y217,391,0,1.9238697847041706,10.72,58.09024073474809
Q9Y217,443,0,2.458255581204493,10.79,39.3593453857293
Q9Y217,449,0,2.283147225131305,10.875,49.37021036347228
Q9Y217,451,0,1.9003462008471788,9.825,60.39904953574877
Q9Y217,453,0,2.005515091299802,10.34,43.96654009960393
Q9Y217,466,0,1.909854885655234,10.43,78.50110275527402
Q9Y217,467,1,1.915754343348012,10.365,60.74473926487582
Q9Y217,493,1,2.008923037447879,10.145,54.61293945369109
Q9Y279,12,0,1.8827429120299355,10.47,87.69886792189806
Q9Y279,15,0,2.0172042082574806,10.32,56.798697088272284
Q9Y279,16,0,1.9431991050019533,10.45,79.13783159132502
Q9Y279,23,0,1.9253726769459787,10.62,64.23954837999189
Q9Y279,30,0,1.870637437034266,10.48,81.68235801611539
Q9Y279,36,0,3.558100300574768,10.343333333333334,36.266043810880625
Q9Y279,61,0,2.0476124266984,10.29,30.97073667694547
Q9Y279,62,0,1.921964848936305,9.96,53.09725735218183
Q9Y279,72,0,1.8903145402060986,10.423333333333334,78.28144216060271
Q9Y279,86,0,1.8706799235779643,10.49,81.17917959276542
Q9Y279,87,0,1.9112137865387189,10.46,83.89914433230467
Q9Y279,93,0,2.0144449183975883,10.13,44.567811481069896
Q9Y279,110,0,2.221445554898021,9.895,35.18423419895541
Q9Y279,118,0,1.8295485218809788,10.336,62.72508473646667
Q9Y279,129,0,1.870658851643232,10.37,68.22233519150382
Q9Y279,137,0,1.9279187028459457,10.27,62.1309179358871
Q9Y279,173,0,1.9065960524371288,10.43,75.9978424589855
Q9Y279,183,0,3.4718055593472346,7.25,10.575255370452744
Q9Y279,202,0,1.9081405471225448,10.46,83.50775424754494
Q9Y279,204,0,2.4399816016914,11.34,31.736761685645785
Q9Y279,207,0,1.8707770821580323,10.47,82.7648657597414
Q9Y279,208,0,1.870785294063122,10.46,76.56041661844239
Q9Y279,209,0,1.8706890588103304,10.47,77.78760124875092
Q9Y279,210,0,2.0619755745763,11.44,55.50281193528214
Q9Y279,215,0,1.897030206515392,10.47,79.06717848154273
Q9Y279,250,0,1.870731063082308,10.63,88.22092862609304
Q9Y279,258,1,1.870700929243908,10.38,85.55335648903707
Q9Y279,259,0,1.870640144618685,10.54,82.1995427067126
Q9Y279,263,0,1.9163097003215328,10.45,81.29309505138151
Q9Y279,276,0,2.1741648049786098,11.19,56.31998599937371
Q9Y279,277,0,1.938325710641806,9.24,49.69276357170257
Q9Y279,283,0,2.974733818808116,12.32,24.86069893987155
Q9Y279,288,0,1.870679993482991,10.46,79.06655670799671
Q9Y279,291,0,1.87065739198377,11.4,49.28098585961797
Q9Y279,293,0,1.870723731699187,11.47,55.148564638666414
Q9Y279,303,0,2.0842751315640258,10.8,51.97107274402467
Q9Y279,304,0,1.9770577056953056,9.86,38.14040743613646
Q9Y279,308,0,1.882140783135302,10.81,43.21545401846991
Q9Y279,309,0,1.9069064488070124,10.93,58.18101967246744
Q9Y279,311,0,1.911109221797997,11.37,52.71095053886854
Q9Y279,322,0,4.4745136320503365,11.07,11.19571991953672
Q9Y279,324,0,6.352165068871213,6.51,0.2515892116749825
Q9Y279,330,0,1.979168999095846,10.09,60.79588832026708
Q9Y279,351,0,1.9579175985783388,11.35,53.86473316582286
Q9Y279,370,0,1.9319766787597503,10.39,80.4475484786372
Q9Y279,372,0,3.9194648660201374,9.09,20.14902990780332
Q9Y279,378,0,1.961412451836913,10.42,77.81561378324542
Q9Y279,381,0,1.9474963138495685,9.85,43.79203444517407
Q9Y279,398,0,1.9266597094055464,10.39,76.05448930152055
Q9Y279,416,0,2.0880940645899977,11.58,41.39581737357193
Q9Y279,419,0,1.927592233140112,10.46,39.237543220555736
Q9Y279,441,0,2.009780007649874,10.75,9.477236013099631
Q9Y279,442,0,2.2163169370198883,10.15,53.9920331181402
Q9Y279,443,0,1.870741828145157,10.46,83.60641989182176
Q9Y279,464,0,2.028713064112227,6.86,6.818794129693169
Q9Y279,481,0,2.17752060443442,10.65,23.50683613079172
Q9Y279,483,0,1.8865161670663408,9.37,44.755750716586206
Q9Y279,484,0,1.9206586856975632,10.29,75.74137723371277
Q9Y279,499,0,1.8706750207206613,10.49,84.37368844761411
Q9Y279,500,0,2.220447879193333,10.63,76.07824759596332
Q9Y279,505,0,1.9524796233381576,10.93,36.455433851337645
Q9Y279,509,0,2.0572457164147773,10.850000000000001,56.53593776938453
Q9Y279,511,0,1.9348217297444448,10.87,37.7944068202364
Q9Y279,513,0,1.9177779245008937,10.59,78.50885856213756
Q9Y279,516,0,3.1910051234279653,11.55,37.68625094815188
Q9Y279,522,0,2.1547099656269,10.35,62.53294362077618
Q9Y279,525,0,2.731500823044963,10.6,45.608562222341945
Q9Y279,528,0,1.8706969246833007,10.44,80.2559767766152
Q9Y279,530,0,2.3336419034556624,10.66,59.91776408620352
Q9Y279,535,0,3.76769843835179,9.38,1.3362240753268586
Q9Y279,538,0,1.973702837194672,10.48,86.36477096659706
Q9Y279,542,0,2.0704795284410844,11.41,39.48301287154092
Q9Y279,556,0,1.9561288753628423,9.5,47.730937134306174
Q9Y279,569,0,2.1766930532176,10.66,67.82606909314632
Q9Y279,579,0,2.2814212811413035,11.5,54.80832360929795
Q9Y279,592,0,1.981254980565866,10.11,38.714860742814736
Q9Y279,594,0,1.8995955346368136,10.4,75.28784251927422
Q9Y279,597,0,1.9011429577667884,10.47,83.20102353981477
Q9Y279,599,0,1.8707521395415376,10.44,87.53530875437055
Q9Y279,610,0,2.394739727545039,10.0,25.363255589675493
Q9Y279,618,0,1.890500353347509,10.47,80.14906445162272
Q9Y279,619,0,1.8706441108290823,10.25,84.56588192318216
Q9Y279,620,0,2.048896493942628,10.355,74.11167604466306
Q9Y279,631,0,2.093003256915724,11.76,43.947968705531935
Q9Y279,642,0,1.8706453018182296,10.42,79.14483472494865
Q9Y279,646,0,2.004434545628313,11.05,24.737653227605943
Q9Y279,661,0,2.014111190630166,10.38,42.75979218400549
Q9Y279,669,0,2.428293758758856,10.22,47.00843627382747
Q9Y279,670,0,2.23717821970318,10.34,76.51227825601083
Q9Y279,671,0,2.204802787269039,11.38,55.511320415385605
Q9Y279,673,0,2.080285556900204,11.47,63.4930274256826
Q9Y279,675,0,1.9062297499137144,10.46,77.57590371879182
Q9Y279,683,0,2.574741953820796,10.74,40.18113366403082
Q9Y279,685,0,1.905900862754583,10.39,73.79506241004347
Q9Y279,687,0,2.3472004181233013,10.5,37.92596101260547
Q9Y279,697,0,1.9351209520439778,10.605,55.756217380209975
Q9Y279,699,0,1.8926166792114405,10.77,70.20703635040917
Q9Y279,700,0,1.9695734867359864,11.87,34.236520415122484
Q9Y279,702,0,2.173009853081714,11.19,45.27718964723516
Q9Y279,703,0,1.937179036206764,11.32,47.77357770959395
Q9Y279,709,0,1.8831153947084207,10.44,74.27235541892477
Q9Y279,711,0,1.93213123984708,10.495000000000001,64.09837306012119
Q9Y279,712,0,1.975291584826712,11.14,62.7550149514768
Q9Y279,713,0,1.925739272851144,10.4,68.68500015959185
Q9Y279,715,0,2.3335796678738783,10.37,62.10104008075454
Q9Y279,719,0,1.8706163221880263,10.47,80.02326984578522
Q9Y279,727,0,1.9119268662560645,10.54,68.44103585508653
Q9Y279,732,0,1.8706791805261327,10.45,78.8387257907645
Q9Y279,742,0,1.9420771059257216,11.59,51.110636331099286
Q9Y279,749,0,2.2580699473875234,10.79,55.02152648573688
Q9Y279,751,0,2.10980829672569,10.34,59.45935335816721
Q9Y279,752,0,1.9636480850821407,10.42,78.36418167545506
Q9Y279,755,0,1.9201488139277856,10.42,69.72823799504799
Q9Y279,759,0,1.921257223043054,10.39,64.94954831970317
Q9Y279,760,0,1.9362143097241584,10.55,74.89432531448861
Q9Y279,796,0,1.8707244081090992,10.47,77.6240420812234
Q9Y279,797,0,2.206670989765221,10.38,56.65685636162427
Q9Y279,833,0,1.870727840706635,11.05,57.47226327984819
Q9Y279,850,0,1.906869654765044,10.45,84.06757951342996
Q9Y279,857,0,2.1962042408396285,11.15,51.51665445665229
Q9Y279,862,0,1.8706890089951835,10.24,48.75404914182525
Q9Y279,872,0,1.9059084225545848,10.49,77.5290089034523
Q9Y279,879,0,1.8978793316509888,10.63,71.0443362424378
Q9Y279,897,0,2.1878893512002,10.41,78.67029060963921
Q9Y279,916,0,1.87076968363408,10.48,81.83191091639564
Q9Y279,918,0,1.903113356493357,10.32,53.397453983524855
Q9Y279,924,0,2.219035329236368,10.37,70.63406387683305
Q9Y279,939,0,1.9048043893410247,11.72,67.11030956690345
Q9Y279,943,0,2.0515302166232,11.49,59.76182982584565
Q9Y279,945,0,1.944418105605049,10.27,45.830011779496544
Q9Y279,954,0,1.909325518859767,10.32,55.4896892409687
Q9Y279,955,0,1.8874727752977083,10.45,88.20692235884579
Q9Y279,961,0,2.991033256448908,11.61,46.61766796261376
Q9Y279,962,0,2.404142642051968,11.47,51.09175405025427
Q9Y279,966,0,1.8871668265484725,10.47,84.15073354397965
Q9Y279,977,0,2.001109612231727,11.48,53.766329320933856
Q9Y279,990,0,1.903915378663812,10.42,79.42505824466417
Q9Y279,1002,0,1.9289820241586684,10.58,39.088873893209296
Q9Y279,1005,0,1.96966506708762,10.27,53.28203317842891
Q9Y279,1013,0,1.981149825685696,10.4,68.95547165211185
Q9Y279,1016,0,1.9026523389149443,10.35,47.70230282626564
Q9Y279,1019,0,2.2003992188543555,10.31,48.06230970941294
Q9Y279,1048,0,1.870723933790979,10.47,85.27100584929569
Q9Y279,1050,0,1.908731490786582,10.44,85.24024442122928
Q9Y279,1064,0,1.9858624383041017,10.32,54.4903355278924
Q9Y279,1074,0,2.0429178844245883,11.53,57.06287448717728
Q9Y279,1078,0,2.1991392977311888,11.43,42.38329193942684
Q9Y279,1082,0,2.0357928182684386,10.42,70.32307892905114
Q9Y279,1087,0,1.953038512687188,10.335,71.48874070322685
Q9Y279,1100,0,1.906108313478992,10.45,81.25045447609374
Q9Y279,1101,0,1.942111280881452,11.28,40.83874100125881
Q9Y279,1165,0,1.9052288252743463,10.25,47.10772369165029
Q9Y279,1182,0,1.870719197571083,10.45,81.24070244889822
Q9Y279,1207,0,1.87071238729853,10.46,87.97421542801581
Q9Y279,1211,0,1.8706748593687,10.43,77.59265887961098
Q9Y279,1215,0,2.15302400660927,10.42,66.71767593505169
Q9Y279,1220,0,1.8706518689077505,10.32,62.36938445324866
Q9Y281,13,0,1.97342292100863,11.035238095238096,60.8609844263774
Q9Y281,19,1,2.1911234906252717,9.538048780487806,38.87055954335736
Q9Y281,22,0,1.992753429837675,10.801904761904762,33.25852672709715
Q9Y281,30,0,2.040294841374379,11.090238095238096,53.140437888706956
Q9Y281,31,0,2.040227699461692,11.131666666666666,43.739383159962344
Q9Y281,33,0,2.6489968036428215,10.183571428571428,34.10857609347863
Q9Y281,34,0,3.2945292429747886,10.000243902439024,15.352089303185876
Q9Y281,44,0,2.153577301503179,10.190833333333334,42.59923825528375
Q9Y281,53,0,2.1263290906055716,10.709761904761905,45.7993944969264
Q9Y281,73,0,1.9556391979953165,10.33904761904762,59.82563719330293
Q9Y281,92,0,2.0442512177934873,9.950833333333334,53.31312640085831
Q9Y281,95,0,2.199002810283866,9.561851851851852,37.926044642965465
Q9Y281,96,0,2.5863301876372775,10.332941176470587,27.338141196533876
Q9Y281,112,0,2.0685937317077725,9.851891891891892,64.99468483374896
Q9Y281,114,0,2.6072360314076732,10.122857142857143,26.825988609169407
Q9Y281,121,0,2.7584163078186705,9.408857142857142,24.48172282108257
Q9Y281,125,0,2.2846387099846455,10.006,32.52504127855519
Q9Y281,126,0,1.9520244030520435,9.98875,49.96436571032862
Q9Y281,127,0,1.9826611170666595,10.13175,37.35215893190434
Q9Y281,132,0,2.0560375836962033,9.879428571428571,31.629008797618912
Q9Y281,144,0,2.039638116888198,11.032142857142858,54.76383875082289
Q9Y281,152,0,2.109141025947827,9.338571428571427,23.96342283392673
Q9Y281,164,0,2.2180828862871245,10.86047619047619,33.91130480061806
Q9Y2H2,17,0,1.9358710513176214,10.4725,66.61779128737543
Q9Y2H2,25,0,2.277204931989762,9.76,40.45603938368167
Q9Y2H2,69,0,2.1929659288668497,10.493333333333334,62.25963596822169
Q9Y2H2,83,0,2.681021256746557,10.03,31.318643519637938
Q9Y2H2,95,0,1.8959898274353695,10.2725,74.36504058343655
Q9Y2H2,97,0,1.9080563006629312,10.337499999999999,67.02759732282065
Q9Y2H2,108,0,1.8782606298375222,10.9525,63.287735799493724
Q9Y2H2,129,0,2.1202304455061562,9.9725,35.88135688127933
Q9Y2H2,143,0,3.5825614334618843,9.01,8.351400470792866
Q9Y2H2,155,0,2.317061494476523,9.9275,32.99348874062126
Q9Y2H2,156,0,1.9054281147567018,10.336666666666666,73.56927134637452
Q9Y2H2,160,0,1.8911958727230624,10.61,62.33261800172461
Q9Y2H2,163,0,2.03396413016465,10.6975,45.10022144231381
Q9Y2H6,12,0,2.0341329693457233,10.5625,64.91273850765552
Q9Y2H6,17,0,1.9315291447480587,10.4575,62.6751448669978
Q9Y2H6,18,0,2.1809026616262877,10.3855,66.9024801228991
Q9Y2H6,22,0,2.2906074995173933,10.2675,47.6118216853499
Q9Y2H6,23,0,2.0999528255715183,10.591249999999999,39.47698903125227
Q9Y2H6,24,0,2.2333328519000153,10.3655,62.826482911853624
Q9Y2H6,27,0,2.008453052820177,10.756499999999999,54.29206503403507
Q9Y2H6,29,0,1.9326563941343782,10.33,76.17951814414872
Q9Y2H6,30,0,2.0089221055449533,10.518,45.18965538567835
Q9Y2H6,31,0,2.2297129976885293,10.374500000000001,64.80724235372642
Q9Y2H6,36,0,2.385855084618853,10.3125,50.07919092181733
Q9Y2H6,39,0,2.045481932551784,10.053,61.919799637073524
Q9Y2H6,43,0,1.8960212300619124,10.439,78.7982221529796
Q9Y2H6,47,0,1.990705209504745,10.523,73.37149718052322
Q9Y2H6,52,0,2.2870580571367602,10.189499999999999,42.98460586329332
Q9Y2H6,53,0,2.07956659904658,10.9825,53.060416724164575
Q9Y2H6,56,0,2.12707650304645,10.389999999999999,67.53709165640127
Q9Y2H6,58,0,1.9949202968311461,8.9085,31.4427135220083
Q9Y2H6,59,0,1.9237446961245055,11.013,47.31097819135286
Q9Y2H6,65,0,1.9827342070971483,10.7165,67.08509501336604
Q9Y2H6,66,0,1.899032214429494,11.018,58.16274771144523
Q9Y2H6,69,0,1.9131844427447677,10.392,60.03013001969309
Q9Y2H6,72,0,1.9122939908630792,10.367,77.53118020212486
Q9Y2H6,73,0,2.1081634375127996,10.187000000000001,55.69144984791465
Q9Y2H6,74,0,2.077427470003128,10.132,61.621639586801415
Q9Y2H6,76,0,2.078683284013294,10.7,47.39384424257598
Q9Y2H6,78,0,2.7657327704112076,10.655,49.40054636753351
Q9Y2H6,79,0,1.8706931429095828,10.431999999999999,73.39074270801879
Q9Y2H6,80,0,3.7746158145536377,10.126000000000001,20.38113797253369
Q9Y2H6,87,0,2.3764453762253175,10.4265,49.8362361812012
Q9Y2H6,89,0,1.9189217551271873,10.252500000000001,59.669601174016364
Q9Y2H6,90,0,2.210323658717796,10.278,62.62573023255071
Q9Y2H6,96,0,1.9548995731936856,10.267999999999999,55.8922123446946
Q9Y2H6,98,0,3.6001411880960896,10.222,29.45436844287402
Q9Y2H6,107,0,1.9512669549876853,10.628,57.55251133719332
Q9Y2H9,13,0,1.9257999900344747,10.3415,70.02117187504116
Q9Y2H9,21,0,2.0751337984715006,10.374500000000001,51.95505062149137
Q9Y2H9,59,0,2.381816094328933,11.042,33.762908960132094
Q9Y2H9,79,0,2.082456480437714,10.857,60.780131269613925
Q9Y2H9,101,0,2.1261309931227084,10.4875,58.9866271123568
Q9Y2H9,102,0,2.2807292855382757,10.122,52.95286953565669
Q9Y2Q3,49,0,1.932992058042691,10.345384615384615,69.94450191048273
Q9Y2Q3,54,0,1.9976160872908535,10.284545454545453,68.28779991341881
Q9Y2Q3,62,0,2.0545222395133136,7.715999999999999,36.199819474075255
Q9Y2Q3,71,0,2.110694577365139,9.83,56.853143179703636
Q9Y2Q3,85,0,1.8968201302019418,10.458461538461538,77.90590184711264
Q9Y2Q3,94,0,1.9627302968471982,11.126153846153844,45.97089760965957
Q9Y2Q3,116,1,2.1529861507639967,10.172307692307694,49.37903224765057
Q9Y2Q3,144,1,1.9240226154082736,10.113076923076923,47.094913142760774
Q9Y2Q3,158,0,2.2322757894851106,11.095384615384615,41.27352936914986
Q9Y2Q3,163,0,1.969178922250014,10.330769230769231,63.723196916292366
Q9Y2Q3,165,0,2.197182598113194,9.959999999999999,46.31717009415465
Q9Y2Q3,169,0,2.025700948927592,10.539230769230768,58.36861655493817
Q9Y2Q3,213,0,2.024849026789161,10.117692307692307,65.31893466937873
Q9Y3A5,21,0,1.9343262376418981,10.0545,56.82532263142684
Q9Y3A5,23,0,1.9266332272870208,10.471,48.15066536654898
Q9Y3A5,25,0,2.1313082532253067,10.302,42.11168652830844
Q9Y3A5,27,0,2.0401640418882736,10.247499999999999,49.13976963359295
Q9Y3A5,33,0,2.1973416876590512,9.741,25.408167274652435
Q9Y3A5,35,0,2.1965430809543363,10.2265,44.102537518457815
Q9Y3A5,37,0,2.2040573855998002,10.477500000000001,41.55055717422296
Q9Y3A5,45,0,1.9879506343353792,10.368,27.28522307027948
Q9Y3A5,47,0,1.936024146934391,10.978,35.61589393829716
Q9Y3A5,62,0,1.9490727836495307,10.306000000000001,60.502412842790406
Q9Y3A5,64,0,1.9066377653623725,10.2755,61.23044748782871
Q9Y3A5,67,0,2.0639917302743034,10.504999999999999,67.91752052804308
Q9Y3A5,68,0,2.098925086511284,10.5455,62.455694802667516
Q9Y3A5,69,0,2.1169634997145144,10.852500000000001,58.683967385106904
Q9Y3A5,70,0,1.9895712408221822,10.613,68.15772310259499
Q9Y3A5,85,0,2.323191903562241,10.3415,38.91634646040349
Q9Y3A5,87,0,2.2513009214694764,11.036,47.925390265840164
Q9Y3A5,90,0,1.9685851126973812,10.073,54.853796526712486
Q9Y3A5,92,0,1.9867625428387292,9.944500000000001,46.01444290321635
Q9Y3A5,98,0,1.966143330050058,10.4,69.92712371746666
Q9Y3A5,100,0,1.9443359557108963,10.061,52.88436645334669
Q9Y3A5,118,0,2.4366785116986875,9.8505,34.96384492932139
Q9Y3A5,120,0,2.359178832012071,10.9465,38.37038347210244
Q9Y3A5,125,0,2.1041094861177205,10.494499999999999,50.86578027242926
Q9Y3A5,127,0,2.0211832362264452,10.3245,53.21281505654099
Q9Y3A5,138,0,1.9978743347597772,10.484,63.84187838241731
Q9Y3A5,140,0,1.9852244568223774,10.606,62.393897057177526
Q9Y3A5,145,0,2.2325350497508785,10.1515,52.02079826524478
Q9Y3A5,147,0,2.053483475484872,10.429,51.97821495857306
Q9Y3A5,148,0,2.085537212762005,10.118500000000001,36.633689781997745
Q9Y3A5,150,0,2.0419646301522087,10.069500000000001,44.553199802738355
Q9Y3A5,151,0,1.9159275613075721,10.175999999999998,64.19930817784098
Q9Y3A5,153,0,2.072037541154632,10.104000000000001,41.92209468415665
Q9Y3A5,159,0,2.00143358409458,10.431000000000001,65.74651801604134
Q9Y3A5,161,0,2.065735262205603,10.5855,57.06627460672631
Q9Y3A5,162,0,2.1123037331885635,10.218,52.47260837621619
Q9Y3A5,164,0,2.1172615217658044,10.22675,44.88423612925642
Q9Y3A5,166,0,2.0764208434873876,10.6525,45.29013399071566
Q9Y3A5,168,0,1.968445822927679,10.574,67.1255250200731
Q9Y3A5,184,0,1.983668124386724,10.506,66.01693714868378
Q9Y3A5,185,0,2.060102510663482,10.3625,54.90475741379377
Q9Y3A5,186,0,2.0538320811905515,10.5015,66.16129496736241
Q9Y3A5,187,0,2.2912377077091404,10.747499999999999,41.726430730454084
Q9Y3A5,189,0,2.2155635859818217,10.23675,45.43623768406167
Q9Y3A5,191,0,2.0644043091974416,10.532,46.44483864238889
Q9Y3A5,193,0,2.199891465413762,11.2265,33.85430476265894
Q9Y3A5,195,0,2.1040902657658083,10.372499999999999,63.843297007849955
Q9Y3A5,197,0,2.072004582256206,10.3065,39.788652203073205
Q9Y3A5,225,0,3.350597232548199,9.8195,13.520786462519752
Q9Y3A5,226,0,2.104281763437888,10.393,55.440466047323945
Q9Y3A5,227,0,2.029413365177724,10.8385,48.428490149373786
Q9Y3A5,228,0,1.9344843238984093,10.515,59.87208009303257
Q9Y3A5,229,0,2.6277854907542917,9.178999999999998,12.9224374167201
Q9Y3A5,231,0,2.0582801868789837,10.38025,59.2001441480611
Q9Y3A5,233,0,2.0141717146073987,10.618500000000001,40.90140268472854
Q9Y3A5,240,0,1.9353452913772855,10.0465,52.31191754823125
Q9Y3A5,242,0,1.905124418251193,10.352500000000001,60.67259553482925
Q9Y3A5,248,1,1.8983749918407846,10.4505,66.940139964834
Q9Y3A5,250,0,1.920369443340213,10.66,61.91547831092866
Q9Y3D6,16,0,1.9692782024605338,10.467272727272727,59.07526539383195
Q9Y3D6,19,0,2.0381205216104545,10.34695652173913,63.826343576679236
Q9Y3D6,20,0,2.1992907594886457,10.625,50.96015225799651
Q9Y3D6,22,0,1.93543488402712,10.36,68.01463010220866
Q9Y3D6,23,0,2.037094675499484,10.74,48.91973542937863
Q9Y3D6,25,0,2.103334773634688,10.27818181818182,54.998968600987034
Q9Y3D6,28,0,2.0368620642574458,10.22,61.009402083479024
Q9Y3D6,32,0,2.0380992574844656,10.464545454545455,46.59426071735008
Q9Y3D6,35,0,2.0085096990613582,11.03,33.037348319308485
Q9Y3D6,46,0,1.9578968852873286,10.557272727272727,52.73873697389176
Q9Y3D6,53,0,2.182421439450181,10.201818181818181,51.48374508360872
Q9Y3D6,56,0,2.100199096771151,10.31,45.18428358948994
Q9Y3D6,64,0,1.9109023435209422,10.362272727272726,53.445556646039904
Q9Y3D6,67,0,1.925269959380794,10.331304347826087,73.36548803087956
Q9Y3D6,70,0,1.9175784182363056,10.3,80.86881641852952
Q9Y3D6,85,0,1.9645334930282663,10.669545454545455,66.52485324845499
Q9Y3D6,88,0,2.0292311927930173,10.75,69.40475212649868
Q9Y3D6,89,0,2.193844272739013,10.67590909090909,52.499746857754616
Q9Y3D6,92,0,1.9560215132363765,10.275217391304349,65.98497058973985
Q9Y3D6,95,0,1.9745184695270364,10.09,64.78661092572167
Q9Y3D6,108,0,2.089077768196002,10.321363636363635,51.2037342758958
Q9Y3D6,111,0,2.340414657039362,10.8,36.91747704587968
Q9Y3D6,116,0,1.9714375847791847,10.153636363636364,61.54169825123904
Q9Y3D6,119,0,1.9486627453652197,10.69086956521739,65.07877761968277
Q9Y3D6,120,1,1.918425880760304,10.381428571428572,66.23150979691958
Q9Y3D6,122,0,1.9194109394973105,10.43,78.0580727412709
Q9Y3D6,123,0,1.974150002386084,10.74,71.06020783032312
Q9Y4F3,21,0,2.078036973553427,10.2605,46.74198994689488
Q9Y4F3,24,0,1.8922738744098784,10.4695,77.26105886628605
Q9Y4F3,40,0,2.194462512320414,10.0285,58.775742796746066
Q9Y4F3,64,0,2.0602821970354834,10.367,66.33586279914688
Q9Y4F3,83,0,1.894497008697913,10.244,49.445839297868936
Q9Y4I1,4,0,1.979811390235108,10.13,50.51579539709614
Q9Y4K3,6,0,1.931253954554944,10.6104,61.577559114880735
Q9Y4K3,25,0,1.8936483131073782,10.438500000000001,61.734704197407176
Q9Y4K3,30,0,2.1381373553258722,10.5704,51.72412719899077
Q9Y4K3,35,0,1.944154709613572,10.613599999999998,64.85760830169893
Q9Y4K3,43,0,2.1496271710127837,10.3174,54.22285902036883
Q9Y4K3,49,0,2.3368715614885867,10.313500000000001,38.93026109786501
Q9Y4K3,54,0,2.071350412051588,10.4905,62.47720162237522
Q9Y4K3,62,0,2.524182321139481,10.232,40.028720605438856
Q9Y4K3,63,0,1.8260496649047815,10.468600000000002,75.6996739002333
Q9Y4K3,82,0,1.8882998631564738,10.437999999999999,69.30425388650727
Q9Y4P9,33,0,1.9046520447782318,10.416500000000001,73.92887625837847
Q9Y4P9,51,0,2.186312536451781,10.285,53.424528948961814
Q9Y4P9,56,0,1.896173768320632,10.053,72.81070980188805
Q9Y4P9,72,0,3.13570810446432,10.101,20.322112028062023
Q9Y4P9,82,0,1.972943306957033,10.3195,49.579433889216666
Q9Y4P9,85,0,1.9930431184094566,10.118500000000001,62.28113351586774
Q9Y4P9,98,0,2.301716523071937,10.296000000000001,54.251785561976
Q9Y4P9,126,0,1.9000853404528697,10.3295,70.5230298477289
Q9Y530,15,0,1.9161628573861975,10.545,71.09342690014248
Q9Y530,18,0,1.9175603620918473,10.483571428571429,72.6063989104891
Q9Y530,23,0,1.8828985829112053,10.439499999999999,78.57690185927274
Q9Y530,26,0,1.918408109800298,10.552142857142858,68.70137197130744
Q9Y530,46,0,2.3016154923321257,10.120999999999999,51.16238916132866
Q9Y530,47,0,1.944592286897565,10.2655,58.920773112602106
Q9Y530,48,0,1.9366931410677775,9.678999999999998,42.89732194740108
Q9Y530,49,0,2.3481251558701497,10.162857142857144,48.86401345551418
Q9Y530,50,0,1.9461511470360964,10.15857142857143,62.15606158542365
Q9Y530,51,0,1.931979883820642,10.065714285714286,49.65168833858767
Q9Y530,60,0,1.9431783117181722,10.243500000000001,37.6343492195207
Q9Y530,61,0,2.1557196013739346,10.554,62.109263854023766
Q9Y530,63,0,2.165120549836907,10.492857142857142,24.684917792591005
Q9Y530,64,0,2.234926198855729,10.618095238095238,57.36186652967048
Q9Y530,69,0,1.9617200434386344,10.556000000000001,49.24448775246643
Q9Y530,72,0,1.9393576742166776,10.86547619047619,56.75093506246068
Q9Y530,81,0,2.3962156198442335,9.869,21.940438033711857
Q9Y530,82,0,2.1726167880432476,10.574,51.95126107535297
Q9Y530,84,0,2.5015739170126694,9.981428571428571,30.220908167870704
Q9Y530,85,0,2.195748340603437,10.62904761904762,55.98180274435994
Q9Y530,87,0,1.9369966956280362,9.951,49.05490572579168
Q9Y530,90,0,1.9917518551737654,10.18547619047619,59.0168975886546
Q9Y530,95,0,2.0541058326554786,10.6775,56.832756097794174
Q9Y530,98,0,2.054186605533204,10.755238095238095,47.956247453265966
Q9Y530,101,0,2.8923548987466576,10.163,31.77384229643519
Q9Y530,104,0,3.008266125542,10.391428571428571,29.417648429574722
Q9Y530,106,0,1.9310778328256688,10.358,65.21098609709793
Q9Y530,109,0,1.908415031194402,10.355714285714285,68.92513253139126
Q9Y530,143,0,2.1059324889566033,10.3365,50.44041026337938
Q9Y530,146,1,2.2741122841608954,10.89809523809524,38.554168901915496
Q9Y5A7,27,0,1.9680022041828682,10.3185,66.38323048963062
Q9Y5A7,28,0,1.8952782027689277,10.4185,67.54454312147651
Q9Y5A7,31,0,1.8991039083318833,10.6965,58.63100373270896
Q9Y5A7,48,0,2.1213335497597354,9.812000000000001,43.67717650876188
Q9Y5A7,61,0,2.835065688791673,10.1155,44.03741410261969
Q9Y5A7,66,0,1.8706852695158633,10.4405,78.35696092109033
Q9Y5A7,67,0,1.9616662728139727,10.296000000000001,64.3670675892965
Q9Y5A7,73,0,2.2102962770375387,10.565000000000001,53.58298139218108
Q9Y5A7,85,0,1.9488216553166962,10.4645,58.91262133416451
Q9Y5A7,92,0,1.881402824052056,10.433499999999999,77.35459324256199
Q9Y5S2,4,0,1.9294970227426176,10.4025,77.58352862596148
Q9Y5S2,8,0,1.9691339991080956,10.93,59.74194943483466
Q9Y5S2,9,0,1.911097150351918,10.247499999999999,54.41624630114524
Q9Y5S2,50,0,1.9999886132910158,10.385,71.55063989597961
Q9Y5S2,60,0,2.3937106903312264,10.6425,54.78188187113024
Q9Y5S2,67,0,2.0845475359436394,9.31,36.21838268691639
Q9Y5S2,80,0,2.2157995170320723,10.280000000000001,56.2334858453987
Q9Y5S2,94,0,2.5966143429805038,11.14,37.68631639799884
Q9Y5S2,96,0,2.027579744875508,10.4775,54.79682079869652
Q9Y5S2,105,0,3.19480893462422,12.555,19.243204026018255
Q9Y5S2,109,0,4.1761295146315724,7.75,2.601705047331866
Q9Y5S2,114,0,1.904743845348804,10.3925,64.94216884945959
Q9Y5S2,167,0,1.9040046781416655,9.48,38.80220356356922
Q9Y5S2,171,0,2.091593514587483,10.905,47.76466834917792
Q9Y5S2,202,0,2.8612994097872195,11.3125,29.52848384955996
Q9Y5S2,224,0,1.9415727498533832,10.0025,50.5100521730263
Q9Y5S2,257,0,1.917498820977675,10.325,44.58569565174893
Q9Y5S2,292,0,2.3338003624248884,10.17,33.25033030251396
Q9Y5S2,314,0,2.453492806612871,10.4775,32.60710556915319
Q9Y5S2,337,0,2.224833346716267,10.55,42.277287731060795
Q9Y5S2,338,0,1.9061110567127828,10.675,61.603138551314885
Q9Y5S2,416,0,1.9173212730658242,10.395,71.85408993013144
Q9Y600,35,1,2.2110856550214755,10.575,29.802702345817835
Q9Y600,42,0,2.060763954663599,10.315,60.11361457196989
Q9Y600,47,1,2.2524170480575503,11.58,22.81013069124211
Q9Y600,53,0,2.1267639700970196,11.0025,32.73930607876089
Q9Y600,68,0,1.968698063103052,11.3575,66.60934825711891
Q9Y600,83,0,3.995342651363554,7.6675,15.019578140192838
Q9Y600,134,0,2.7119367404688597,10.05,31.206699737661197
Q9Y600,172,0,2.738173120415999,9.5275,36.280216429822204
Q9Y600,188,0,2.147133237069269,10.365,51.89616539419064
Q9Y600,196,0,2.7974104887761975,7.385000000000001,16.055101074939767
Q9Y600,212,0,2.2292681953232227,10.39,58.61423220942808
Q9Y600,218,0,2.51302187989124,10.6125,20.80785624843074
Q9Y600,305,0,5.086337565414227,8.79,18.162978845804616
Q9Y600,326,0,2.2083943767731253,9.66,25.088996187263277
Q9Y600,341,0,1.9528864234297165,10.1175,38.571934639538135
Q9Y600,352,0,3.4886440244582206,10.52,19.014530442006567
Q9Y600,364,0,7.0975507767130255,9.49,10.543054045753443
Q9Y600,370,0,3.449480729822349,7.17,5.577603232137402
Q9Y600,396,0,1.9440659400165723,11.287500000000001,34.902194445987035
Q9Y600,397,0,1.9151577307145802,10.8275,53.68364162054367
Q9Y600,424,0,2.15500381619825,10.0,32.48162185008871
Q9Y600,436,0,1.9911759323054088,10.425,68.18000550298903
Q9Y600,442,0,3.0240909513639296,8.370000000000001,15.160221680057061
Q9Y600,447,0,2.0221540244747116,10.469999999999999,38.334818025269925
Q9Y616,65,0,1.9380243430116877,10.931999999999999,57.044563256246896
Q9Y616,71,0,3.95507183396939,8.57,1.0431952930556183
Q9Y616,84,0,4.1231167749647115,7.725499999999999,0.6904386167041754
Q9Y616,86,0,2.281026065722941,9.7895,26.686946019311467
Q9Y616,119,0,1.90636556704944,10.468,66.59265363740819
Q9Y618,10,0,2.276691835064888,9.9065,47.203237925796465
Q9Y618,11,0,2.1520935288444765,10.628499999999999,59.67515622977622
Q9Y618,30,0,1.9156451990920593,10.398,66.46961937886581
Q9Y618,36,0,2.3081635326728622,10.2715,53.009593281761894
Q9Y618,43,0,1.9357975715913933,10.331,60.0986200120337
Q9Y618,44,0,1.9132424351636435,10.403,63.94707919391205
Q9Y618,56,0,1.9851605979220395,10.695,64.44761180719908
Q9Y618,58,0,2.1114200634828806,10.294500000000001,54.83865470462065
Q9Y618,61,0,1.9397701522650266,10.3235,64.1766347146114
Q9Y618,68,0,1.9618106462080938,10.376999999999999,67.01232296478875
Q9Y618,69,0,1.894908315037067,10.399,70.04680530759904
Q9Y618,70,0,1.8790311299932685,10.398,70.5619119655556
Q9Y618,71,0,1.8264686388565938,10.445,77.65360250459825
Q9Y6M1,4,0,2.069644096758561,10.373000000000001,38.640486809233344
Q9Y6M1,27,0,1.985438410830638,10.386,72.85550367714049
Q9Y6M1,37,0,1.980453601038383,10.515,43.06367255090101
Q9Y6M1,61,0,1.9123582670106174,10.373000000000001,62.03121000279763
Q9Y6M1,67,0,2.2609638865560826,10.2805,52.63773179508581
Q9Y6M1,77,0,1.888211789495644,10.3995,72.80133411131249
Q9Y6M1,78,0,1.8950182794188248,10.385,71.66464862062762
Q9Y6N7,13,0,1.9897014202674574,10.446666666666667,58.47256056155135
Q9Y6N7,41,0,4.094165528152852,8.875,25.951584263907133
Q9Y6N7,44,0,2.222269846360614,9.8596875,32.941251581524455
Q9Y6N7,55,0,2.3619312360365634,9.99,47.95129858775523
Q9Y6N7,57,0,2.2878153746766547,9.409032258064517,54.10976578073325
Q9Y6N7,70,0,2.363713670587367,10.154333333333334,54.97238237732385
Q9Y6N7,90,0,1.9681330763114462,9.961666666666666,32.78392651191891
Q9Y6U3,15,0,1.8964821398734486,10.525,59.13072967663233
Q9Y6U3,26,0,1.8807806052383176,10.58,73.24454738488706
Q9Y6U3,53,0,1.9432703917724976,10.39,68.33274908330812
Q9Y6U3,68,0,1.934342525567567,10.125,61.51151694681606
Q9Y6U3,92,0,1.942532849578142,9.875,51.999887039144305
Q9Y6U3,112,0,1.8707222884249823,10.21,65.50955357266729
Q9Y6U3,116,0,2.534666716050867,10.855,22.003993107592443
Q9Y6U3,118,0,2.462448637659149,10.309999999999999,27.446180606390737
Q9Y6U3,137,0,1.9860529939768115,10.365,72.14147202685709
Q9Y6U3,143,0,1.9314503490008625,11.565,36.65143978049053
Q9Y6U3,162,0,2.947373493635196,10.905000000000001,32.82046388897863
Q9Y6U3,184,0,1.888829502479173,10.24,78.96514217014801
Q9Y6U3,189,0,2.7255927663318005,10.455,44.261211673033614
Q9Y6U3,203,0,2.0033656759070104,10.280000000000001,65.36288046565281
Q9Y6U3,222,0,1.9710726791311974,10.465,73.54866009873925
Q9Y6U3,227,0,2.0694288516062125,10.51,24.744345474456566
Q9Y6U3,247,0,1.945329217576305,10.46,39.00784698268546
Q9Y6U3,250,0,3.739233073351947,7.015,10.146411610775996
Q9Y6U3,291,0,2.160769797183658,9.57,40.852616368812164
Q9Y6U3,297,0,3.4942272941427115,8.504999999999999,9.99167181012496
Q9Y6U3,299,0,1.957979403685747,11.465,52.587593939829915
Q9Y6U3,307,0,2.0284153683794717,10.46,57.111765522848756
Q9Y6U3,311,0,2.0646230474110627,10.74,62.004190669730576
Q9Y6U3,324,0,1.9758138345619116,9.865,79.01966189265718
Q9Y6U3,341,0,2.228219740645611,10.54,32.83052680294716
Q9Y6U3,345,0,1.9097694726478405,10.344999999999999,53.675730370293614
Q9Y6V0,17,0,1.9913230805414426,10.702,55.73081629460877
Q9Y6V0,23,0,1.907505923256394,10.4555,72.83531894434117
Q9Y6V0,40,0,2.302253306252065,10.379999999999999,42.34798665573596
Q9Y6V0,55,0,2.3908693302260478,10.4665,51.14429227864704
Q9Y6V0,67,0,1.964152637509263,10.0725,53.59828356639794
Q9Y6V0,85,0,2.103767338635608,10.3665,35.522335018328626
