Uniprot_Entry,Resid,label,depth,pKa,sasa,CPLM code,PTM
P04075,14,1,2.058603004189106,10.8925,63.44501178171407,,
P04075,108,1,2.511164455499829,10.64875,16.348786810049766,,
P04075,140,1,1.922292016885075,10.40375,63.83823037157296,,
P04075,153,1,2.2531817093859914,10.28125,47.81016826465432,,
P04075,230,1,6.176583239680623,7.935,4.241489603427272,,
P04406,5,1,2.5739867754572665,10.457027027027028,49.59852021438184,,
P04406,55,1,1.9597743865315544,9.607196261682244,44.72964448534422,,
P04406,61,1,2.288690290713978,10.816126126126123,49.961611200452296,,
P04406,107,1,2.0403461203530635,10.462432432432433,50.71682283308763,,
P04406,145,1,2.2739752195731757,10.01609090909091,54.224823943773984,,
P04406,162,1,2.3460853185553003,10.538648648648648,41.03454630599345,,
P04406,186,1,2.2511091682375084,9.487722772277229,35.92927929161688,,
P04406,194,1,1.9085974265629968,10.397142857142857,77.29696176941277,,
P04406,215,1,2.080414503729896,10.06918918918919,61.38914769704517,,
P04406,219,1,1.9411668278634928,9.964954954954957,53.24259492853557,,
P04406,227,1,2.128581993681178,10.13125,34.087953667824635,,
P04406,260,1,1.9819728166324329,10.541711711711711,65.99642392840937,,
P04406,263,1,2.368099082676543,10.806396396396396,49.02323817112799,,
P04406,334,1,1.9858744944778493,10.394545454545456,34.38504486030773,,
P05089,39,1,2.8947791002602883,10.019951219512196,43.197173716583066,,
P05089,83,1,2.59016436370453,10.555049504950494,32.49436990883018,,
P05109,7,1,2.130163973632241,10.435555555555556,39.713570865729366,,
P05109,35,1,2.3121612746797378,10.522115384615384,48.91780088294091,,
P06681,65,1,2.336559916722078,9.775,25.60420920122113,,
P06702,38,1,2.3493531242672794,10.642575757575758,29.51163745562082,,
P06732,358,1,2.076336666892733,11.07,44.44352222171225,,
P06732,365,1,2.475328756735415,11.0,38.74012438373735,,
P06744,252,1,21.546821697265216,10.477142857142857,39.09362368210223,,
P06744,466,1,17.285677571430323,7.901666666666666,29.395287956863232,,
P07195,60,1,2.2523698946016477,9.886,48.94956965127991,,
P07195,82,1,1.9419218571166192,10.784375,47.061084539775415,,
P07195,119,1,2.1220251750180106,10.34125,35.76375168754143,,
P07195,329,1,1.960610065119616,11.223125,45.77931473711078,,
P07237,71,1,2.0068613716283403,10.523,72.46847582467996,,
P07451,64,1,2.18423191236378,8.563333333333333,27.207446835487477,,
P07451,224,1,2.1853971471353137,10.082,29.98588664995324,,
P07737,54,1,1.974680022025601,10.38,81.36414904147638,,
P07737,91,1,2.02169358579701,10.1,50.280391932571845,,
P07737,105,1,2.667174525206176,9.85,24.930874265771116,,
P07737,108,1,2.320429202452964,10.46,39.91193844352635,,
P07737,126,1,2.735585059014594,10.36969696969697,25.75222799675547,,
P07738,3,1,1.9177244520480328,10.818947368421052,48.270019104619074,,
P07738,5,1,1.9831784325833604,10.406052631578948,53.92141876155676,,
P07738,18,1,1.9409638448658888,10.77763157894737,62.14559592524779,,
P07738,43,1,2.0332665439306448,10.486315789473684,48.15810072751714,,
P07738,159,1,2.507322325489513,10.890263157894736,46.85270955837901,,
P07738,181,1,2.034920597211618,10.084473684210526,33.76336710906074,,
P07738,197,1,2.5355542664797457,10.34421052631579,13.588171902574857,,
P08133,598,1,2.1201866942181007,9.84,36.874836470591895,,
P08174,76,1,2.3462889328278647,10.26,13.853540029397164,,
P08567,45,1,1.925422423461577,9.5496,44.416632806591394,,
P08567,70,1,3.328066677704648,10.7728,30.43530064202784,,
P08567,75,1,1.924128211980353,10.3332,66.98419687480978,,
P08603,68,1,17.863539952077357,11.08,39.30695278324599,,
P08603,478,1,1.9937321666561127,10.453333333333331,76.12638595839489,,
P08603,766,1,1.8860203465085088,10.453333333333331,77.21285341776137,,
P08758,70,1,3.321065946401044,10.458076923076922,46.26717899759404,,
P09104,239,1,2.2305614746584053,10.529,37.61220862712836,,
P09104,256,1,2.72328036746388,9.872068965517242,47.16197371565221,,
P09467,330,1,1.9181600239145056,10.2125,64.15629617467175,,
P09601,48,1,4.492191965302885,9.64276923076923,31.778971298864423,,
P09601,69,1,4.007315151061393,11.19276923076923,40.29267379666301,,
P09601,204,1,3.7894582944137984,10.664153846153846,42.725433028198296,,
P09960,58,1,2.7070085549885268,8.878333333333334,20.444132359392075,,
P09960,64,1,2.365509939277369,10.741666666666667,43.08560697627545,,
P09972,111,1,1.9479953221608224,9.125,37.42630051852906,,
P0CG47,11,1,3.547309697701686,10.67247311827957,55.731079184827344,,
P0CG47,27,1,3.690645202358465,9.85410052910053,20.25206233816496,,
P0CG47,29,1,3.270832505939488,10.571853785900784,32.3836381530586,,
P0DMM9,258,1,1.994018787473801,10.935,34.54475646933251,,
P10114,5,1,2.7537760801013147,10.423333333333334,33.57099364641357,,
P10599,39,1,2.349960024046629,10.62280442804428,43.71271454394263,,
P10599,85,1,2.0534111907228385,10.6300796812749,39.21209183505224,,
P10768,29,1,1.9159412393814448,11.45,49.618388001875005,,
P11142,56,1,2.254556381010968,11.321176470588236,27.295111772155384,,
P11166,117,1,2.0709865438437585,9.84,37.924953084962446,,
P11171,269,1,2.176333043281733,10.983333333333334,42.54688383187784,,
P11172,178,1,2.284727817322211,10.6,52.73096182957343,,
P11233,16,1,2.3300928028521755,10.403,47.28029203061045,,
P11233,128,1,2.547000495093298,9.586,33.45980090143058,,
P11233,143,1,2.114380454365219,10.315,55.80733043818542,,
P11233,166,1,2.101614770285688,11.053,48.13305444898096,,
P11586,56,1,3.0147972212910834,9.856666666666667,28.61474671752485,,
P11586,157,1,2.0106596906881573,9.812222222222225,49.04458464853796,,
P11586,262,1,2.76718820164699,10.824166666666668,39.66482709221352,,
P11908,243,1,2.4255150442136046,11.405,28.814038774409998,,
P11926,78,1,2.2503070523514204,10.09,53.95320499643724,,
P12259,77,1,1.9305754338323105,10.64,49.772514210210886,,
P12259,105,1,1.9031104846309737,10.275,66.78897536207259,,
P12955,200,1,2.088393868858548,10.583513513513513,57.94998171273469,,
P12955,303,1,2.3723743241301776,11.153,44.3154906336058,,
P13716,252,1,7.920902590698642,5.05,16.30804018970809,,
P13796,82,1,1.8609634099832024,10.375833333333333,75.90588596943644,,
P13929,64,1,2.1614657064611174,9.136666666666668,34.85797216606463,,
P13929,80,1,2.003782570621196,10.263333333333334,48.0238797409456,,
P13987,66,1,2.1378060213896504,10.458064516129031,69.53034035418973,,
P14618,66,1,2.59570150930972,10.705,29.874198122379607,,
P15153,166,1,2.0703319978069583,9.866666666666667,58.257200567240034,,
P15311,83,1,7.960962247645978,8.075000000000001,21.26077737055413,,
P15311,254,1,2.1304827365698205,10.636,46.13720063615537,,
P15735,27,1,2.1987068034439905,10.67,35.62033198333575,,
P16157,27,1,2.19711272511846,10.26,52.76434670567173,,
P16157,54,1,2.309456688325611,10.043333333333337,51.28152588148517,,
P16157,59,1,2.029551763923948,10.37,69.14149102545097,,
P16157,67,1,1.9954363158720247,9.6,26.817976612904943,,
P16157,76,1,1.89670535255684,10.403333333333334,65.8990510660194,,
P16157,77,1,2.0065889269257884,10.146666666666668,62.06064661687869,,
P16157,110,1,2.0003263605311594,10.603333333333332,57.43700762895791,,
P16157,128,1,2.550292550396554,10.456666666666663,41.245260908971765,,
P16157,355,1,2.158169900659629,10.28,54.754011144637445,,
P16157,360,1,1.9642299324033916,9.856666666666667,38.13127718248696,,
P16157,363,1,2.271183923232775,10.743333333333332,54.8213263122253,,
P16157,380,1,2.472078936058107,9.813333333333333,42.50158162948076,,
P16157,392,1,1.922839265510925,10.303333333333333,64.90144268219508,,
P16157,421,1,2.424265621721218,10.526666666666666,43.55637136292353,,
P16157,454,1,2.052856959255533,10.353333333333332,62.272551404686446,,
P16615,135,1,1.870707705609124,10.43,76.78248794914302,,
P16615,141,1,2.383281557709359,10.1,40.28955133550315,,
P16615,460,1,1.99323086649634,10.48,66.70978922849423,,
P16615,476,1,2.041649050047443,9.11,54.272256637855705,,
P16615,481,1,2.03063379965651,10.21,26.019979353969656,,
P16615,683,1,3.0046092820175136,12.94,14.810253167185678,,
P17612,84,1,6.481116730997807,10.288,39.78724339511761,,
P17858,16,1,1.9884144953961824,9.5425,30.816528656300903,,
P22234,304,1,1.900616709943032,10.371666666666668,74.8500594013349,,
P23526,186,1,3.936933568712141,11.7184375,6.342481845862235,,
P23528,121,1,2.4201650702930446,9.93173076923077,37.95377530958278,,
P23942,47,1,1.9024043031800035,10.94,49.223717243536925,,
P25325,224,1,2.0396248371704098,10.0825,25.15333338681492,,
P26447,28,1,2.7645281680744778,11.40173553719008,29.23301105641297,,
P26447,35,1,2.2968510416628334,10.250555555555556,43.038919822796,,
P27144,201,1,1.9460870651456104,10.635,58.2206454641801,,
P27338,81,1,1.9462770911120149,10.151693548387096,56.01050349505424,,
P27348,49,1,2.0943587785779463,9.46,58.353643643797504,,
P28482,99,1,1.9440527598471489,10.478110236220472,66.55376555436906,,
P28482,285,1,2.233791235419888,10.73732283464567,52.53932867169118,,
P28845,247,1,2.3805490296902763,10.6,26.503031949382567,,
P29401,232,1,2.0122509284324788,9.224285714285717,22.34074425762177,,
P30153,133,1,2.301180911727739,10.483333333333333,20.63344604169433,,
P30153,561,1,2.6259462837208205,10.783333333333331,34.8755672665863,,
P31946,51,1,2.125700848180949,8.478,46.91805985266685,,
P31947,124,1,4.080293488814231,10.250535714285714,36.871883046248286,,
P32119,16,1,1.9455513248923773,10.6095,51.11049643205144,,
P32119,26,1,2.018058750160168,10.365384615384617,59.63054078926678,,
P32119,29,1,2.5380851662310864,11.221,37.67599004839633,,
P32119,119,1,2.421515978136041,11.2305,18.275232696431285,,
P32119,135,1,1.8943957596394236,10.20051282051282,61.19140468223675,,
P32322,47,1,1.9113267004934944,10.357,71.45153187023729,,
P35754,20,1,2.41632779218658,10.4375,33.64541175864166,,
P35754,77,1,2.080434025350557,10.199,52.86017782616023,,
P37840,45,1,3.544979397247601,9.570655737704918,54.20526925597676,,
P38935,585,1,1.901801834723719,10.07,47.15560025469405,,
P39748,8,1,2.001689674453176,10.675,71.76765195351102,,
P40925,142,1,1.9326748352208225,10.158333333333331,42.161771478271376,,
P40925,248,1,3.3617344303011283,10.266666666666667,22.87207079014921,,
P45983,288,1,2.044855552261964,10.47,55.05341458616864,,
P46597,107,1,2.6850545656332585,10.1625,39.00053296228882,,
P47756,95,1,1.9482388415915624,10.49,74.71188386611608,,
P48637,12,1,1.9343769149784649,10.48,74.41065094552968,,
P48637,443,1,2.416073205163965,10.23,73.11156965834684,,
P48729,152,1,2.380526644089982,9.585,36.170776104491296,,
P49588,366,1,1.9426110197597235,9.87375,50.81892227262865,,
P50461,42,1,2.1207714911835294,10.59421052631579,60.37646761618672,,
P51157,181,1,1.91536105536312,10.71,69.30827905209469,,
P51659,46,1,2.486050898711094,10.199166666666668,50.52168861039859,,
P51858,21,1,2.065132923672459,10.756,64.39430617935082,,
P52209,377,1,2.549242110889357,10.71,28.870750075127635,,
P53990,134,1,1.9469687412534848,10.408823529411764,71.97658846242658,,
P54652,160,1,2.623237583361157,10.21,45.38635999194741,,
P54725,29,1,3.361926037032219,9.3784,9.722430774727622,,
P60709,50,1,1.9203153656952725,10.768666666666666,48.71228341282502,,
P60709,61,1,2.086536011868607,10.59769230769231,45.25873530769713,,
P60709,68,1,2.240538280102617,9.572,53.561761460969166,,
P60709,84,1,1.9673929411181608,10.082,36.09780061597306,,
P60709,113,1,2.109301169066929,9.927333333333332,48.68761536550964,,
P60709,191,1,1.994329003568246,8.697333333333335,41.424730934292775,,
P60709,215,1,1.923274868262688,11.457333333333334,51.32485149850437,,
P60709,291,1,2.0123549222504957,9.706,46.586404752387416,,
P60709,315,1,1.948049446765698,10.484,45.38114145748395,,
P60709,326,1,1.966199651808709,10.158666666666669,67.30132712688797,,
P61088,74,1,2.208977093321649,10.443939393939392,49.08826779360999,,
P61224,5,1,2.636733763489345,9.977567567567569,35.11033955283431,,
P61224,128,1,2.140064294152473,10.37925,49.94946278017816,,
P61769,61,1,1.9061241509857347,9.875,66.29233374218674,,
P61769,78,1,1.9025519395549189,11.05,67.29975414889961,,
P61981,28,1,2.6633372787879748,11.080833333333333,34.88692281503209,,
P62258,118,1,3.0525588366598795,10.437142857142858,42.67555823098112,,
P62258,142,1,1.9712273623434915,10.391428571428571,66.0102612642949,,
P62826,60,1,3.0300319060748646,9.685,28.303556495222956,,
P62937,28,1,2.196776323410214,10.545770171149146,48.00040127526981,,
P62937,31,1,2.360931603337696,10.82267156862745,39.61820177624379,,
P62942,48,1,1.97840684301626,10.48625,60.21058670145687,,
P63096,279,1,1.9447779982772544,11.27,50.45527610528324,,
P63096,280,1,1.9138696172389396,10.29,64.85067541757769,,
P63104,27,1,2.448126690258273,11.273142857142858,33.763136632099695,,
P63104,68,1,1.9587772886419252,10.248,62.77864795621256,,
P63104,212,1,2.0066222727633494,10.544571428571428,69.99672261721416,,
P68036,73,1,2.2757681725080428,10.615454545454543,46.52387535694167,,
P68400,68,1,3.330276946660885,12.717617977528093,18.434563886577397,,
P68871,9,1,4.917405811498581,10.631428571428572,48.1382595818091,,
P68871,18,1,2.077747820116222,9.813333333333334,46.20941908811054,,
P68871,60,1,10.340465065990353,9.523333333333332,47.22789688285532,,
P68871,62,1,11.031083602277036,10.41125,59.0753222905739,,
P68871,67,1,9.755008361259533,9.61,70.3635146626198,,
P68871,83,1,6.134963703757191,9.324285714285711,51.99807548088052,,
P68871,96,1,16.237608468043607,9.376,49.50631659269671,,
P68871,121,1,6.847410297917321,9.53,54.49728630163848,,
P68871,133,1,6.835068836216959,9.901666666666666,29.54998412428296,,
P68871,145,1,7.804884601296599,9.991666666666667,27.087324549718968,,
P69905,8,1,2.441423345983031,10.809,34.44353500853232,,
P69905,12,1,2.048508330484448,10.105,48.19376981762702,,
P69905,17,1,1.93152684425808,10.565,46.42397568555056,,
P69905,41,1,2.2229807715661,9.117777777777778,39.77754809112279,,
P69905,57,1,1.9470751417378207,10.382,63.3854933271441,,
P69905,61,1,2.1728140696132665,10.137371714643304,66.30430305701643,,
P69905,62,1,1.9332217796660025,9.947,62.8726446889073,,
P69905,91,1,2.058518186142067,9.1075,47.939120825607134,,
P69905,100,1,1.9479231562951915,9.702222222222224,57.95390870355167,,
P69905,128,1,2.314246062006802,10.249,29.5660291542627,,
P69905,140,1,2.0455729574236865,10.38,35.82712513809674,,
P78417,152,1,2.113399818500122,10.7225,36.53121045695149,,
Q00059,76,1,27.73031379035458,10.87,35.51671942146032,,
Q00535,104,1,3.196213286276687,11.4,16.603644423456803,,
Q05193,393,1,1.9653764095709796,10.405,48.22573797724656,,
Q06187,26,1,2.2500461185275697,9.963555555555557,45.43791919971289,,
Q06187,36,1,2.113649648795126,10.740434782608697,42.13138899533333,,
Q06830,16,1,1.943533534636173,10.630625,59.36000049049744,,
Q06830,120,1,2.628505731640271,9.117142857142856,13.629533253222448,,
Q07817,87,1,2.121917253083103,8.98,11.525587148163652,,
Q08211,33,1,2.5877330678834825,10.19,50.16886212087706,,
Q08257,116,1,2.01241779135259,10.2025,47.238729741551154,,
Q12792,98,1,2.3328579094572826,9.3,35.42531871019495,,
Q13509,216,1,1.9936256105063797,9.93911111111111,53.0143745748867,,
Q13509,252,1,3.76966172365553,7.836923076923076,15.980602996424322,,
Q13867,68,1,1.875936867497546,10.9125,42.938159379405406,,
Q14012,49,1,3.678485060068701,9.995,11.974687635471357,,
Q14790,148,1,2.054730003772195,10.119473684210526,40.189499187889645,,
Q14974,403,1,2.167003329084933,10.444,43.570408173432696,,
Q15382,109,1,1.8790136064464669,10.425714285714289,78.73568669421472,,
Q15404,155,1,1.920501695531005,10.51,50.62784553507418,,
Q15404,174,1,1.9588527255752857,10.72,61.04929376519493,,
Q15493,106,1,7.761252590099052,12.535714285714286,33.69208755074335,,
Q6P1N9,27,1,1.9496120227474196,10.314,53.68427484781292,,
Q7L273,38,1,2.154358536221225,9.812,42.39956931636325,,
Q8IVW4,246,1,1.8707370416272373,10.38,85.92861318652368,,
Q8N335,162,1,2.1914774992837014,10.265,41.38837245348139,,
Q8N335,180,1,2.486426416741751,9.98,35.7312476573,,
Q8N5Z0,49,1,2.1675972602029336,9.49074074074074,45.25096243912134,,
Q8N8N7,340,1,2.6025498897212183,9.977,6.257257350310427,,
Q8N8S7,52,1,2.7275725917769345,9.903513513513513,11.103012422475828,,
Q8N8S7,66,1,2.666966227168579,10.500533333333331,59.85592358014686,,
Q8N960,22,1,1.9639177295712409,10.689,65.48650213657157,,
Q8NEM0,41,1,13.265761077898938,10.4125,83.13696122962031,,
Q8WVY7,65,1,2.214374887889243,9.609166666666663,44.80092583719713,,
Q92879,83,1,1.9515503775349237,10.135714285714286,35.568499600375745,,
Q92890,42,1,2.422027961512797,9.9765,39.435301569360696,,
Q93034,137,1,2.038251700570477,10.78,56.04951450685372,,
Q96C45,216,1,2.200093500165445,9.99,76.7666163612577,,
Q96H22,26,1,1.9729056737514576,10.26,62.91294543216664,,
Q96KN2,362,1,1.957967987001712,10.295,64.18565043102873,,
Q96MX6,353,1,1.8362593533056195,10.125,43.5349474463553,,
Q96QZ0,183,1,1.9028094625479528,10.42,64.24674318816729,,
Q99497,41,1,1.917778109830937,10.733495145631068,65.9956745268031,,
Q99963,136,1,1.900868275210623,10.48,58.52139160152981,,
Q9BQE5,54,1,2.0283119667399303,10.48,70.27768946019147,,
Q9BQE5,58,1,1.9651691196642025,10.25,66.82946427364192,,
Q9BV86,21,1,2.041468451906915,10.478358208955225,58.32503913009028,,
Q9BWD1,233,1,1.9098681116504783,10.333333333333334,54.6775657234001,,
Q9BWD1,265,1,2.57686649323318,10.513333333333334,47.52057041790173,,
Q9BY32,19,1,2.7779046023683622,9.886875,29.27850838567383,,
Q9BY32,56,1,3.533999656566348,11.875,20.83681780570602,,
Q9BZ29,100,1,2.0174015833181325,10.35,55.12480634422364,,
Q9GZZ1,47,1,3.6473732417932094,11.568275862068964,12.481072537099044,,
Q9GZZ1,70,1,2.347402976975742,10.15103448275862,27.61317984044285,,
Q9H227,294,1,2.2524050539484928,11.675,25.74548924084695,,
Q9H227,295,1,1.906125473414664,10.52,65.84501349071607,,
Q9H3R0,253,1,4.985250965736089,10.047058823529412,60.97498123896994,,
Q9H4G4,7,1,1.9910025377107103,10.441428571428572,71.17800820485459,,
Q9H8Y8,65,1,2.343050544292009,10.283333333333331,53.580637196829485,,
Q9H8Y8,75,1,2.380449835758914,11.718,5.531912693981757,,
Q9HB71,33,1,2.4964221993193103,9.678275862068968,26.576702522798374,,
Q9NP64,88,1,1.993359290819252,9.7515,24.807930000768287,,
Q9NP97,52,1,2.2435350190093013,8.515,38.46089897418782,,
Q9NQW7,304,1,1.9467614680479883,10.216666666666669,70.78219869709606,,
Q9UDX4,253,1,2.9753835529154777,9.94,41.25082960011641,,
Q9UIJ7,20,1,2.3161431824456065,8.116470588235293,23.434818199200976,,
Q9UKE5,67,1,2.3045287233619405,10.79,44.12766126033257,,
Q9ULC4,103,1,2.377016945028674,5.372,14.304325850263826,,
Q9ULC4,122,1,2.241536847097034,9.74125,46.431114082191215,,
Q9ULC6,35,1,1.8847980977035437,10.36,75.41594423221667,,
Q9ULK4,554,1,1.9248048888880973,10.42,70.4726318293314,,
Q9ULK4,582,1,2.3637896441514408,10.1,39.998692215658295,,
Q9ULK4,768,1,1.973493251401928,10.96,46.80073118453231,,
Q9ULK4,795,1,2.318578663879421,9.89,35.3254095188261,,
Q9Y217,44,1,2.1374531896787605,10.39,56.91850848726778,,
Q9Y217,467,1,1.915754343348012,10.365,60.74473926487582,,
Q9Y217,493,1,2.008923037447879,10.145,54.61293945369109,,
Q9Y279,258,1,1.870700929243908,10.38,85.55335648903707,,
Q9Y281,19,1,2.191123490625272,9.538048780487806,38.87055954335736,,
Q9Y2Q3,116,1,2.1529861507639967,10.172307692307694,49.37903224765057,,
Q9Y2Q3,144,1,1.9240226154082736,10.113076923076925,47.09491314276077,,
Q9Y3A5,248,1,1.8983749918407848,10.4505,66.940139964834,,
Q9Y3D6,120,1,1.918425880760304,10.381428571428572,66.23150979691958,,
Q9Y530,146,1,2.2741122841608954,10.89809523809524,38.554168901915496,,
Q9Y600,35,1,2.2110856550214755,10.575,29.802702345817835,,
Q9Y600,47,1,2.2524170480575503,11.58,22.81013069124211,,
Q8NBN3,501,1,1.87077645798096,10.115120771607135,72.31203432800822,,
Q5JRX3,561,1,2.217597681734949,10.165120771607134,66.7673196439631,,
P07197,451,1,1.905818001228848,10.085120771607134,87.34311527880249,,
P11277,569,1,1.882785630244986,11.105120771607133,60.98201132253054,,
Q96R06,668,1,1.889512115742095,10.015120771607133,79.4628228063542,,
Q6ZRR7,945,1,2.0900968988446587,11.345120771607133,51.42924618605085,,
P07197,658,1,1.870674705103012,10.125120771607135,82.13801985057981,,
P61769,111,1,2.2541665607030144,9.915120771607134,59.98079228881617,,
Q9H2G9,85,1,1.9022087131331904,10.125120771607135,83.09473298836832,,
Q9HC38,181,1,1.9075481249984807,11.045120771607134,39.60942925092443,,
Q9UKG9,69,1,1.9045092571522888,10.985120771607134,43.55870574079808,,
Q9BYG5,167,1,2.029295062046302,10.065120771607134,80.64674508782889,,
Q9NXR1,6,1,1.8985765296014208,11.725120771607134,36.66012824767311,,
P35858,311,1,2.050147363659695,11.165120771607134,37.907078731760464,,
Q9BZF9,1212,1,1.9041102922736828,10.085120771607134,75.84616243867937,,
Q8IVF6,769,1,1.8906444359824075,9.965120771607134,60.58361810414718,,
Q96ME1,585,1,2.2548786864617543,11.055120771607134,44.66435000532083,,
Q8WY36,134,1,1.9955631053255136,10.325120771607134,58.67382429507586,,
Q8WU90,86,1,1.9111460910167155,10.115120771607135,60.67253172122848,,
Q06033,117,1,2.135862373618812,10.945120771607133,50.32998328160569,,
Q9ULR0,259,1,1.999294002937254,10.025120771607133,70.95480085181049,,
Q9Y3R5,839,1,1.8840243079222627,9.935120771607133,58.13625197715378,,
P19827,317,1,1.916179303628737,10.945120771607133,31.694742883904016,,
Q3MJ40,441,1,1.8706727383906303,10.075120771607134,71.09397995134921,,
Q9NSI6,2297,1,1.8707596391378285,10.705120771607135,46.44010252783899,,
Q86UP0,105,1,2.309872233877727,10.145120771607134,59.181878732023584,,
Q9UKG9,65,1,1.9718882372030264,10.075120771607134,70.01422110129509,,
Q9Y2G3,560,1,2.1369692055001823,10.115120771607135,79.74792233966747,,
Q5VU69,21,1,1.977750700458592,10.045120771607134,75.853165572303,,
Q5GFL6,64,1,2.048702806136868,10.125120771607135,81.32598359947379,,
P11137,238,1,1.8707289322384628,9.995120771607134,66.73292574939097,,
Q9Y619,270,1,2.000041646351417,10.045120771607134,84.83360452213027,,
P35579,1219,1,2.0949329102357432,10.705120771607135,51.75698629465191,,
Q9UK55,265,1,1.9051932783973493,9.965120771607134,49.33125134207542,,
A0A0C4DH38,38,1,1.9568718681268888,10.085120771607134,48.74092644751181,,
Q8IYD9,179,1,1.870731103215824,10.125120771607135,83.58115625089913,,
P08697,189,1,1.9646202545191949,10.845120771607133,45.47088846928306,,
Q96IY4,146,1,2.0447441829807778,11.145120771607134,33.393100962404056,,
Q06190,522,1,1.8932798861977629,9.855120771607133,58.55751991704609,,
P05156,31,1,1.870629237898711,10.205120771607135,84.60852249846995,,
Q16825,10,1,1.887986966797648,10.135120771607134,83.54064279563721,,
P33151,197,1,1.9694118322637937,10.135120771607134,72.39031234496017,,
Q5U5R9,595,1,2.1310581218686995,11.005120771607134,47.960895171564246,,
P19823,135,1,2.2112391467213133,9.435120771607133,41.7299388422506,,
P0DOY3,80,1,2.029099538474908,10.055120771607134,71.86762986721916,,
P29622,386,1,1.902381808244027,11.155120771607134,64.85575868902413,,
P37837,130,1,2.025150852016204,10.945120771607133,59.216010827207896,,
A6NHT5,187,1,1.8707333508601804,10.065120771607134,62.94596487995281,,
Q04726,343,1,1.870702216085119,10.095120771607133,75.53242859732558,,
Q8NA72,334,1,1.935302911126992,9.945120771607133,56.5316835293328,,
Q9Y283,1060,1,1.8706193517519856,10.125120771607135,85.55823250263484,,
Q9UNY4,509,1,1.9207866121878456,10.125120771607135,47.34717195671608,,
Q9Y6R6,676,1,2.192351552563582,10.125120771607135,60.15259813705936,,
A0A0B4J1X5,84,1,1.945587980898948,10.225120771607134,68.63473467713442,,
Q8NEN9,1042,1,1.947815336318516,10.165120771607134,70.34408832992202,,
P50542,300,1,1.907932087383892,10.795120771607134,58.2934297846037,,
Q9H0G5,178,1,1.8707407330255488,10.125120771607135,76.85952241900293,,
Q06033,166,1,2.352878868952123,10.165120771607134,51.92355615513912,,
P48594,125,1,1.9150791451794105,10.955120771607135,40.04620880454384,,
Q15111,577,1,2.017049527261334,9.835120771607134,59.96253178151718,,
P0C881,851,1,1.870690318111978,10.115120771607135,79.54872573047578,,
Q9Y5Y7,71,1,2.1617307316448944,11.095120771607133,27.98393291139193,,
Q06278,34,1,1.9520496033097767,10.385120771607134,54.456203432708094,,
Q6PKG0,482,1,1.870742928352355,11.065120771607134,55.74615446624145,,
Q9HCG7,904,1,1.9273502955910056,10.125120771607135,84.64203282010823,,
Q8IYQ7,713,1,2.034203910850073,10.075120771607134,77.31943849351909,,
Q14831,447,1,2.1166463017478643,10.015120771607133,42.379037699375104,,
Q8NG08,75,1,1.921790888424293,9.935120771607133,79.94224293526139,,
P35523,346,1,1.947425224080271,9.935120771607133,45.85164295391344,,
A2RTY3,252,1,1.951709161831178,9.965120771607134,75.9853415382181,,
Q6TGC4,204,1,1.994797627445784,10.105120771607133,68.07065517119767,,
P07225,274,1,2.340677945537152,11.535120771607135,11.399170768780138,,
Q9Y4B5,1210,1,2.042490657665488,11.175120771607133,59.0622036868759,,
Q9UK55,146,1,2.396290748216424,10.235120771607134,28.02719526022573,,
Q9Y6R0,155,1,2.325459983325384,9.555120771607134,35.28888850422812,,
Q12907,303,1,1.8706546887053368,10.105120771607133,69.60820297574209,,
Q9UJ71,5,1,1.8706675105694728,10.125120771607135,83.5433916892091,,
Q5TAX3,1136,1,1.8706548637817864,10.085120771607134,85.72391879018824,,
Q86XA9,1642,1,2.050906374869076,9.845120771607133,69.0182380553367,,
Q75QN2,120,1,1.952635327650709,11.085120771607134,58.27454750375868,,
Q14980,1059,1,2.0829336658028548,11.005120771607134,42.11556934047874,,
P28289,221,1,2.1370739334076827,11.785120771607135,23.22262017041228,,
Q8TB36,207,1,2.003598206991547,10.305120771607134,66.20474548450619,,
Q13523,942,1,2.231788237253184,10.295120771607134,70.28256547378922,,
Q9Y2S7,223,1,1.919387396732121,9.025120771607133,40.46410607731823,,
P23141,402,1,1.901160227309484,9.895120771607134,55.12506814361145,,
P50552,252,1,1.8706948003373105,10.125120771607135,81.8151557555765,,
Q14126,180,1,1.987304327237725,11.165120771607134,40.83874100125881,,
P05121,199,1,1.972601047446039,10.795120771607134,44.50566685139107,,
P05546,268,1,1.922378749820621,10.025120771607133,78.81009148272398,,
Q6UWM7,220,1,1.870731489880047,9.945120771607133,69.77663815686736,,
Q8TBZ0,706,1,1.870683469207088,10.215120771607134,65.27791020185026,,
Q14254,342,1,1.980686596186068,10.075120771607134,76.42549175895542,,
P43358,133,1,2.24382475146314,9.945120771607133,41.9577697594828,,
Q8TBG4,153,1,2.121621694537374,9.505120771607134,35.454836591169304,,
Q9NP73,561,1,1.8999049806434496,10.135120771607134,85.75530199180065,,
P13796,542,1,1.892698776857642,10.045120771607134,74.72039234621957,,
P04632,179,1,1.9716820660297687,10.195120771607133,23.904607575629058,,
P19823,252,1,1.94066332021879,11.525120771607133,40.48936971824085,,
Q14549,260,1,1.895876443090985,10.095120771607133,85.62188247879351,,
Q00796,78,1,2.3194330066609363,10.995120771607134,45.66645261196903,,
P04196,166,1,2.280387877153181,10.055120771607134,15.498000158934047,,
P11171,372,1,2.134005457287727,10.225120771607134,52.12062564430494,,
P43652,214,1,1.9399974636281,9.805120771607134,62.3093669435957,,
Q14254,307,1,1.970976394910416,10.075120771607134,69.40687924652454,,
P69891,67,1,1.8981337259353817,9.995120771607134,78.44671393245874,,
P43652,417,1,1.9961932464211096,10.075120771607134,68.11267397293946,,
Q8N118,161,1,2.1306302263224204,9.705120771607135,55.8153022295439,,
P11087,254,1,1.8707080363186608,10.125120771607135,83.38408676173333,,
Q569H4,94,1,1.8953548858411853,10.095120771607133,82.68171172919168,,
Q8TCS8,718,1,1.8983708481638464,10.115120771607135,88.83864428160513,,
Q58EX2,1971,1,1.8706813207244049,10.115120771607135,75.95032587009996,,
Q8N2N9,541,1,1.8706589804693536,10.835120771607134,47.85673174014366,,
Q8N394,693,1,1.9888848627409028,11.035120771607135,55.81742934956976,,
Q9BQW3,169,1,1.9560101770771487,10.755120771607134,57.49752692077081,,
Q9Y2G3,623,1,1.9185791846018,10.655120771607134,36.40853903599813,,
Q7L014,604,1,1.9754714291068287,11.065120771607134,52.4237238855294,,
P81133,351,1,1.9125184347805249,10.075120771607134,77.83724495766234,,
Q9Y6N7,282,1,1.95667113288459,10.195120771607133,61.650254259887866,,
P62736,86,1,1.9353753458694023,10.055120771607134,25.398009458405824,,
Q7Z601,354,1,2.059203735105605,9.755120771607134,76.35421687562709,,
P52948,595,1,1.870706857221909,10.125120771607135,84.09621382147049,,
Q9UKV8,355,1,1.902219667478774,10.025120771607133,75.10265217732979,,
Q99466,117,1,1.9053928936296312,10.065120771607134,73.37291089721734,,
P0C0L4,1594,1,1.8707449548732744,10.045120771607134,75.89580614759078,,
Q9NVN8,482,1,1.9318202127308988,10.065120771607134,66.11458832033287,,
Q12959,327,1,1.904049532394106,9.895120771607134,75.2199383030638,,
Q8N5G2,549,1,1.9572657970168967,10.075120771607134,78.13847787824872,,
Q9NS87,739,1,1.9466670684606795,11.405120771607134,44.56355724101816,,
P40855,138,1,1.8707362592155687,10.115120771607135,70.29932063460836,,
Q9UK55,219,1,1.9926179767113004,10.105120771607133,82.40086643593014,,
Q8IU60,312,1,1.8706654684806228,10.065120771607134,68.2677246603635,,
P23634,189,1,1.963676791758267,10.045120771607134,55.74216202557753,,
Q12860,105,1,1.9520154217166403,11.225120771607134,48.51496085091768,,
Q14865,49,1,1.9074091990649908,10.145120771607134,83.31493899843089,,
P05452,48,1,2.044213193913381,10.065120771607134,71.10585909857059,,
Q15147,1066,1,2.0463020746271923,9.955120771607135,61.85219976265144,,
Q9Y3A3,197,1,1.9006687541962943,10.435120771607133,35.653771400973184,,
Q6ZMT4,787,1,1.8707089648594908,10.105120771607133,83.89214119868106,,
Q9NXS3,456,1,1.907963945670271,11.175120771607133,58.96167272196102,,
Q9HCI7,351,1,1.8706723326288464,10.125120771607135,84.2500209618025,,
Q8WXK3,193,1,2.054005072943739,10.015120771607133,70.53140579189233,,
Q9P266,226,1,1.870700944922584,10.105120771607133,70.15464374792586,,
P11171,402,1,1.925938736861693,10.075120771607134,85.57924190350573,,
Q9UL51,594,1,1.8706655494009128,10.245120771607134,73.98512876558564,,
P07225,470,1,2.180798803582539,10.245120771607134,63.95657596670447,,
Q6P1K1,69,1,1.870659687762965,10.105120771607133,82.7496159454021,,
Q9BZF9,1034,1,1.9039786667897145,10.745120771607134,65.08296783271032,,
P61601,63,1,2.1416014765439386,10.325120771607134,73.51208999675605,,
Q5W041,44,1,1.8824846411607328,11.085120771607134,47.264017926166375,,
P19652,179,1,1.8903011453294845,10.285120771607135,77.44523309935659,,
Q92794,715,1,2.016085834143881,11.045120771607134,35.854473356644704,,
P53675,764,1,1.975754572822617,9.535120771607135,37.30674001061354,,
P0C0L4,118,1,2.193268670045469,9.835120771607134,37.124298562241,,
Q9UNU6,91,1,1.9466302038788728,10.005120771607134,76.48639284154217,,
Q9NUL3,257,1,2.009810190493716,11.035120771607135,58.097865641917736,,
P62760,7,1,1.9861087911343729,10.005120771607134,80.14631555805083,,
Q9UKA2,480,1,2.037137341959528,11.015120771607133,51.17765697437587,,
Q53G44,389,1,1.9545872158395807,9.985120771607134,66.05794147779783,,
Q9BY66,1354,1,1.87065793869058,9.955120771607135,62.69411386889002,,
P20742,371,1,1.894822118461229,10.835120771607134,36.09631054112417,,
Q06033,516,1,1.9457152052530025,10.705120771607135,37.13467236298254,,
P13671,899,1,2.326224328289909,10.245120771607134,53.44984658600816,,
P41236,103,1,1.8885798070927395,9.985120771607134,63.88654463046821,,
Q5T5U3,934,1,2.198276507947045,9.585120771607134,16.29390302276693,,
A8MTJ3,70,1,2.1697966682340595,9.485120771607134,28.444470759454106,,
Q08ER8,149,1,1.8707121932180988,10.275120771607133,77.08948045626101,,
Q7Z5L2,32,1,1.870763487569583,10.105120771607133,77.60453802683236,,
Q86VQ3,19,1,1.87066725576926,10.815120771607134,65.79084065239573,,
Q03692,300,1,1.870708750353553,10.095120771607133,85.45344729766823,,
A0JP26,380,1,1.8707221125690363,10.115120771607135,85.82657687512898,,
Q9NX77,418,1,2.098149220670261,10.555120771607134,43.943092691934176,,
Q8N5C6,955,1,2.039486329623392,10.595120771607133,19.267584094007045,,
P13535,1757,1,1.90930090098258,10.105120771607133,74.70913497254419,,
Q5JV73,1511,1,1.8905884417030288,10.055120771607134,75.39262772424081,,
Q5VT97,923,1,1.9223319284209697,10.385120771607134,74.16056708033454,,
P08603,854,1,2.363078598208013,10.255120771607134,71.21002252999119,,
P36955,316,1,2.180234995569533,10.925120771607133,33.2100377404855,,
Q149N8,1176,1,1.870637333900402,9.915120771607134,87.12441461521978,,
Q9Y6R6,667,1,1.9003107006246271,9.915120771607134,57.473146852782016,,
Q92896,1048,1,2.0419399601862733,10.255120771607134,68.54519928650711,,
P05997,311,1,1.87079791213956,10.135120771607134,86.73302453046006,,
P10643,400,1,2.303112226376275,9.915120771607134,60.904616878512414,,
Q9BVJ6,240,1,2.037000021656832,10.505120771607134,64.08299234608799,,
Q9Y5F9,297,1,1.8925783666885945,11.305120771607134,53.269892231819725,,
Q92954,1234,1,1.921007120888501,10.035120771607135,83.041718612339,,
P31930,85,1,1.9239465295155849,11.365120771607135,56.68886133678271,,
Q8NFU7,915,1,1.8706453152036104,10.095120771607133,72.12196797246604,,
Q9H9C1,472,1,1.904790068160739,10.165120771607134,85.58199079707761,,
Q4G0J3,404,1,2.048799964870895,10.075120771607134,69.72912156798182,,
Q6PJI9,158,1,2.157348405159045,10.165120771607134,36.71890221023402,,
Q13813,1828,1,2.027065305462324,10.235120771607134,75.21018627586828,,
P06396,615,1,2.2815506234144123,10.315120771607134,48.065058602984834,,
Q569H4,96,1,1.915720903584455,10.115120771607135,83.20864844698443,,
Q5XPI4,814,1,2.2425897054250097,9.975120771607134,49.45730774730071,,
P10644,32,1,1.9578331001987328,10.075120771607134,75.73437410008913,,
Q4ZJN1,127,1,1.91282809447808,10.105120771607133,81.13166300387988,,
Q70CQ4,440,1,1.870699710824048,10.115120771607135,71.48386468962909,,
P0CJ78,1040,1,1.88169247893882,10.075120771607134,68.04202086315715,,
P55884,213,1,1.870849024431816,9.795120771607134,48.49971103657836,,
P33241,294,1,1.9347704478737395,10.065120771607134,61.55309396209091,,
Q9Y5E1,136,1,1.8940177992467968,10.105120771607133,80.0497770337999,,
Q9Y3A6,169,1,2.0321484374161694,10.055120771607134,73.08506247033216,,
P29622,313,1,1.9513212748852424,9.795120771607134,45.44987906841217,,
P04217,78,1,1.903071130479319,9.595120771607133,41.15398018909246,,
Q9UIG0,445,1,1.8706385098205849,10.045120771607134,63.364483926273216,,
J4TF41,183,1,1.8706251697191525,10.105120771607133,71.13573695370317,,
Q14093,285,1,1.8707276870775749,10.115120771607135,66.07194774504508,,
Q92889,442,1,1.8855384846302337,10.125120771607135,85.07393636012989,,
Q6IQ55,875,1,1.8707490704262868,10.085120771607134,64.06411006524297,,
Q9P2F8,1201,1,1.870664314917871,10.125120771607135,71.85149647994605,,
Q7Z5L2,229,1,1.870742000594661,10.105120771607133,70.81437820517972,,
Q9UHN6,1220,1,1.956452896992763,10.165120771607134,69.14553800765404,,
P48643,42,1,2.188250986395566,11.185120771607133,38.27045628202568,,
P59910,176,1,2.14779866525454,9.885120771607134,53.80622100264975,,
Q9ULJ1,463,1,1.944467087877056,10.045120771607134,71.96266304499025,,
Q9Y4D1,894,1,1.8948150897301568,10.045120771607134,72.1484751604807,,
P36955,248,1,1.980221135266743,10.035120771607135,70.38460178518395,,
Q9Y2X9,2,1,1.8707186518867327,10.135120771607134,74.44566661364783,,
A0A0U1RQV1,73,1,2.0254798577679995,10.135120771607134,78.8451071508421,,
Q8WTT2,215,1,2.03219999885968,9.885120771607134,45.4660124556853,,
P80404,284,1,1.9718575617678096,10.065120771607134,70.89965935575529,,
P05155,216,1,1.912627828139064,10.095120771607133,77.15100331239381,,
P08670,313,1,1.8876403567464384,10.015120771607133,64.96630348052231,,
Q70CQ3,60,1,1.9103372293131269,10.865120771607135,69.02586296250635,,
Q9NWV4,42,1,1.9829169972015463,10.035120771607135,76.36059823570469,,
Q60994,80,1,1.90615935818844,10.105120771607133,71.94652965771714,,
P35579,994,1,1.93830377865902,11.035120771607135,52.98417092496042,,
Q96PC5,24,1,1.8972315376501128,10.885120771607134,53.31829239363909,,
P67936,169,1,1.9750918647836824,10.035120771607135,68.56195444732626,,
Q14520,418,1,2.210946493156169,9.995120771607134,69.98771391328043,,
A2RUB1,408,1,1.8706210815499031,10.855120771607133,62.96609070788986,,
P05160,109,1,2.330093704793282,10.025120771607133,43.6978848403368,,
Q9NY91,614,1,1.9010009816406293,10.255120771607134,78.12722050457336,,
P50990,37,1,2.195367646613161,11.355120771607133,20.77649759051092,,
P0C0L4,316,1,1.913800904706036,9.805120771607134,46.78672491728506,,
Q9Y2I7,1753,1,1.870744056845896,10.135120771607134,77.75196380708675,,
Q8IUY3,277,1,1.8706404320709629,10.115120771607135,77.0090753192832,,
Q9Y4F3,73,1,1.8706657102980715,10.125120771607135,75.84341354510747,,
Q01546,307,1,1.9493595384597684,10.665120771607134,51.097251837398055,,
P35579,1454,1,1.8707213265557785,9.975120771607134,60.00854302392287,,
Q9HCD6,1236,1,2.2047201666458944,9.095120771607133,17.28075581507583,,
P51689,378,1,2.179781850039366,9.215120771607134,27.86088719912633,,
P46976,344,1,2.041550402453689,9.985120771607134,62.65235686653605,,
P13671,424,1,1.8764323350957983,10.085120771607134,73.69577499222063,,
Q9BXU7,795,1,1.8884160146852205,10.125120771607135,81.56569366392739,,
Q5JPF3,594,1,1.8707842377103303,10.835120771607134,60.920488466397735,,
P48169,487,1,1.9480742982868628,10.105120771607133,81.62083515998256,,
Q08378,820,1,1.967127304627313,10.065120771607134,69.92681283069365,,
B1AJZ9,297,1,1.9097550019616696,10.105120771607133,83.1897661661394,,
Q2M3M2,620,1,1.870705625878936,10.085120771607134,81.32873249304568,,
Q8N9B5,931,1,1.9060963130781765,11.015120771607133,48.51770974448955,,
Q9Y4G6,406,1,1.9533423944936688,10.165120771607134,77.61641717405374,,
Q9UK17,376,1,2.017527513092379,9.815120771607134,48.1530886471323,,
Q5GAN6,128,1,1.8706873948025784,9.995120771607134,70.69283783939397,,
Q6ZTZ1,77,1,1.909636101711352,11.065120771607134,49.62760824906405,,
A6H8Y1,387,1,1.870777179639865,10.085120771607134,78.27615163130761,,
Q86YC2,75,1,1.8707307367884296,10.115120771607135,72.43782893384571,,
Q9BY89,1698,1,1.87061367126607,10.435120771607133,53.55950780457253,,
A6NJ64,15,1,1.915589237029668,10.115120771607135,82.887911472007,,
Q6ZSI9,234,1,1.9084652836585707,9.545120771607134,41.17498958996335,,
Q86VF7,1104,1,2.3561609400838304,11.325120771607134,56.71137608413345,,
Q9BTC0,1309,1,1.870717732966432,10.105120771607133,89.05672317164182,,
Q9Y2E6,499,1,2.311460749973458,9.675120771607133,51.36222554277427,,
Q8N9V7,595,1,1.8707919764530527,10.075120771607134,62.768399445178034,,
Q6ZSZ6,517,1,1.870694572256423,10.705120771607135,53.71730738556847,,
Q5TA77,24,1,1.9067147390236543,10.105120771607133,82.56442560345766,,
P04217,106,1,1.9378055348093832,8.795120771607134,53.21350718867248,,
P16157,1265,1,2.063395007968497,9.425120771607133,57.35072291406244,,
A6H8Y1,392,1,1.938092943825664,9.855120771607133,74.51631972343012,,
Q9BYE7,223,1,1.885364233511552,10.255120771607134,76.53665832399963,,
P05543,229,1,1.9091714138479527,10.145120771607134,85.26125382210017,,
Q3B7T1,660,1,1.8706363315286272,10.605120771607133,78.75557176021479,,
A0M8Q6,60,1,1.9040545903009525,10.345120771607133,60.49434451290768,,
Q06278,971,1,2.0012100938869266,10.215120771607134,65.51637671921182,,
Q14254,390,1,2.065971002292609,10.095120771607133,77.20401768842314,,
P05543,141,1,1.997290678314664,10.255120771607134,82.99207490342758,,
Q9GZR2,233,1,2.0524806879937496,9.875120771607135,70.35321858357152,,
Q70EL1,1029,1,1.8706885707008896,10.695120771607133,54.44618960612477,,
Q14157,103,1,1.9062040690061053,10.115120771607135,79.89259922634997,,
P07585,150,1,1.911741761393961,10.055120771607134,72.10521281164691,,
P31146,449,1,1.985354549373429,10.035120771607135,68.27685491401299,,
Q8WZ64,185,1,2.2174427236949463,10.205120771607135,24.172951948123185,,
Q8TF40,669,1,1.8706844784209364,10.105120771607133,80.047028140228,,
Q96JI7,1988,1,2.2185925230426538,9.925120771607133,45.80137747145601,,
Q9P2H5,298,1,2.2494912695228217,10.595120771607133,25.04101326821821,,
Q32P28,155,1,2.0314295722870748,9.945120771607133,55.54021652281395,,
Q9UIX4,337,1,1.8882647048443744,10.075120771607134,78.55149913742537,,
P69849,762,1,2.078204792861181,11.025120771607133,38.55981005539069,,
Q9UK55,134,1,1.8706292665681323,10.075120771607134,74.383521983969,,
P10636,480,1,1.870655000274721,10.115120771607135,75.41425889865772,,
P06727,328,1,1.8916711063542024,9.915120771607134,64.62943311827176,,
P27105,77,1,2.2539532688836283,9.835120771607134,38.86317009600296,,
Q68CQ1,1066,1,1.9310987187945177,9.595120771607133,55.608480713182566,,
Q8WV44,283,1,1.915327362939886,10.065120771607134,76.90429011431658,,
P52566,164,1,1.956156806609239,11.185120771607133,57.69947242353437,,
P28289,249,1,2.1452066932233738,10.775120771607133,32.97307656960379,,
P29973,605,1,1.9061203385251968,10.165120771607134,78.23351105601981,,
P10909,40,1,1.8879214549038883,10.075120771607134,75.83641041148385,,
Q16099,205,1,2.3040284745253,9.935120771607133,46.22991034435975,,
P23276,487,1,1.9736414160931943,10.205120771607135,66.83584563371953,,
Q5TA45,462,1,1.968203247445604,10.005120771607134,64.40860533466318,,
P19652,42,1,2.051290682178726,9.975120771607134,25.94320668349756,,
P16157,611,1,2.243344623931027,9.835120771607134,52.67681844368423,,
Q86VY4,169,1,1.870706157272884,10.135120771607134,83.81873919532686,,
Q16534,262,1,1.930306729324524,9.965120771607134,39.58567095648166,,
P06396,289,1,1.8707623783395684,10.085120771607134,78.18812158716014,,
P43686,212,1,2.268382423645616,8.355120771607133,7.547676350249475,,
P40222,384,1,1.9205938411938588,10.755120771607134,60.56686294332803,,
P81877,21,1,2.0762047520241595,10.215120771607134,79.59499877226929,,
P11021,164,1,1.9117965667494607,10.215120771607134,71.53776263859224,,
Q14C86,246,1,1.996542306129221,9.555120771607134,30.993873197842227,,
Q9P2E2,205,1,1.870599141374984,10.075120771607134,74.95797529064728,,
Q13619,359,1,1.9251682258873497,10.165120771607134,84.11447432876948,,
Q5TB80,484,1,1.87069264902656,10.125120771607135,79.17621792656107,,
Q8TCS8,716,1,1.914571794315548,10.105120771607133,81.38600110912674,,
Q9H347,3,1,1.870671043564375,10.135120771607134,79.46769881995195,,
Q86VE0,62,1,1.9238118605586167,10.945120771607133,50.10915549799712,,
P06727,189,1,2.079627999151512,10.185120771607133,53.72093985207418,,
Q92819,460,1,2.1803200711974315,9.995120771607134,67.66889128569642,,
Q08AH1,385,1,2.2749410471211498,12.255120771607134,25.08915163064978,,
J6DXQ9,252,1,2.0726666666960067,9.895120771607134,74.44291772007594,,
Q8IWJ2,1150,1,1.9203108365770205,10.075120771607134,75.99083932536186,,
P11277,462,1,1.9475229180428315,10.195120771607133,71.72295298053666,,
Q9NXG0,1102,1,2.0539180517571207,10.075120771607134,75.46177548754326,,
P06396,394,1,1.9907482581715032,9.995120771607134,61.04016351154543,,
Q9Y5N1,325,1,1.9066836891889685,10.125120771607135,80.46004939940462,,
P07996,201,1,2.295651696698293,9.485120771607134,21.85563466701901,,
Q4ZJN1,73,1,1.8706848221453247,10.105120771607133,80.5173180154857,,
Q6P1R3,139,1,1.8847875696219776,10.045120771607134,78.61577088713005,,
P31641,43,1,1.9687111874389047,7.335120771607133,35.20786159370427,,
P16403,199,1,1.8708077052952965,10.115120771607135,82.58180253782282,,
P62820,198,1,1.90458578862666,10.125120771607135,86.97973772853726,,
P11277,786,1,2.0482129879095377,11.295120771607134,63.41049516867892,,
Q9BVI0,818,1,1.8707472167121808,10.105120771607133,78.37606082267645,,
P51508,174,1,1.8706928333855144,10.115120771607135,76.58905092648293,,
Q96L96,851,1,1.8706929706856508,10.065120771607134,72.74393786802986,,
Q9NV70,226,1,1.9338719911118736,10.035120771607135,76.90703900788847,,
Q9HCJ5,741,1,1.9224896414743649,10.385120771607134,51.99820170558535,,
Q8NDI1,139,1,2.117101786537887,10.115120771607135,81.80540372838098,,
P16403,172,1,1.8706636546370887,10.125120771607135,80.57396485802073,,
Q8N3A8,301,1,1.8706759502499744,10.125120771607135,86.14669207656038,,
Q9H0A0,950,1,1.939882117245744,10.045120771607134,73.17371428802565,,
P08697,445,1,1.9056347832233664,10.055120771607134,47.1753661084729,,
P05019,75,1,1.9738569169493425,9.545120771607134,31.4111486970706,,
P11021,523,1,1.9400873986081228,9.775120771607133,75.47090574119277,,
Q15542,440,1,1.9300764068563487,10.315120771607134,42.0190308162278,,
Q7Z695,423,1,1.962259976643862,9.965120771607134,51.93667884945256,,
Q07092,1382,1,1.8706774482662696,10.115120771607135,83.34419508001744,,
Q9UL51,537,1,1.9108266091075925,9.755120771607134,64.90602417148156,,
P05155,329,1,2.031642572449279,9.635120771607134,40.99228634220301,,
A0A0C4DH34,95,1,1.9362946770241207,11.175120771607133,56.97972045662757,,
Q8WYA0,491,1,1.9310810810397423,10.085120771607134,70.35596747714341,,
P07225,401,1,1.8706863849797848,10.155120771607134,71.4406023407953,,
Q15025,341,1,1.983074574021848,9.995120771607134,82.57205051062732,,
P10909,322,1,2.026347484582669,10.955120771607135,62.04714213179138,,
Q15020,506,1,1.9149252307303004,10.735120771607134,50.38600835059472,,
P43121,217,1,2.032965823316509,11.315120771607134,45.3122053153533,,
P0C0L4,1457,1,1.912455369867124,10.125120771607135,82.82426149584832,,
Q8TE68,699,1,1.8926166792114405,10.425120771607133,70.20703635040917,,
P13612,641,1,1.9056845984105968,10.065120771607134,68.5046858312452,,
Q969F9,698,1,1.905654126102633,9.805120771607134,61.30912965758558,,
Q9H4M3,115,1,1.8952661072543249,10.045120771607134,67.6960202472571,,
Q7L0Y3,161,1,1.9396741047214787,10.045120771607134,68.38864325260323,,
Q9Y3P9,965,1,1.9115363384033992,10.065120771607134,74.26810117887305,,
Q969H8,156,1,1.925480993331008,10.125120771607135,62.49305193906028,,
P35579,1815,1,2.223382223724673,10.045120771607134,69.85278905379344,,
P0C0L4,1658,1,1.8706823380705624,10.055120771607134,78.57587920541415,,
Q9Y6R6,672,1,1.8707447802350927,10.105120771607133,84.1982501328652,,
P05546,420,1,1.908100185216141,10.185120771607133,83.99142861650388,,
P05106,438,1,1.8918466960378315,11.185120771607133,16.219257472320702,,
P19823,93,1,2.3207640379585643,9.835120771607134,43.2799875675624,,
Q9H3N1,107,1,2.2096188241677948,11.185120771607133,30.4641875864776,,
P49863,101,1,2.207167364614727,9.885120771607134,65.21452202507939,,
Q14254,350,1,1.9125359451300337,10.065120771607134,76.94755246315039,,
Q02818,447,1,1.8707049668717417,10.125120771607135,82.86415317756422,,
Q10469,416,1,1.902309524845825,10.815120771607134,35.8788534246335,,
P54802,465,1,1.9011994682034024,9.595120771607133,42.1573263428327,,
Q14865,278,1,1.8706386451103283,10.125120771607135,75.67985437757996,,
Q9UK55,274,1,1.9397311965857984,10.045120771607134,65.4856152911454,,
Q5U5R9,600,1,1.958323053879257,10.615120771607135,20.735984135249,,
P22303,54,1,1.8706688126695128,10.025120771607133,90.32379948366622,,
P05546,228,1,2.1187947519715995,11.135120771607134,53.26102377755802,,
Q569H4,105,1,1.870676167619266,10.115120771607135,73.1877205552729,,
Q13201,882,1,1.870706060162284,10.125120771607135,78.81284037629585,,
Q8IY57,131,1,2.0782616378654177,10.145120771607134,79.80182028863061,,
P07384,280,1,2.322734847464533,10.135120771607134,57.00285697752432,,
Q9BXM0,808,1,1.8707614717765644,10.075120771607134,77.74708779348899,,
Q9Y5I3,677,1,1.8706646931946305,10.135120771607134,85.78881231343892,,
P48058,848,1,1.93003459384623,10.105120771607133,76.33533459478208,,
Q8NA70,100,1,2.0158447055301947,10.125120771607135,80.97510696997597,,
P56192,431,1,2.1850948573230804,10.035120771607135,68.99110909377602,,
P08708,49,1,1.9996752221697744,9.875120771607135,70.05411278301099,,
Q9ULL5,1273,1,1.9501048417616769,10.835120771607134,54.86346510535314,,
Q96FC9,778,1,1.9213544416863544,9.735120771607134,28.442965412974257,,
A6NHS7,230,1,1.8706535059025893,10.105120771607133,77.900894933821,,
Q02763,1100,1,1.911240582274568,11.595120771607133,34.91301003319549,,
A5D8W1,652,1,1.9208847385330872,10.025120771607133,87.0698948927106,,
Q9NUD7,36,1,1.9113263525707245,10.115120771607135,82.5321588289114,,
P05155,211,1,1.885903200364085,9.845120771607133,45.257685592844126,,
Q96PQ7,262,1,1.961633337164684,11.165120771607134,64.15763789653423,,
Q9NUP7,426,1,1.9619574214389484,10.135120771607134,70.86889792768889,,
Q96F24,46,1,1.9114646891617488,10.145120771607134,71.15337568745615,,
Q5FWF4,362,1,1.95347899962067,10.085120771607134,74.31499599421258,,
Q86YC2,73,1,1.87065765532988,10.125120771607135,83.25829215589584,,
N6UCF6,294,1,2.2530834806351807,10.145120771607134,60.13096696264246,,
Q92574,934,1,1.9201435934936304,10.025120771607133,67.26686560080735,,
Q9H201,488,1,1.8944448118038943,10.135120771607134,83.91102347952607,,
P06753,169,1,1.989975939862012,10.755120771607134,59.940017034166445,,
P06396,542,1,1.9025549112531708,9.965120771607134,66.33266721036955,,
Q5T1M5,870,1,2.075926269706441,10.125120771607135,64.78324025860377,,
Q96K76,844,1,1.8932295050753485,10.135120771607134,85.97612977540922,,
Q9P2B7,122,1,1.8964632829695296,10.115120771607135,86.3723958737667,,
A6NFE3,115,1,1.936506842465438,11.085120771607134,53.9213800083579,,
Q8IXL6,264,1,2.125417263182109,9.475120771607134,50.17705971420752,,
Q06033,176,1,1.9041124193150287,10.465120771607134,49.71288939963962,,
Q9Y5H4,41,1,1.9411072335269968,10.025120771607133,65.01869608300562,,
Q86XE0,100,1,1.980015596561812,10.825120771607134,38.91467912555244,,
P04083,287,1,1.916434574110028,9.955120771607135,54.689532137084086,,
Q9UL54,11,1,1.889903372607704,10.085120771607134,80.93672063473994,,
P16930,181,1,1.9206436720650824,9.995120771607134,26.99858546556288,,
Q8NEY1,552,1,1.870677095084454,10.125120771607135,77.89664069376926,,
Q96BM0,49,1,1.870665392656863,10.065120771607134,70.62369007609152,,
P25445,193,1,1.8867674497716584,9.775120771607133,56.9468319085353,,
Q9P1W3,303,1,1.8706696607259228,10.115120771607135,87.09852920075113,,
Q92823,742,1,1.896814827101484,11.175120771607133,63.39861602145753,,
Q9NW08,305,1,2.29364455003644,9.735120771607134,56.543562676554174,,
Q9UHV7,812,1,1.8887664787389309,10.845120771607133,58.7085781638062,,
P68133,293,1,2.160949267929807,10.205120771607135,79.29438762522892,,
Q6PCB6,32,1,2.00583531733864,9.755120771607134,28.8316066041621,,
P19827,309,1,1.974236961971551,10.145120771607134,66.53736160670502,,
P06396,168,1,2.2397840059713783,10.525120771607133,19.8134030926448,,
Q9P275,33,1,1.9790356681567447,10.075120771607134,63.63220652522132,,
Q96ND8,68,1,1.9293949664587788,10.075120771607134,84.3030353378318,,
Q12979,593,1,2.1083425979552075,11.405120771607134,9.90213641949765,,
Q06547,381,1,1.881041609232055,10.075120771607134,73.00740622692624,,
Q8NFU7,912,1,1.870683133538228,10.115120771607135,77.09222934983288,,
Q5T7N2,571,1,1.922574517891478,10.125120771607135,81.01836931880979,,
P0C0L5,1182,1,2.137915563777024,10.225120771607134,51.31621430036857,,
P0DN79,94,1,1.9865429058504107,10.065120771607134,58.25442167582163,,
P06681,549,1,2.3103445116260897,10.485120771607134,20.895289062724785,,
Q5H9R7,474,1,1.959773837428742,10.215120771607134,50.1027741379195,,
Q9NYH9,365,1,2.0148970705535936,10.045120771607134,72.50848204362802,,
Q3Y5Z3,96,1,1.8955528481639885,10.115120771607135,81.81515575557648,,
P07911,420,1,2.06901471174104,10.175120771607133,72.4588383347166,,
Q8TD84,1287,1,1.885836635869324,10.115120771607135,80.90170496662179,,
P06727,345,1,2.056512799618224,10.285120771607135,64.35346383860798,,
Q6P9B6,48,1,2.111671768113168,10.105120771607133,70.4537495484864,,
P82987,890,1,1.8706710585905528,10.125120771607135,84.11997211591326,,
P16452,88,1,1.9252063517302471,10.245120771607134,83.63079995981056,,
Q03936,470,1,1.98160548089138,10.025120771607133,75.10052505730391,,
Q8HWS3,258,1,2.035464501046937,9.735120771607134,61.70389040946321,,
Q8N6L0,269,1,1.9168065717032563,10.805120771607134,57.42687381098851,,
P46821,555,1,1.870655727002116,10.115120771607135,77.30818111984372,,
P09172,82,1,1.931187236051328,10.975120771607134,52.202896101920814,,
P18206,607,1,1.9853541819642493,9.765120771607133,65.34643619160668,,
Q9UKX2,1489,1,1.9647042139121893,10.045120771607134,69.33072834959846,,
Q8IYT3,634,1,1.9208238209156263,10.045120771607134,70.57954415432388,,
P35221,704,1,1.944072508568893,10.985120771607134,49.299868140463,,
P26006,786,1,1.985780251161904,10.155120771607134,71.67605816519715,,
Q7L592,318,1,2.09421355518156,10.185120771607133,68.83455305987212,,
P06753,162,1,1.9175028287507152,10.015120771607133,77.61854429407961,,
Q03112,620,1,1.870737158748664,10.005120771607134,60.45657995121765,,
Q86W28,478,1,1.9443434706128184,10.115120771607135,83.45261275148977,,
Q14157,121,1,1.8706839932881272,10.105120771607133,74.82305043116028,,
P68032,86,1,1.9336967958308628,10.185120771607133,28.004058739328983,,
P35542,107,1,1.9790458137497409,10.085120771607134,75.45140168680172,,
P35573,1303,1,1.930041233139406,10.125120771607135,63.89079887051994,,
Q96HW7,62,1,1.9110426913968,9.925120771607133,65.63516819142568,,
P16157,1345,1,2.0084170466588853,9.845120771607133,64.20090024536803,,
Q03701,160,1,1.9112124141710296,10.115120771607135,88.33759297828104,,
Q96Q04,998,1,1.8707380010995696,10.115120771607135,82.9311738208408,,
Q7Z589,610,1,1.870698631064586,10.805120771607134,56.02912687952886,,
Q9Y219,476,1,2.2376172530344416,9.985120771607134,60.07281477362756,,
P43652,319,1,1.944072540106116,9.435120771607133,35.03392862543522,,
P32926,440,1,1.971517345832388,10.245120771607134,80.40765679692132,,
A6NC86,147,1,1.9000768122165304,10.085120771607134,79.7801891142137,,
A6NMK8,275,1,1.8706053196217896,10.095120771607133,78.03919046042589,,
Q6IB77,127,1,2.1853187502785,10.035120771607135,74.99573985233732,,
P07998,90,1,1.9299799527345576,10.255120771607134,56.49755143414848,,
P33908,141,1,1.9468533389917413,11.245120771607134,51.08687803665651,,
Q5VVM6,35,1,2.0468923886293666,10.635120771607134,61.86257356339297,,
Q9NRR6,521,1,1.9815245820904053,10.025120771607133,67.37678861875952,,
Q01668,47,1,1.8987765407630104,10.115120771607135,79.66751720268965,,
Q99457,235,1,1.870641950803397,10.835120771607134,65.0025626957325,,
P15151,144,1,2.0000964569874284,9.945120771607133,68.35176226384702,,
P11142,524,1,1.9324758059732068,10.265120771607133,63.28070812217749,,
P19823,246,1,1.947575830657236,10.735120771607134,43.04577529025259,,
Q9NX58,113,1,1.9465485776703484,9.855120771607133,75.20406671517848,,
Q6URK8,145,1,1.8708483470153816,10.115120771607135,78.78633318828119,,
Q14624,777,1,1.9350907310840195,11.185120771607133,62.158930470381605,,
Q8IUG5,1649,1,2.1780794243696646,10.075120771607134,53.5616349245984,,
P16157,1120,1,1.8856576910713352,9.105120771607133,50.919064629077255,,
P17019,441,1,1.9579309471189144,10.075120771607134,65.00619516223821,,
Q9BZF9,1197,1,1.9144303581013309,10.875120771607135,53.94513830280067,,
Q7L3B6,133,1,1.8981914957326191,10.115120771607135,83.02345810503999,,
P37288,412,1,1.870699385063736,10.095120771607133,69.45439583541008,,
J5QG44,46,1,1.9065506700843708,10.125120771607135,91.76205987038782,,
P07196,379,1,1.9794635304136303,11.085120771607134,58.85538217051457,,
P49675,155,1,2.366562887342517,11.035120771607135,47.85673174014366,,
P06753,129,1,2.19181189068847,10.775120771607133,59.94702016779007,,
Q5SXH7,37,1,2.101554674328511,9.685120771607133,46.93778316404517,,
P46019,98,1,2.3941353766028945,9.655120771607134,21.4584849957277,,
P19827,519,1,2.1525338509139536,11.105120771607133,38.41025715511043,,
Q9ULD4,1120,1,1.9460796730389456,10.195120771607133,69.01761628179068,,
Q8WWQ2,118,1,2.174786837325551,9.615120771607135,53.5586242316387,,
P10144,44,1,1.8899723932806785,10.155120771607134,78.1195955974037,,
P0C0L4,71,1,1.923558647327577,10.975120771607134,44.68447583325789,,
P61769,26,1,2.1873519555632424,10.065120771607134,74.59459774038207,,
Q96M89,19,1,1.870727499766225,10.025120771607133,67.66951305924243,,
P22455,169,1,2.0201407964743576,9.085120771607134,38.41938740875992,,
A5D8W1,641,1,1.9954445614199765,11.195120771607133,54.52659474310258,,
P17735,71,1,1.9735349393357653,10.625120771607135,26.46376204121269,,
P18206,655,1,2.094417961803284,11.175120771607133,51.46913786776674,,
P16452,436,1,2.2876545583186827,9.455120771607135,10.38855968202847,,
Q96QE3,805,1,1.870683992035691,9.985120771607134,61.10292991477027,,
Q96MC4,394,1,1.870663678802732,10.135120771607134,80.42716085131235,,
P08603,588,1,2.2287509476402736,10.435120771607133,67.81631706595081,,
A2A2Z9,934,1,1.9057983208121665,10.055120771607134,69.78213594401115,,
Q96Q06,881,1,1.9485499479459696,10.915120771607134,19.1524250882989,,
P05160,43,1,1.9772972429594704,9.865120771607135,65.77009305091266,,
Q9UMS6,497,1,2.0309349169076207,9.515120771607133,28.39482705054269,,
Q9Y285,101,1,1.870676121010844,10.075120771607134,74.03264535447119,,
Q5FWF4,140,1,2.038581332207505,10.255120771607134,79.60749969303669,,
Q9Y6U3,397,1,2.1907574968532755,11.045120771607134,54.3273981339109,,
Q17R98,981,1,1.8706889856880733,10.195120771607133,54.166849659343086,,
Q8NF50,294,1,1.9552763350513296,10.465120771607134,60.13797009626608,,
P0CG04,98,1,2.182983875571808,9.975120771607134,47.94289646365306,,
Q14520,555,1,1.9161765586912805,10.095120771607133,75.40663399148808,,
P20827,103,1,1.996536710052316,10.625120771607135,36.9671207547911,,
P0C0L4,623,1,1.9119064613914345,9.175120771607133,38.847658482275854,,
Q93086,200,1,1.895879854019877,11.085120771607134,32.501281347866254,,
Q15528,38,1,1.929355639749721,11.095120771607133,51.599808487202,,
P05155,390,1,1.9266949039489,10.105120771607133,89.8800167964232,,
Q6W4X9,33,1,1.903892188700838,10.105120771607133,75.08651879005666,,
P51693,516,1,1.870668561565614,10.115120771607135,82.33296221971975,,
A0A0B4J1V6,97,1,1.9565489194989505,11.035120771607135,61.30788611049354,,
P0C0L4,325,1,1.8708284744967247,10.745120771607134,46.72307494112639,,
P06727,123,1,2.027519228880084,10.075120771607134,73.8453278925009,,
Q8TBB5,186,1,1.870688070324653,10.885120771607134,50.090273217152095,,
Q15825,194,1,1.9295737301991167,11.175120771607133,56.28709745128144,,
P21333,2569,1,2.0694919461093515,10.265120771607133,63.32334869746528,,
P51654,294,1,1.924662173048857,10.315120771607134,77.53326314350403,,
P48426,73,1,1.953624899767436,11.075120771607134,45.62806627673298,,
Q15075,948,1,1.995397585150273,10.125120771607135,68.41727756064375,,
Q86W26,556,1,1.924324686827488,10.235120771607134,78.20975276157705,,
Q86V25,293,1,1.9340169886043788,11.085120771607134,58.99731016362519,,
Q9P299,205,1,1.925710510108753,10.055120771607134,73.95436733751924,,
P05155,487,1,2.127905203942857,10.935120771607133,46.17237992889088,,
P0C0L4,1030,1,2.051101318347034,8.845120771607133,49.99736715940688,,
Q01082,976,1,1.9398372849030068,10.145120771607134,70.20641457686315,,
P35613,227,1,1.929382170770926,11.055120771607134,56.74550817931775,,
A1IGU5,637,1,1.870725044372212,10.115120771607135,72.93125533000017,,
Q16586,193,1,1.9261278753223503,11.855120771607133,22.28177862050908,,
Q5H9T9,224,1,1.870648171293396,10.115120771607135,74.7426452941825,,
Q9ULR0,260,1,1.9373976168092737,10.075120771607134,69.50191242429564,,
P11277,583,1,2.04485641568387,9.815120771607134,52.69782784455511,,
Q969N2,206,1,2.248298403315323,10.905120771607134,62.83054407485686,,
Q9BY66,235,1,1.9253443130212813,9.605120771607133,51.9595535709615,,
Q6ZN66,620,1,1.8707176350035728,10.125120771607135,82.26869047001506,,
Q2KHT3,199,1,2.171424089908226,9.925120771607133,78.42783165161373,,
P36955,197,1,1.946605099973972,10.125120771607135,53.56287847169044,,
P51884,292,1,2.0174927554836706,10.245120771607134,78.24051418964345,,
Q08AG5,455,1,1.9377348253345927,10.065120771607134,84.39469784848498,,
P05543,287,1,1.937204470013781,10.125120771607135,78.42570453158787,,
P67936,44,1,1.939043244924644,10.745120771607134,60.146838550527775,,
Q15436,409,1,2.30674972156754,10.035120771607135,11.048294139282328,,
P29083,296,1,1.8707066231108267,10.125120771607135,84.90550117900462,,
Q9H9Q2,218,1,1.8868911165215871,10.015120771607133,60.03930445198928,,
Q9UK55,137,1,2.10054213602652,11.945120771607133,44.35735749820285,,
P49326,411,1,1.9709366691868933,10.325120771607134,68.49005779045193,,
Q15063,497,1,1.9641129854983588,10.005120771607134,50.156672086882665,,
P49221,175,1,2.088776885485345,9.795120771607134,44.39024604629512,,
A6NNS2,51,1,2.213741214229982,9.525120771607133,60.96613973464522,,
P06396,338,1,1.8827711551457564,9.945120771607133,73.11857279197046,,
P06727,247,1,1.9422531027048904,10.125120771607135,74.1535639467109,,
Q7Z569,78,1,1.8858787836754936,10.035120771607135,67.36278235151227,,
P25021,18,1,2.30814879436667,10.095120771607133,55.35839684798744,,
Q9BZF1,816,1,1.870671532592061,10.125120771607135,77.24390937013902,,
Q9H579,464,1,1.9124569055596143,9.805120771607134,73.2394913842102,,
Q9Y2E6,482,1,2.317990631892892,11.065120771607134,35.72805697726119,,
Q08426,681,1,1.9613262452868487,9.985120771607134,56.35775056106374,,
P19022,472,1,1.8707356306823,10.115120771607135,86.28924184321701,,
Q9H4I0,516,1,1.9032698861898565,9.965120771607134,82.83551886952368,,
Q8WV44,294,1,2.1001465907972663,9.825120771607134,63.53442445387835,,
P83916,9,1,1.900816812069178,10.715120771607134,57.82801592294376,,
P63010,36,1,2.0822488599956284,10.855120771607133,39.77786443204971,,
Q00872,105,1,1.922004910847104,10.025120771607133,58.92816240032274,,
Q15058,727,1,2.071011281514633,10.485120771607134,31.83729265056065,,
Q99741,484,1,1.918584107773313,10.045120771607134,72.55874752608545,,
P55061,15,1,1.9516466418957643,10.085120771607134,70.37972577158618,,
Q9UKU0,306,1,1.913235614440444,10.025120771607133,58.05247617305806,,
Q8IWU9,54,1,1.9048588130752209,10.135120771607134,86.69738708879588,,
Q8NA29,449,1,2.017362843636078,13.955120771607135,11.75066917182397,,
Q9NQ35,75,1,1.8707216426300737,10.115120771607135,82.00034609752093,,
Q68DA7,583,1,1.8706882337291748,10.135120771607134,85.69377913566785,,
P08697,454,1,1.883654171843204,10.125120771607135,81.32172935942205,,
P43652,65,1,1.9275594357060943,10.115120771607135,67.0259119892617,,
P42285,549,1,2.107395318461778,10.135120771607134,63.26395296135835,,
P62491,179,1,2.0616840163337726,10.265120771607133,70.3127051283096,,
Q8IWZ5,366,1,1.8892490626672835,9.855120771607133,76.6618311562911,,
Q9GZQ3,216,1,1.981208441784404,10.045120771607134,64.23316701991428,,
Q8NEZ3,190,1,1.9437093783634032,11.165120771607134,57.85877735101016,,
P14616,712,1,1.9125762252614675,9.905120771607134,66.45420757615531,,
P04196,490,1,1.8707803767143287,10.085120771607134,70.6508190376522,,
Q6UW63,108,1,1.905363099982468,10.315120771607134,70.85214276686975,,
Q08378,840,1,1.9357654871661687,10.075120771607134,78.88198813959832,,
P48594,189,1,2.2011662837715984,10.985120771607134,33.27218237016432,,
A8MZ26,83,1,2.2292574837005064,10.935120771607133,40.35382308520784,,
P12259,2185,1,1.883038493708617,10.045120771607134,80.55508257717571,,
P21333,771,1,2.0542413425164,10.945120771607133,38.57718698975586,,
P05783,81,1,1.954636947184886,10.075120771607134,71.72357475408269,,
P35247,216,1,1.914279069699301,10.105120771607133,84.04869723258494,,
Q8WTP9,91,1,1.870716875371477,9.845120771607133,51.03998322131699,,
Q2PPJ7,476,1,1.870635321475148,10.115120771607135,78.10346221013059,,
Q92831,338,1,2.172962037304864,10.105120771607133,77.630423441301,,
P13805,248,1,1.9310254079858231,9.995120771607134,68.13705404092825,,
Q7L273,34,1,2.0342485580782674,10.075120771607134,64.74972993696548,,
Q00587,117,1,1.8706808351770805,10.125120771607135,75.95732900372357,,
P19827,125,1,1.94336245972533,10.115120771607135,84.02493893814217,,
Q8IUD2,643,1,1.9239227483357604,10.385120771607134,75.00123763948109,,
P19823,242,1,1.8780764504293224,9.605120771607133,39.98468594841104,,
Q6P9F0,380,1,1.87065287397392,10.115120771607135,84.25551874894626,,
Q68D10,241,1,1.8707794730710263,10.125120771607135,80.04490102020213,,
Q9NP62,103,1,1.8706972737159333,10.115120771607135,81.95220773508936,,
P07333,33,1,2.1162633706009344,9.975120771607134,79.11407329688225,,
Q96ND8,69,1,1.9059727571510583,10.115120771607135,91.39442808007088,,
Q96I25,289,1,1.8706439943862767,10.115120771607135,77.06572216181823,,
P18510,89,1,2.051943244333326,10.075120771607134,78.63403139442903,,
Q8NFU5,167,1,1.9171111902999525,8.905120771607134,47.04894972908939,,
Q8TBX8,29,1,1.870709077501818,10.115120771607135,86.17745350462678,,
Q9NVF7,108,1,1.9424153787549807,9.875120771607135,64.58067298229417,,
Q6UXZ4,466,1,1.8707386065040512,10.835120771607134,57.28645116435774,,
Q52LC2,193,1,1.9067640807728832,10.095120771607133,73.52733981109535,,
Q5SZJ8,215,1,1.8914347223955503,9.895120771607134,46.36820587096464,,
P30304,95,1,1.8706562598242424,10.865120771607135,61.68438635507218,,
Q92610,471,1,1.870669904600055,10.115120771607135,76.47025945426907,,
Q6JQN1,987,1,1.8837062940114773,10.085120771607134,76.60093007370432,,
Q9GZY8,52,1,1.919359092925823,10.075120771607134,82.62444311311063,,
Q9Y2H2,774,1,1.900263410547132,10.055120771607134,83.49587510032356,,
Q9BQ51,27,1,2.2176422595342693,9.825120771607134,54.71204688443481,,
Q8NA72,344,1,1.927145888049837,10.275120771607133,71.47198554240771,,
Q96J87,41,1,1.909880289843057,8.925120771607133,19.169802022664065,,
Q7KYR7,173,1,1.9565276836407703,10.125120771607135,62.604218504104495,,
P11021,447,1,2.1687415057822026,10.015120771607133,61.6880188215779,,
Q16760,132,1,2.253502633015813,10.805120771607134,54.876587799666574,,
P50213,339,1,1.903694217805216,11.005120771607134,60.32715287887443,,
P18850,629,1,2.07774848636349,10.115120771607135,71.64955097718249,,
Q6AHZ1,101,1,1.870713449456196,10.105120771607133,75.25495397118193,,
P16157,666,1,1.870753820152066,9.965120771607134,65.40583192771362,,
Q14254,356,1,2.03078678518283,10.695120771607133,48.00415752039805,,
P19827,114,1,2.3820476240687216,8.745120771607134,32.39862326292551,,
P54277,72,1,2.0164094447800283,10.375120771607135,20.307451262345264,,
Q8TBG4,156,1,1.924356129901019,8.765120771607133,46.43372116776138,,
Q96KX2,102,1,2.1885805108439835,11.125120771607135,41.14759882901485,,
Q13033,629,1,1.9872906461432187,10.085120771607134,56.62884382712976,,
Q04656,849,1,2.387691452111094,10.975120771607134,43.92421041108916,,
Q5VUJ6,702,1,1.909771507336403,10.095120771607133,80.25810389664106,,
Q9Y2K5,346,1,1.870677123871224,10.095120771607133,69.57531442764983,,
Q9H2Z4,174,1,1.87066256606858,10.115120771607135,77.89176468017149,,
Q12798,54,1,2.395282489373727,9.675120771607133,46.76172307575024,,
P38919,321,1,1.9227990174459888,10.115120771607135,75.46115371399725,,
Q9H173,151,1,2.028761605781072,10.015120771607133,59.509618840624654,,
P46020,1205,1,1.9217056857178991,10.085120771607134,57.310209458800514,,
Q14692,333,1,1.948785989068236,9.845120771607133,27.79661544942164,,
Q7Z5L2,238,1,1.870694610012981,10.135120771607134,88.58430617635824,,
Q03692,307,1,1.870606350397579,10.135120771607134,81.62996541363208,,
P51884,305,1,2.160241439225168,10.085120771607134,49.88345170079077,,
Q13516,69,1,1.870719366228412,10.095120771607133,67.94486056536019,,
Q9BXW9,1152,1,2.1607544004246946,9.885120771607134,56.286475677735424,,
P07358,380,1,2.13242226736632,10.045120771607134,71.71807696693891,,
Q9Y624,78,1,1.960461488194443,10.685120771607133,62.42665306932973,,
Q8WWP7,40,1,2.34044936965094,8.265120771607133,14.161776083607188,,
Q9UMQ3,23,1,1.8932560051670029,11.145120771607134,53.07858232918548,,
P19823,150,1,2.081035912818036,11.235120771607134,40.50887377263189,,
Q9C0I3,441,1,1.8707307919422096,10.075120771607134,65.44084759583174,,
P35749,685,1,1.995854765599347,9.825120771607134,20.11951202682896,,
Q8IVU9,23,1,2.2019181859277377,10.005120771607134,70.84389608615407,,
Q8WY36,148,1,1.909462690855265,10.145120771607134,72.43508004027382,,
P61576,38,1,1.9059863172809988,10.795120771607134,59.237642001624806,,
P43652,324,1,1.870698865963103,10.125120771607135,78.58713657908952,,
P05121,177,1,1.9070551968167229,10.115120771607135,86.16069834380762,,
Q15848,101,1,1.885062087417584,10.115120771607135,82.31345816532871,,
Q9BS26,336,1,1.9385855820932736,10.385120771607134,72.54474125883819,,
Q9P1W9,4,1,1.8969802991619185,10.125120771607135,84.76782742594574,,
Q6ZV73,958,1,1.9117596676200208,11.105120771607133,54.5147155958812,,
Q8IXF0,482,1,1.8706793755809408,10.105120771607133,66.93850371866026,,
Q68DA7,578,1,1.870743489265965,10.105120771607133,70.5369035790361,,
Q14993,404,1,1.9765322994005068,10.105120771607133,78.63740206154695,,
Q8N157,121,1,1.8707206083608767,11.315120771607134,46.94727339185288,,
P69891,121,1,1.8706750491431885,10.135120771607134,85.54573158186741,,
Q9Y4I5,434,1,1.9045399996925767,10.135120771607134,85.65751992045767,,
Q7Z494,1192,1,2.039728361917289,11.905120771607134,39.96642544111204,,
P05090,187,1,1.894034374728504,10.115120771607135,84.24301782817886,,
P32019,661,1,1.8969113253610737,10.095120771607133,76.68346233070801,,
Q96MC4,420,1,1.887966437550324,9.965120771607134,63.47414514483759,,
P07306,103,1,1.9415660570373048,10.095120771607133,71.69494044604215,,
Q7RTP6,1695,1,1.8707108372440344,10.115120771607135,81.5754456911229,,
P0C0L4,92,1,1.9242923141242925,10.255120771607134,75.43039228593085,,
Q14624,815,1,2.095743682357691,10.895120771607134,38.24731976112893,,
Q9P0K7,770,1,2.059044985241462,10.055120771607134,62.97672630801921,,
Q03692,349,1,1.9060614789452128,10.115120771607135,81.40213449639987,,
Q15848,68,1,1.8707362573781987,10.135120771607134,80.28948709825349,,
P0CG38,1059,1,2.036390905266652,9.865120771607135,30.02377556635247,,
P98170,396,1,2.355683931310357,10.615120771607135,44.02775206896373,,
P16157,535,1,1.912613113794409,10.265120771607133,56.5560635973216,,
Q14624,30,1,1.9126551850652405,9.995120771607134,78.15097879901612,,
Q6ZUS6,452,1,1.870646235701952,10.135120771607134,81.7655120466651,,
Q7Z6R9,315,1,2.138043594341509,10.505120771607134,57.83802974952708,,
Q9UKY1,623,1,2.0329180455013462,10.975120771607134,51.96681850397293,,
Q2KHM9,623,1,1.9243177382261925,10.065120771607134,77.089480456261,,
Q8WYQ5,222,1,1.8707463755904128,10.115120771607135,81.38812822915261,,
P07225,464,1,2.306053919467999,10.545120771607134,65.11098036720483,,
Q15276,208,1,1.9217541325099967,10.715120771607134,57.31295835237241,,
P0C7I0,157,1,1.9704117868660245,9.915120771607134,54.649640455368186,,
P11055,212,1,1.8706974282642352,10.125120771607135,89.6829473072574,,
Q14515,159,1,1.8707111139809416,10.075120771607134,69.10289743236625,,
Q3MIN7,533,1,1.870644745428714,10.125120771607135,77.5814015059356,,
Q9Y4D1,793,1,2.3038173242781053,11.255120771607134,28.01593788655037,,
P25311,142,1,1.999113620073073,10.185120771607133,78.88836949967592,,
Q6ZMV5,807,1,1.9061613816999423,10.125120771607135,84.54487252231128,,
Q9NX58,316,1,2.237572175526773,10.185120771607133,74.84405983203118,,
A6NDG6,61,1,2.220450515729365,9.285120771607135,25.036137254620456,,
P21108,18,1,2.044371294480821,11.265120771607133,42.82494750664401,,
Q14865,536,1,1.870746931902049,10.775120771607133,59.577261257447255,,
Q8NA66,133,1,2.0272814021994865,10.065120771607134,66.49197213784532,,
P06396,245,1,2.267683738756137,11.045120771607134,41.339170531036885,,
Q8N9B8,136,1,1.9883393116636567,10.305120771607134,64.88802546357037,,
P35579,1513,1,1.948569897621508,10.095120771607133,69.07000888427399,,
Q9NY46,1082,1,1.870650605599636,10.695120771607133,52.42585100555526,,
P42356,927,1,1.911970570543688,9.945120771607133,82.18766355949123,,
Q96Q06,907,1,1.972077400173892,9.865120771607135,72.55662040605958,,
Q8IX19,180,1,1.9262820253232524,10.045120771607134,70.41811210682222,,
Q13426,169,1,2.038642040233901,10.695120771607133,56.534432422904686,,
Q10713,488,1,2.176415049201402,9.935120771607133,70.94868129112069,,
Q9NY61,243,1,1.9355684133113624,11.025120771607133,61.52995744119416,,
P05543,273,1,1.904683029936108,9.905120771607134,56.04038425320421,,
Q2VY69,195,1,1.9205004449790275,10.385120771607134,55.57222149797239,,
Q9HAW4,930,1,1.8708054363537776,10.175120771607133,79.12870133767552,,
P49643,314,1,2.2636802105086247,9.375120771607135,7.775507267481685,,
Q5VTH9,93,1,1.91168828064632,10.135120771607134,85.79581544706257,,
A7MCY6,518,1,1.870617088081345,10.105120771607133,76.71209663874853,,
Q86UR5,610,1,1.870595077220356,10.135120771607134,84.93351371349912,,
Q9ULJ3,872,1,1.870614308777648,10.115120771607135,72.58738183412598,,
Q8TDV5,108,1,2.106266894079135,11.325120771607134,43.244971899444266,,
Q8TDZ2,927,1,1.9822455639634944,10.545120771607134,39.52139920677697,,
Q06033,164,1,1.870722573131542,10.885120771607134,41.396439147117945,,
Q9UQE7,571,1,2.004577132354729,10.905120771607134,34.61390423263496,,
Q9H1B5,200,1,1.870618107862832,10.065120771607134,79.9611252161064,,
P0C0L4,274,1,2.2614415656885627,9.425120771607133,38.93444497933128,,
Q9NPH3,148,1,1.9669436684165933,10.895120771607134,35.44357921749394,,
Q9P203,130,1,1.985880633992239,10.945120771607133,53.48885469479024,,
P51816,1190,1,1.8879056389493605,10.095120771607133,77.56677346514233,,
Q12912,282,1,1.9855292511209464,11.115120771607135,51.04911347496648,,
Q9P273,2395,1,1.9755946407983056,10.075120771607134,46.97129348568346,,
Q9NQ38,528,1,2.257491204231057,10.875120771607135,40.83386498766105,,
Q96PM9,226,1,2.1821534233683253,10.055120771607134,65.84136793424098,,
Q8N3C0,213,1,1.870632493980415,9.935120771607133,83.32956703922416,,
Q9C0F0,1631,1,1.8707620847313124,10.565120771607134,49.33887624924506,,
P35052,338,1,1.9253890522203383,9.965120771607134,58.72896579113106,,
Q86VR7,231,1,2.1855346802543845,10.735120771607134,46.652421831344085,,
P06727,65,1,2.187199034392253,10.655120771607134,51.44387422684413,,
P15538,357,1,2.269012930410573,10.315120771607134,32.87104025820908,,
P06401,183,1,1.890557079532463,10.125120771607135,86.69525996877002,,
Q9Y490,2024,1,1.921607687606805,10.055120771607134,72.98852394608123,,
P11277,1997,1,1.9668041715910665,11.925120771607133,29.150216459113665,,
Q99741,491,1,1.9724884667674576,10.175120771607133,70.85914590049336,,
Q9NSE4,984,1,1.968269386132782,10.265120771607133,49.32362643490577,,
Q58G82,171,1,1.9920223753450712,9.775120771607133,49.856322739230094,,
Q08722,85,1,2.183122731890608,10.165120771607134,65.8176096397982,,
P58418,35,1,1.978951352584997,11.105120771607133,55.90696474019708,,
P35579,1802,1,1.9360629514745973,10.885120771607134,62.4872923525287,,
P09871,210,1,1.9366876055713464,10.085120771607134,76.41511795821387,,
Q96F15,56,1,1.870753245495184,11.155120771607134,59.493485453351525,,
P35579,1357,1,1.8707807579879223,10.025120771607133,64.64618827909091,,
P10586,185,1,2.288032689510689,10.975120771607134,48.12294899261192,,
Q96BA8,502,1,1.870700369185885,10.095120771607133,86.20821493269318,,
Q9NYB9,123,1,1.8706961711773429,10.115120771607135,87.75126052438137,,
Q96B23,2,1,1.8707706376662616,10.125120771607135,79.71928803162693,,
Q9NR50,96,1,1.9606036140258911,10.835120771607134,34.56426052372355,,
P10073,327,1,1.870697724644187,10.095120771607133,81.39513136277623,,
Q9NY15,98,1,1.8707870637193384,10.335120771607134,63.525294200228856,,
P35573,1330,1,2.209592376169776,10.785120771607135,33.78023680711205,,
P11021,81,1,2.217757128801271,12.055120771607134,23.41605719307237,,
P11021,620,1,2.379679875909675,11.195120771607133,41.10433648018105,,
Q8TB36,214,1,1.9660851341596388,10.185120771607133,73.50295974310657,,
P11277,680,1,2.0119316334958763,10.135120771607134,68.65211161149958,,
P0C0L4,579,1,1.9239283149258888,9.965120771607134,78.88136636605228,,
Q14624,299,1,2.026080607939996,10.465120771607134,46.240284145101285,,
P05543,193,1,2.2017265263893417,10.145120771607134,69.17904832929233,,
Q5T7N2,258,1,1.9349809129378523,10.185120771607133,73.996386139261,,
P20839,438,1,1.9574021366095584,9.935120771607133,44.58944265548679,,
P16260,86,1,1.891154240640181,9.895120771607134,36.99150082277989,,
Q9P2D3,74,1,2.066700197484268,11.165120771607134,57.49752692077081,,
P25787,53,1,1.870671090608984,10.065120771607134,86.03977975156789,,
Q9UPP5,1012,1,1.8706452592936265,10.115120771607135,79.99038129769295,,
P62760,18,1,1.9379838468703945,10.075120771607134,78.08120926216765,,
Q9C0F1,266,1,1.870649649627494,9.995120771607134,62.47204253818939,,
Q9HBT6,277,1,1.9246473825149235,10.135120771607134,75.619836867927,,
Q5T7W7,26,1,1.8707714367664063,10.105120771607133,73.65251264338683,,
Q8WXD9,518,1,2.0990112569952344,10.235120771607134,66.37592955920336,,
Q9H1D9,146,1,1.8707159315706647,10.125120771607135,87.56332128886505,,
Q8N9F7,161,1,2.2122743951401187,10.375120771607135,58.36496646731982,,
Q9NZL3,678,1,1.8821570915029509,10.115120771607135,84.38131335478376,,
Q3MIT2,273,1,1.8973188469645672,10.575120771607134,70.68920537288825,,
Q9Y2W2,266,1,1.8827430480904068,10.105120771607133,79.62638197388172,,
P22888,225,1,2.238947427965611,9.985120771607134,61.17083413098068,,
Q92922,846,1,1.9090191719676524,10.825120771607134,59.00493507079483,,
Q9NYH9,575,1,1.8831232578386143,10.025120771607133,60.165099057826765,,
P19320,497,1,2.0798640233377967,9.755120771607134,42.24286929279608,,
Q3MJ40,247,1,1.870669174455818,10.115120771607135,74.16819198750419,,
Q8N884,47,1,1.8707453790661188,10.125120771607135,81.58244882474654,,
P11172,352,1,2.0971826495823684,9.975120771607134,50.55506530526602,,
Q6PIJ6,27,1,1.8706574958746784,10.075120771607134,63.34010385828442,,
P29400,966,1,1.8705880661621064,10.115120771607135,81.53980824945874,,
P53618,128,1,1.893274740767826,10.155120771607134,74.41703230560728,,
A0A075B6H9,69,1,2.3983465153456955,9.955120771607135,53.17875331994215,,
P36957,277,1,1.9202325048153428,10.055120771607134,86.24597949438319,,
Q9C0F0,1629,1,1.870708304686222,10.285120771607135,58.60804719889133,,
Q9XRX5,11,1,1.901816528025934,10.125120771607135,85.28776101011485,,
Q96RU2,784,1,1.9777609443900663,10.875120771607135,42.67264571279185,,
Q86SQ7,473,1,2.2164084201706973,10.485120771607134,63.91455716496271,,
Q8NGG2,341,1,1.883898725656044,10.195120771607133,68.19432265700931,,
P06312,44,1,1.9402779913733648,10.355120771607133,54.6931646035898,,
Q9UNW1,387,1,1.9059725364812496,10.205120771607135,83.8321236890281,,
Q3MJ13,855,1,1.8706883386746656,10.125120771607135,82.63144624673424,,
Q8NBM4,68,1,1.870721335879312,12.015120771607133,35.55935999674811,,
Q9H814,305,1,1.9311228884554024,11.155120771607134,58.005581357718526,,
Q9UPN4,353,1,1.89304682284944,10.075120771607134,76.23542540341323,,
P50281,173,1,1.897745753302145,10.115120771607135,86.0824203268557,,
P12956,570,1,1.913545107561916,10.045120771607134,69.46627498263148,,
Q9UIG0,436,1,1.8810975413489863,9.985120771607134,43.64611401139952,,
P43246,90,1,2.202304418963099,9.805120771607134,43.467305029532696,,
Q8IXF0,486,1,1.8706838996055453,10.115120771607135,82.96681126250496,,
P05106,669,1,1.9092815913377967,10.085120771607134,72.30228230081272,,
P06681,537,1,2.326222480605748,9.915120771607134,68.46904838958103,,
P36955,349,1,1.8707562103856528,10.955120771607135,49.183825561821024,,
P35568,844,1,1.870805339475352,10.115120771607135,74.07803482333087,,
Q6ZTQ4,810,1,1.8707394960507533,10.125120771607135,86.77353798572196,,
P27105,220,1,1.8706730843897657,10.105120771607133,74.99636162588334,,
Q9P0K7,806,1,1.881538077058249,10.035120771607135,66.51147619223637,,
P55884,216,1,2.0587631580209056,10.065120771607134,81.5111739414182,,
P14550,68,1,1.922271696019816,9.605120771607133,28.734446306365136,,
Q6NXT6,272,1,1.9985278459735305,10.085120771607134,82.38198415508512,,
P09172,514,1,1.8707646013211867,9.995120771607134,66.88185687612523,,
Q13033,618,1,1.8950450550008835,10.125120771607135,80.34338504721663,,
P05543,184,1,1.9959281828770448,10.185120771607133,54.53873568971178,,
P27824,170,1,1.87069890908526,9.915120771607134,45.33321471622419,,
Q8N6P7,462,1,1.8706527363044525,10.115120771607135,81.79139746113373,,
Q9HC10,1543,1,2.2428388463170945,10.075120771607134,30.72677237244013,,
Q96QB1,689,1,1.870704969423286,10.085120771607134,64.92091401166263,,
Q8N7P1,500,1,2.2874467727274475,9.015120771607133,34.280666336890114,,
Q9Y4I1,1486,1,2.104709166916454,11.185120771607133,63.47414514483758,,
P31040,538,1,1.920029656905225,10.885120771607134,38.745622170881134,,
Q6ZRP7,362,1,2.096275773327219,9.915120771607134,39.071496958844136,,
P16157,775,1,1.9883106173715,10.925120771607133,40.1034774206249,,
Q9NVH2,798,1,1.9275688253784355,10.045120771607134,35.17585661854584,,
P68104,129,1,1.8921879542907425,10.045120771607134,81.99547008392317,,
Q06033,172,1,2.0218255086290404,11.855120771607133,41.05469277126964,,
P0C0L4,935,1,2.0052152653748454,9.665120771607134,36.546212789057,,
Q9UH99,36,1,1.8706867201872937,10.115120771607135,74.68324955807554,,
P08183,519,1,2.331151080993566,10.115120771607135,57.36623452778954,,
Q13023,2290,1,1.8706560911923087,10.815120771607134,68.64847914499387,,
Q9P0W8,192,1,1.870641565782808,10.115120771607135,75.61132838782353,,
Q8IUE0,22,1,1.870698353479085,10.125120771607135,74.77065782867697,,
P0C0L4,166,1,1.9496992528392447,10.145120771607134,76.0496132879228,,
P36888,470,1,1.905424447580487,10.125120771607135,79.74091920604386,,
P08123,738,1,1.8707003002115343,9.755120771607134,45.09474819886263,,
Q9C0I3,79,1,1.870654788238569,10.095120771607133,70.5649161135306,,
Q9NVR5,3,1,1.870672728983231,10.115120771607135,90.05332799114623,,
Q16890,70,1,1.870734791614577,10.025120771607133,76.8896620735233,,
P15144,104,1,2.1274511619653795,10.415120771607134,55.47231230660354,,
Q9P273,2400,1,2.1465421458622216,11.135120771607134,26.308711353788645,,
P12814,502,1,1.996320298344062,10.135120771607134,79.76255038046074,,
P69849,798,1,2.123182201636779,11.375120771607135,44.03324985610751,,
P13671,251,1,2.2253912850091937,11.185120771607133,46.721831394034346,,
Q13882,240,1,2.2500225433945067,9.675120771607133,41.29103216860533,,
Q8NG08,90,1,2.2617530594285005,9.995120771607134,44.98809767325796,,
Q12849,340,1,1.8706698958113053,10.135120771607134,88.98757540833938,,
Q7Z4L5,1136,1,2.044413892215494,10.325120771607134,67.63387561757828,,
Q8N3A8,299,1,1.8707330794630657,10.105120771607133,76.87840469984793,,
P36955,327,1,1.9159499514531264,10.205120771607135,88.78075389197804,,
P18428,412,1,1.927541972195836,11.275120771607133,37.34299922582372,,
Q9P0L1,670,1,2.1727133775636887,10.285120771607135,62.96972317439558,,
P06310,75,1,1.924443842267984,10.145120771607134,48.17622516802905,,
Q8TEY7,31,1,1.8707293436081045,10.125120771607135,84.25977298899801,,
P16233,390,1,1.9335978404201164,10.235120771607134,56.89594465253184,,
P10523,397,1,1.911904354698748,10.105120771607133,82.51052765449452,,
Q9H6Z4,471,1,2.046070491228295,10.025120771607133,57.86178804396985,,
P23284,165,1,2.00638463487128,9.975120771607134,61.70752287596893,,
Q14624,151,1,1.923429469393312,7.545120771607133,72.35618024977586,,
Q9Y4C1,261,1,1.8707155243729243,10.115120771607135,77.83999385123421,,
Q9NVM9,49,1,1.9744204742221507,11.135120771607134,47.26827216621812,,
P10643,646,1,1.926615165180636,11.115120771607135,35.465210391910844,,
Q9NP08,225,1,2.266140978069534,11.045120771607134,42.85358181468453,,
A9Z1Z3,1485,1,1.9528827027460496,10.245120771607134,71.75158728857718,,
Q15365,23,1,1.8706600237028967,10.255120771607134,73.81332291734245,,
Q9HC38,185,1,1.9283741367230631,10.415120771607134,65.59527650970978,,
Q96B97,68,1,1.870623890280288,10.785120771607135,64.92003043872882,,
Q8NAT2,260,1,1.8706135133514248,10.115120771607135,82.53703484250919,,
Q15555,271,1,1.919035484620824,10.125120771607135,55.85669925773964,,
Q96BA8,480,1,1.872132911266807,10.105120771607133,82.63632226033201,,
Q9UL46,156,1,2.03284139419318,9.985120771607134,59.68718427539942,,
P10909,79,1,2.005211622600512,10.295120771607134,69.97858365963094,,
Q14566,796,1,1.8706360963304376,10.125120771607135,78.63740206154695,,
Q86X10,874,1,1.908639966483568,9.895120771607134,75.93844672287857,,
P53675,603,1,1.9646832687676568,11.075120771607134,60.13221050973449,,
P06396,360,1,2.0400683661719503,10.915120771607134,58.7917321943559,,
P23470,222,1,1.8861535059372825,9.835120771607134,69.58231756127344,,
Q14624,224,1,2.002332395414869,11.095120771607133,42.11982358053047,,
Q9BX82,241,1,2.153109253632364,10.295120771607134,63.00323349603387,,
Q9Y4K3,319,1,1.89907684125772,10.735120771607134,59.70731010333648,,
P11277,1262,1,1.971824837620244,10.095120771607133,69.66547159182315,,
P51797,679,1,1.9350481824131007,10.085120771607134,71.92277136327436,,
Q8N4C6,1169,1,1.919093599426609,10.075120771607134,76.01459761980465,,
P05543,218,1,1.9349403508786185,10.125120771607135,60.60338395792602,,
P0CG47,181,1,1.9283072309794973,9.775120771607133,14.77461572552152,,
Q6UXB8,340,1,1.870759663678996,10.095120771607133,72.18136370857297,,
Q9H488,328,1,2.234822241468703,9.775120771607133,51.64032194246391,,
Q9NVX7,36,1,2.1773477038436786,11.005120771607134,45.62531738316109,,
Q96PX9,1047,1,2.041132646087674,9.395120771607134,44.003372000974935,,
P06396,356,1,1.898685602630467,10.885120771607134,50.05188688191605,,
Q9P2K3,42,1,1.9519466433407773,10.215120771607134,72.22613140388663,,
P08603,496,1,1.8706947412526924,10.105120771607133,78.3711848090787,,
P20020,87,1,1.928592383772084,10.635120771607134,41.68641469402898,,
Q8IXQ4,166,1,1.9537475662321004,10.045120771607134,77.24878538373679,,
Q7RTT9,474,1,1.912699899128005,10.155120771607134,31.174809299734903,,
P27105,93,1,1.9082219996141887,10.715120771607134,49.494810509602935,,
Q86WT1,576,1,2.2625734435492166,9.775120771607133,41.25238403398147,,
Q8WW38,86,1,1.8707500205673613,10.825120771607134,57.6358224473757,,
Q6PP77,268,1,1.933589308524013,10.075120771607134,78.98552979747288,,
P27797,55,1,1.9325215825736664,10.215120771607134,77.19364388768159,,
P05452,36,1,1.899749562470773,10.095120771607133,75.47090574119277,,
Q9P2D6,731,1,1.87069947762528,10.105120771607133,71.96541193856216,,
Q01954,539,1,1.870636488116968,10.135120771607134,83.58115625089914,,
Q58FF7,202,1,1.8706341571261664,10.125120771607135,80.72139063827512,,
Q9NVR2,390,1,1.870676739573508,9.985120771607134,81.15754841834851,,
Q8IWL3,182,1,2.0480420086926894,10.595120771607133,51.16790494718035,,
Q9Y265,171,1,1.934607212858232,9.965120771607134,59.343932553071255,,
Q96JM7,56,1,2.1579380306052616,9.895120771607134,49.86456941994577,,
P11277,532,1,2.0722000153623616,10.975120771607134,53.0633325148462,,
Q6ZN66,627,1,1.890497627551777,10.115120771607135,84.15560955757743,,
Q9BSJ2,746,1,2.14817926888964,11.025120771607133,58.836499889669554,,
P06727,287,1,1.9995277543286845,10.425120771607133,63.38912579364983,,
Q15363,117,1,1.9108941217712128,11.395120771607134,51.5200251237702,,
P10586,612,1,1.9079587000718528,10.065120771607134,69.99321170042421,,
Q8WWL7,906,1,1.8707608181836235,10.085120771607134,74.09691710417587,,
A0A0B4J1V7,38,1,1.9798158991872608,10.055120771607134,60.83821800878186,,
Q6NXG1,322,1,1.9469441878388904,9.745120771607134,37.33661786574611,,
Q96M89,7,1,1.8707197650054408,10.035120771607135,71.51037187764375,,
Q4LE39,887,1,1.8708395878106765,10.005120771607134,67.9238511644893,,
Q5VTR2,914,1,1.931937114555251,10.835120771607134,60.22511656747972,,
Q5T0U0,155,1,1.95632066349414,10.775120771607133,64.10249640047903,,
Q96QE3,823,1,1.8707200022777144,9.945120771607133,72.43295292024797,,
Q9H7U1,48,1,1.870662732061665,10.115120771607135,74.69237981172505,,
Q14624,626,1,1.870633905303112,10.105120771607133,76.72885179956768,,
P05114,82,1,1.8706748218579223,10.095120771607133,83.23515563499907,,
Q9Y279,252,1,1.870610916679036,10.125120771607135,80.56696172439709,,
Q8NG76,291,1,1.9361389614955524,9.945120771607133,79.76618284696644,,
P18206,815,1,2.004230895434274,10.305120771607134,65.48561529114541,,
Q96RV3,1383,1,1.907112045004024,10.655120771607134,32.52778853588092,,
Q7Z7M9,349,1,1.893595402635556,10.125120771607135,85.7693082590479,,
Q9NQC3,1179,1,1.8707873736609373,9.995120771607134,68.94208715841063,,
Q9UHF7,396,1,1.870641730611441,10.105120771607133,51.97444341114257,,
Q15020,246,1,2.2355736442617458,10.165120771607134,38.49128406563426,,
A8MVM7,264,1,1.8706607088211704,10.115120771607135,79.13783159132501,,
A4FU49,435,1,1.8706656112051807,10.105120771607133,75.81540101061297,,
Q13402,1486,1,2.113560983419747,10.505120771607134,40.20613550556563,,
P36955,225,1,1.945867816031251,10.175120771607133,47.57163220683039,,
P16452,530,1,1.9031482428333883,11.075120771607134,48.41717877957469,,
P51635,153,1,1.9100087433209925,10.845120771607133,43.75577522996389,,
P49753,260,1,1.94924226335342,10.105120771607133,84.34017812597583,,
Q14254,335,1,1.92987728595855,10.755120771607134,62.87868243728842,,
Q96N38,545,1,1.8706804017793728,10.115120771607135,77.65480350928979,,
A0M8Q6,57,1,1.9116708204947896,10.115120771607135,80.33150589999525,,
Q6T423,321,1,1.936539396853668,10.055120771607134,65.4883641847173,,
Q32MZ4,90,1,1.8706230339535748,10.065120771607134,74.78253697589838,,
P13796,361,1,2.364791670661204,10.655120771607134,39.025223917050624,,
Q8WUD1,130,1,2.2467012316526795,10.295120771607134,73.15633735366049,,
Q6ZUS5,101,1,1.8707508733670368,10.095120771607133,73.81607181091434,,
P17947,237,1,1.894008455131636,10.095120771607133,76.3109545267933,,
Q8WXD2,315,1,1.9047087478647848,10.295120771607134,74.52057396348185,,
Q9P2E9,620,1,1.8706838252945188,10.105120771607133,73.6552615369587,,
Q9Y4A0,51,1,1.9364813274211,10.075120771607134,74.44079060005006,,
Q5TEA6,525,1,1.9084631419271567,10.195120771607133,71.89351528168781,,
P48740,318,1,1.9265788180425287,11.105120771607133,48.44794020764108,,
Q96JE9,692,1,1.870728496690024,10.105120771607133,74.3436303022531,,
Q8WYL5,896,1,1.870619452471108,10.115120771607135,76.14739535926576,,
P13535,1732,1,2.041757890080734,10.065120771607134,62.8229191676872,,
Q6P6B7,169,1,1.8980339262551849,10.005120771607134,58.80511668805714,,
P21802,401,1,1.9779541484598195,10.095120771607133,72.61114012856875,,
Q9P258,92,1,2.127571131982088,10.865120771607135,14.61043478444798,,
A6NGG8,117,1,1.870628830811108,10.105120771607133,74.97747934503832,,
P08603,156,1,2.242433455964824,10.035120771607135,69.79826933128427,,
Q86VY9,15,1,1.88916951791209,10.115120771607135,82.61681820594097,,
Q5JY77,649,1,1.87076662601524,10.705120771607135,54.41542817805837,,
P51884,216,1,2.1109106883215323,10.015120771607133,69.06238397710433,,
Q7Z6G8,750,1,1.8707251938682103,10.765120771607133,53.64115648864238,,
A2A3L6,68,1,1.9094473943590835,10.015120771607133,75.19068222147726,,
Q5XLA6,64,1,1.970260329305194,10.815120771607134,30.43830217200896,,
Q14993,378,1,1.925957292677145,10.125120771607135,80.81154780244846,,
Q8N4L1,262,1,2.103695558227376,11.595120771607133,37.09291536062858,,
Q9P217,359,1,1.870704861441572,10.075120771607134,72.82372123146166,,
P36888,466,1,2.102757017237989,9.865120771607135,27.79661544942164,,
P11277,1244,1,1.920222583512564,10.015120771607133,73.49595660948293,,
Q9NWQ4,417,1,1.870770118623621,10.115120771607135,80.43629110496185,,
P11171,228,1,2.374118565294926,9.915120771607134,40.69982370110789,,
Q15431,359,1,2.061086353836892,9.965120771607134,60.80657300778162,,
Q9UIV1,203,1,1.923876068270836,10.105120771607133,76.75261009401045,,
P50222,263,1,1.9443490235017105,10.105120771607133,79.14483472494865,,
P30101,152,1,1.8974904467370952,11.225120771607134,63.72848325008447,,
P07358,226,1,1.930549608205525,10.175120771607133,85.4366921368491,,
Q15582,287,1,1.8889593329864816,10.195120771607133,55.05565858092119,,
Q15833,225,1,2.085740791637954,9.145120771607134,19.3214820429702,,
P13671,923,1,1.8815262909881216,10.095120771607133,83.33657017284777,,
Q13011,267,1,2.219229290023504,10.635120771607134,35.94525229436405,,
Q96K76,1361,1,2.296438759876145,10.155120771607134,72.03606504834445,,
P21333,1547,1,2.1083363837332185,9.905120771607134,32.10226635593688,,
Q9C0D4,594,1,1.8707680678958285,10.115120771607135,75.63446490872028,,
Q86X45,224,1,1.8706805477455648,10.105120771607133,66.85534968811055,,
Q9HB71,146,1,2.0947705445535107,9.825120771607134,67.48157382372612,,
Q49AM3,171,1,1.88397044598639,10.745120771607134,64.69370486797645,,
A6H8Y1,1271,1,1.9750063077200968,9.975120771607134,53.792214735402496,,
Q8N140,207,1,1.9074892254098847,10.105120771607133,82.52728281531367,,
Q6NSJ2,263,1,1.9329631869734496,10.245120771607134,56.35837233460976,,
Q60994,71,1,1.870744999717128,10.135120771607134,77.20401768842314,,
Q6ZNB6,146,1,2.325690530395621,9.595120771607133,41.52648799300718,,
Q96QE3,709,1,1.9294051050332703,10.085120771607134,74.66161838365863,,
Q9HCK4,790,1,1.9236350838219272,9.645120771607134,35.337288666047485,,
P27797,151,1,1.8707272035170333,11.205120771607135,61.00789673699918,,
P10643,420,1,2.227647863120796,9.885120771607134,53.18487288063194,,
P05114,61,1,1.870739701177816,10.105120771607133,86.53808216132009,,
P09871,105,1,1.977635093278017,11.175120771607133,51.41461814525757,,
Q8NGR5,271,1,1.943581860430937,10.115120771607135,61.91097372521235,,
Q9BYT8,664,1,2.073112325228201,9.935120771607133,39.946299613174986,,
Q4FZB7,778,1,1.895273863487096,9.995120771607134,76.37035026290022,,
P11171,366,1,2.258741083696313,10.975120771607134,41.977895587419866,,
Q6RVD6,50,1,1.9069168497760989,10.125120771607135,87.14542401609064,,
P06727,104,1,1.9933451970951368,10.065120771607134,59.645165473657656,,
P67812,15,1,1.9706140705064727,10.115120771607135,80.10154786273716,,
P46019,101,1,2.0433435223554257,11.115120771607135,51.10576031750152,,
Q8N1G0,1207,1,2.1310894265506177,10.245120771607134,69.98558679325456,,
Q8IVT5,169,1,1.93748835820404,10.165120771607134,66.74356134952032,,
Q02790,83,1,1.9279411432235152,11.675120771607133,28.0537024482404,,
Q9HCI7,375,1,1.8706562627712813,10.115120771607135,71.33918780294658,,
Q9ULI4,428,1,2.1489601968236056,10.295120771607134,43.879442715775504,,
Q7Z4L5,1154,1,2.0459424330645257,10.055120771607134,77.1229907778993,,
Q8NBP7,273,1,2.066586358855356,10.145120771607134,35.65589852099905,,
Q9P2E9,626,1,1.902513740590956,10.045120771607134,72.78232420326592,,
Q16281,596,1,1.9389451324225897,11.155120771607134,58.97417364272843,,
Q96PX9,1036,1,1.870710698487096,10.645120771607134,66.67716247978976,,
P08123,621,1,1.9785649797478857,10.725120771607134,35.59800813137196,,
Q14993,363,1,1.8975967990391445,10.135120771607134,84.42608105009742,,
Q13561,156,1,1.8893878315135149,10.095120771607133,75.2381988103628,,
Q9C075,387,1,1.8706941605558325,10.115120771607135,73.42042748610288,,
Q8NGH3,104,1,1.8706723162647847,10.105120771607133,83.48612307312804,,
Q3B7T1,652,1,1.943347447994385,10.075120771607134,76.50102088233547,,
N6UWD1,286,1,1.8707252170158404,10.945120771607133,55.670625342861385,,
Q9H6R3,530,1,1.9002574488223989,9.985120771607134,44.76488097023571,,
P0DN79,359,1,1.9104479552537663,10.695120771607133,47.71693086705892,,
P05156,136,1,2.025964571468007,10.035120771607135,77.18238651400623,,
Q9H741,96,1,1.870657962792688,11.355120771607133,52.07435260251143,,
P59047,165,1,1.881160266391328,10.135120771607134,86.30599700403616,,
Q9BWW9,5,1,1.8706144142792565,10.105120771607133,72.73631296086023,,
Q9BX26,1409,1,1.9912236235110763,10.725120771607134,59.89037332525504,,
P05156,19,1,1.8706556112486288,10.095120771607133,82.00522211111868,,
P21333,994,1,1.9455967928390383,9.845120771607133,46.65818141787568,,
Q8N7B9,24,1,1.8706290598518605,10.125120771607135,84.67279424817463,,
Q9GZR7,243,1,2.325886989805857,8.525120771607133,18.02852031647715,,
P19827,341,1,1.9817402893896767,9.915120771607134,38.195810731579456,,
P11226,150,1,1.9439529167882408,10.025120771607133,67.87509102851172,,
Q9ULD9,1210,1,2.000254771379121,10.095120771607133,59.78009033314464,,
P23284,67,1,1.9058403712679888,9.705120771607135,69.34686173687159,,
P11498,1119,1,2.3888685791044804,11.045120771607134,49.29011611326747,,
Q3T8J9,324,1,1.897016574986986,10.125120771607135,78.22925681596807,,
P04278,163,1,2.075815827781885,9.785120771607135,19.60170556268571,,
Q96HE7,419,1,1.949879193715955,9.875120771607135,87.81003448694227,,
Q9ULD0,44,1,1.8707673396245248,10.115120771607135,77.27467079820542,,
Q07002,164,1,1.9937698840748683,9.965120771607134,53.74469814651695,,
Q9Y285,343,1,1.9031377883189973,10.055120771607134,80.49781396109466,,
P25311,84,1,1.8707654394459752,10.215120771607134,83.1465038173056,,
Q5HY64,115,1,1.9853759494048664,10.215120771607134,60.97163752178899,,
P10909,437,1,2.0712998422698616,9.675120771607133,42.89897128354421,,
Q6NW34,253,1,1.9160718784986768,10.055120771607134,78.72968634574616,,
P43366,35,1,1.870657304122601,10.725120771607134,56.6699790559377,,
Q68D10,244,1,1.8706610327527184,10.125120771607135,77.16075533958931,,
Q5T4D3,490,1,2.361007763140213,10.245120771607134,59.74595823796034,,
P11277,1248,1,2.2885464346857427,10.515120771607133,40.20001594487584,,
Q674X7,101,1,1.981485340790237,10.085120771607134,69.80589423845392,,
Q9UGM5,313,1,1.870810971402913,10.155120771607134,87.75338764440724,,
Q13439,1118,1,1.9409718971017376,10.085120771607134,77.36757685595066,,
Q9Y4P9,119,1,1.891696429096817,10.025120771607133,78.58926369911538,,
P16403,27,1,1.8931012862028287,10.115120771607135,76.42699710543526,,
P12035,64,1,1.870743821201606,10.125120771607135,81.17430357916766,,
Q969V6,443,1,1.8707079478277795,10.115120771607135,73.823696718084,,
Q8WYQ4,31,1,1.971103365587093,9.615120771607135,28.851110658553136,,
Q15392,496,1,1.8922370796764207,9.985120771607134,68.62072840988718,,
Q86VF7,1105,1,1.9667220236926424,9.775120771607133,33.71596505740736,,
A5PKW4,759,1,2.3431383295816888,8.675120771607133,11.280379296566275,,
Q9NWQ4,446,1,1.8706536128190887,10.085120771607134,77.06572216181823,,
P24593,204,1,1.909280963805376,10.095120771607133,76.08799962315884,,
Q9NY97,268,1,2.0264754825319216,10.055120771607134,75.44927456677586,,
P16452,445,1,2.045492330460194,10.325120771607134,65.16975432976574,,
Q9NYI0,941,1,1.916718734984441,10.135120771607134,80.82493229614968,,
Q70CQ1,609,1,1.8707197868805667,11.115120771607135,57.95593764880712,,
Q5TAX3,56,1,1.8706897035399688,10.115120771607135,75.31922572088664,,
Q6T423,309,1,1.894600928975024,10.115120771607135,76.71209663874853,,
Q13459,385,1,2.269089988389686,10.225120771607134,33.93466572099007,,
Q658Y4,183,1,1.9532854421424228,10.775120771607133,61.30487541753384,,
Q9BZJ6,388,1,1.9084557979945809,10.115120771607135,84.38069158123773,,
Q6ZQQ2,1129,1,1.8706701791008928,10.095120771607133,78.38793996989784,,
P45379,186,1,1.9027823961239785,10.065120771607134,76.58417491288517,,
Q7Z6G8,207,1,2.115429801516147,10.205120771607135,65.16487831616797,,
Q8IVL1,1332,1,1.8706586645540184,10.105120771607133,72.42594978662433,,
Q9UKY1,641,1,1.870715644135412,10.065120771607134,60.295147903716,,
Q8NGG2,342,1,1.910450634346324,10.245120771607134,46.52387833193471,,
Q8IW75,175,1,1.9964759663197604,11.165120771607134,58.32844545272184,,
P35579,1404,1,1.9326253532355453,10.075120771607134,76.35634399565296,,
Q9UI12,30,1,1.8707031710413025,10.045120771607134,90.20775690502428,,
Q2NKX8,300,1,2.075487811541311,10.175120771607133,51.95068511669981,,
Q7Z7G0,5,1,1.8706768281566484,10.125120771607135,83.19676929976305,,
Q9P218,1182,1,1.870723177060266,10.115120771607135,82.42249761034705,,
Q9UKA2,490,1,1.9093799353285863,9.415120771607134,47.17598788201892,,
Q9NY61,246,1,1.9569735131955528,11.095120771607133,62.2448333945032,,
Q9NQS1,245,1,1.870626389286612,10.065120771607134,74.18920138837508,,
Q96PC5,3,1,1.9035615159277164,10.105120771607133,89.07285655891496,,
Q96BR9,119,1,1.998403943159469,10.325120771607134,71.42810142002787,,
Q8IZ21,97,1,1.8706764540253216,10.125120771607135,80.20846018772964,,
Q9Y2C4,210,1,1.934593062485758,10.015120771607133,68.47605152320466,,
Q9ULC5,388,1,1.944618546930196,10.065120771607134,71.4406023407953,,
Q5FVE4,355,1,1.9453858742994807,10.035120771607135,68.85130822069127,,
Q96S94,439,1,1.8706077709709072,10.585120771607134,59.46272402528513,,
Q75QN2,126,1,2.133719206018431,10.765120771607133,62.4909248190344,,
Q9BRX5,31,1,1.9347468082400228,10.245120771607134,67.4745706901025,,
P20851,243,1,2.0446959516369163,11.145120771607134,62.42027170925212,,
P25311,91,1,2.350066894508668,9.565120771607134,27.75122598056196,,
P29622,285,1,2.167404621384308,11.075120771607134,40.75283807713721,,
Q96JB2,264,1,2.363446312692034,11.015120771607133,46.71270114038485,,
Q9UI26,351,1,1.953104173171292,10.545120771607134,62.00937757010135,,
P40306,219,1,1.870710554321936,10.095120771607133,78.76957802746205,,
Q9NP99,40,1,1.9622085968022085,10.095120771607133,84.65054130021171,,
Q8TED9,393,1,1.8708232596159449,10.115120771607135,81.83191091639564,,
P05452,42,1,1.9427432006538023,10.065120771607134,71.0443362424378,,
Q13426,178,1,1.9497323468512264,10.015120771607133,69.07488489787175,,
A6NC97,255,1,2.3578809623036,9.275120771607133,26.702850332120263,,
Q5VYS8,1320,1,1.9243324095399013,10.105120771607133,79.90935438716912,,
Q16236,462,1,1.8845984621010488,10.955120771607135,42.18746599735307,,
Q9Y3R5,1743,1,2.112494953715826,10.465120771607134,50.09514923074987,,
Q99961,34,1,2.054902548292463,11.015120771607133,51.82338516438247,,
P17022,143,1,1.9079259574020744,10.095120771607133,67.51295702533854,,
Q9NZC9,851,1,2.0760290710472784,11.345120771607133,45.12276073335714,,
Q8TC59,770,1,2.2922428798905794,10.075120771607134,52.99418475154374,,
P35611,140,1,1.879033732713606,10.135120771607134,85.8923539713135,,
P43652,332,1,1.9022417980533908,11.205120771607135,38.2403166275053,,
Q00526,200,1,1.998740401684855,10.065120771607134,71.05133937606142,,
Q53H96,218,1,2.0115209795314146,10.125120771607135,70.67120666497705,,
Q9UBJ2,722,1,1.884167311310816,10.025120771607133,71.46223351521219,,
P11274,1220,1,1.903939324113353,10.125120771607135,83.92290262674744,,
Q15744,197,1,1.8707096866156985,10.125120771607135,89.67381705360789,,
Q02543,128,1,2.120220789108743,11.035120771607135,52.75296934061031,,
P43652,291,1,2.0314708334481244,10.835120771607134,36.66650960775072,,
P26038,412,1,1.870646451233914,10.115120771607135,75.25770286475384,,
P35612,173,1,1.9743518775926188,11.265120771607133,57.46676549270441,,
P05155,328,1,1.95801968428531,9.975120771607134,82.46301106560897,,
Q9Y5S2,910,1,1.9031702429500017,10.025120771607133,67.50382677168905,,
Q8N608,276,1,1.9261324796725323,10.095120771607133,74.45266974727144,,
Q8N6L0,251,1,1.9488879094558165,10.015120771607133,64.7287205360946,,
Q8TDZ2,637,1,1.926360134856954,10.065120771607134,71.8347413191269,,
Q9UPR5,278,1,1.89086887218421,10.205120771607135,80.8158020425002,,
Q7Z589,620,1,1.870741227744417,10.125120771607135,78.2572693504626,,
P05546,142,1,2.3873460319544115,10.745120771607134,32.82015300220562,,
Q9Y234,131,1,2.031818173674964,10.095120771607133,61.7928040265445,,
P10645,215,1,1.8706729406099385,10.115120771607135,80.742400039146,,
Q01954,545,1,1.9243213194986828,10.795120771607134,65.3254267907358,,
Q9P2E9,1241,1,1.9645224906332923,10.065120771607134,43.99823418798937,,
Q8NG76,296,1,1.8992105812099616,9.865120771607135,55.8216835896215,,
P14780,76,1,2.0155859184996823,10.255120771607134,63.79576569274885,,
Q02818,446,1,1.8706888452285613,10.125120771607135,82.50840053446865,,
Q6ZN84,362,1,1.898233609474524,10.475120771607134,57.22918254827668,,
Q14624,216,1,2.042563409599543,9.835120771607134,52.83124735756225,,
Q9P2E9,270,1,1.889911145691337,9.575120771607134,83.19676929976305,,
Q2TAK8,173,1,1.8862349804851668,10.835120771607134,68.14042470804615,,
P33981,710,1,1.9272003046045707,11.035120771607135,51.20141526881864,,
P05165,104,1,1.934970459734616,9.795120771607134,46.9201444302922,,
Q9Y619,292,1,2.025639119722447,10.095120771607133,73.39604741811408,,
P11087,1097,1,1.8706299599702505,10.135120771607134,72.07445138358051,,
P06899,35,1,1.9251720764100304,10.085120771607134,83.55464906288448,,
P11277,654,1,1.9338213282745824,10.995120771607134,49.35013362292042,,
P05546,322,1,1.9064328344606407,9.845120771607133,58.13199773710205,,
P49441,115,1,2.0428629402952705,10.195120771607133,75.54218062452108,,
Q5HYC2,2045,1,1.8706625907304253,10.075120771607134,80.14631555805083,,
Q9BXI6,477,1,1.8706919814309293,10.125120771607135,78.6514083287942,,
Q8IWV2,226,1,2.2439123253674933,11.045120771607134,60.538850408833525,,
B2RC85,536,1,1.952527797465632,9.385120771607134,40.747700264151646,,
Q6ZRF8,212,1,1.9290224949573715,10.015120771607133,68.79466137815622,,
P35716,140,1,1.870648889735527,10.125120771607135,72.79145445691542,,
Q8NE09,745,1,1.946144212551284,10.165120771607134,67.67164017926831,,
Q4L180,572,1,1.9800610459295505,10.815120771607134,58.9482882282598,,
Q86VP6,355,1,2.260166893047724,9.785120771607135,39.00571986265959,,
P54108,45,1,2.359036441118509,10.615120771607135,13.5349301744456,,
P0C881,866,1,1.8706802744946347,10.125120771607135,81.89130665250258,,
Q8N119,528,1,2.3959019945139333,9.935120771607133,29.71917197864817,,
Q9BYE7,234,1,1.8707142818436948,10.135120771607134,83.68319256229385,,
Q53HI1,74,1,1.889486937142693,10.725120771607134,55.17382827958903,,
Q15777,124,1,1.8707538329632825,9.025120771607133,34.1567370516907,,
P54277,378,1,1.8707521464377688,10.125120771607135,75.08651879005666,,
P07948,338,1,1.9251954239737843,10.055120771607134,76.07824759596332,,
N6TUJ6,421,1,1.9767958006629007,11.385120771607134,22.53549495220993,,
P40692,461,1,1.8706453235779448,10.675120771607133,48.24386758485165,,
P42356,942,1,2.0263270274591294,10.225120771607134,26.925183462208697,,
Q86V25,296,1,1.9262036227995607,10.095120771607133,77.84212097126009,,
P35542,128,1,1.870651884341048,10.065120771607134,87.44240269662532,,
Q9H1J7,183,1,1.9568750663886745,9.695120771607133,31.285354091233103,,
A0JP26,367,1,2.014280220645583,9.875120771607135,48.149456180626586,,
Q15061,165,1,1.9467408324035,9.755120771607134,53.54550153732528,,
P57087,275,1,1.8707074384504896,10.125120771607135,81.44752396525953,,
Q86W25,856,1,2.1231460289992827,10.165120771607134,62.82504628771308,,
P14616,735,1,1.870637249735748,11.165120771607134,33.574658837842755,,
P09543,204,1,2.0254678637399364,10.025120771607133,77.60666514685823,,
Q8N3C7,284,1,2.241592086215481,10.165120771607134,68.14618429457775,,
P0C0L4,1575,1,1.9393196773327384,10.725120771607134,28.48285709469016,,
P35579,1352,1,1.982307564043168,11.245120771607134,59.03356937883537,,
A7E2Y1,92,1,1.9498999286756284,11.025120771607133,50.686357698247285,,
P06727,51,1,1.8921018413570447,10.115120771607135,81.34548765386484,,
Q8WZ33,91,1,1.8853274790547827,10.025120771607133,79.3769198822326,,
Q6PJP8,568,1,1.8706329360528136,10.105120771607133,78.87436323242866,,
Q8IVG5,1097,1,2.0861334257480006,9.185120771607133,38.58844436343122,,
Q9UMQ3,33,1,1.978396895548624,10.745120771607134,63.13789655613306,,
P50579,278,1,1.935299347085132,10.075120771607134,63.38274443357221,,
P20742,947,1,2.042332257337028,10.115120771607135,82.70334290360859,,
P10643,781,1,2.235545892098392,10.985120771607134,41.79057812544957,,
Q9BZF1,795,1,1.870702965872543,10.125120771607135,80.04002500660437,,
Q08380,229,1,2.1764121146487456,10.525120771607133,53.56500559171632,,
P61565,53,1,2.062773953189916,10.075120771607134,71.78022159661774,,
Q96QF0,287,1,1.8706553508201216,10.115120771607135,79.19722732743196,,
Q9BYT8,671,1,2.1480237378923714,9.525120771607133,46.37246011101638,,
Q96RI0,367,1,1.8706585700398464,10.135120771607134,86.60722992462254,,
P78344,321,1,1.9208604827321776,12.285120771607135,32.75774657313899,,
Q9Y4G8,244,1,1.952810089279852,11.215120771607134,45.93417521091713,,
Q08378,1109,1,1.989479701624222,10.075120771607134,70.01484287484112,,
Q12913,903,1,1.9128357972254324,11.095120771607133,53.8354770842363,,
Q3SXY8,64,1,2.157472150032335,10.415120771607134,33.29505709167327,,
Q9Y490,786,1,1.9976712499160016,10.125120771607135,78.76745090743617,,
Q99615,306,1,2.0404405280975504,10.025120771607133,54.77631863413951,,
P26232,268,1,1.9539439683122608,10.185120771607133,77.71570459187657,,
Q9UQL6,194,1,1.941679284585336,10.075120771607134,67.8190659595227,,
Q9NP99,32,1,2.3547716062619,9.865120771607135,53.03319286032581,,
Q6AHZ1,1405,1,1.870737373265467,10.095120771607133,76.61706346097745,,
Q6NSJ5,771,1,2.1712320607798463,11.095120771607133,47.16685762836942,,
J5MGJ8,91,1,1.9082869963348703,11.005120771607134,57.57429959124292,,
P22061,105,1,2.315772159240307,10.685120771607133,28.357062488852662,,
Q8TE56,990,1,1.903915378663812,10.075120771607134,79.42505824466417,,
P14151,78,1,1.93256954698007,10.105120771607133,77.94140838908291,,
Q6P6C2,274,1,1.8707413685198369,10.105120771607133,78.89049661970176,,
P08697,468,1,1.8707334102401176,10.115120771607135,74.22483883003923,,
P18206,802,1,1.9201963229952144,10.005120771607134,66.85809858168244,,
Q63HM2,556,1,1.870670736251996,10.195120771607133,89.33144890421354,,
P62328,20,1,1.8706669738088573,10.075120771607134,87.38025806694648,,
Q9Y4I1,1481,1,1.917944600021924,10.215120771607134,73.38115757793301,,
Q96N38,500,1,1.9082819352736031,10.065120771607134,70.85914590049337,,
Q15858,1929,1,1.8706424863939783,10.065120771607134,62.53569251434807,,
Q5VT52,494,1,1.870738023902465,10.095120771607133,68.69962820038515,,
P06400,847,1,1.9602343309234085,10.035120771607135,66.69604476063478,,
Q9UMZ2,609,1,1.8706697797137488,10.095120771607133,68.65211161149959,,
P10643,167,1,1.9022698322256928,10.835120771607134,34.539880455734746,,
P10643,174,1,2.011731948796707,10.115120771607135,76.10200589040609,,
Q13228,279,1,1.9330889228588883,9.595120771607133,33.23379603492827,,
Q15916,68,1,2.171485033713375,10.095120771607133,75.46115371399725,,
P07360,184,1,1.954478529969044,9.955120771607135,75.25220507761006,,
Q0VDF9,402,1,2.1059293785324704,12.035120771607135,28.985413744494103,,
Q15269,878,1,1.9125151106389489,10.065120771607134,74.0850379569545,,
Q96Q06,302,1,1.8706745255907928,10.075120771607134,83.92990576037107,,
Q05707,1485,1,1.8707228412620904,10.695120771607133,58.16063204514258,,
P13191,11,1,1.9521368808441624,10.105120771607133,82.98932600985569,,
P67936,132,1,1.9590968702390468,10.755120771607134,57.77500154691444,,
Q9NQ50,130,1,2.0292766759136827,10.055120771607134,65.89163341669843,,
Q9UIV8,112,1,2.0536129660088647,11.135120771607134,47.40319702570511,,
Q3V5L5,275,1,1.9031751462884507,10.425120771607133,37.7944068202364,,
Q8TDF6,189,1,1.9021916858244912,10.135120771607134,81.49929479419683,,
Q13561,146,1,2.009873775331219,10.095120771607133,75.53730461092331,,
Q17R98,742,1,1.9295546294036965,10.055120771607134,80.85143948416436,,
P04792,123,1,2.0319895594843738,11.205120771607135,63.62307627157183,,
Q9UJC3,663,1,1.8847064307906207,10.035120771607135,78.30753483292003,,
P27658,101,1,1.870674647802532,10.125120771607135,85.54635335541346,,
P26639,231,1,1.9993630603930763,10.015120771607133,71.23652971800584,,
P0C0L4,1655,1,1.947842370527116,9.985120771607134,49.46254373505669,,
Q14839,577,1,1.904047836871396,9.915120771607134,59.590645751148486,,
P07237,81,1,2.278243836617404,10.655120771607134,24.746783481255445,,
Q68CK6,374,1,1.937589490348541,8.935120771607133,42.07567765876284,,
Q9H159,245,1,2.39215387339416,11.335120771607134,42.07931012526856,,
Q9H1B5,179,1,1.910228198037217,10.045120771607134,72.19049396222246,,
Q9HC10,1587,1,1.933003585119376,10.045120771607134,46.94966231126656,,
P07996,300,1,2.0478721557682915,10.695120771607133,52.782225422196845,,
Q9UKK3,36,1,2.251972206729977,10.055120771607134,79.50333626161611,,
Q96IY4,155,1,2.033482331002274,9.995120771607134,72.31052898152838,,
Q9Y6R0,133,1,2.0073614943640536,10.885120771607134,54.77118082115395,,
Q5THK1,534,1,1.8705901321749328,10.135120771607134,75.82728015783435,,
P17643,233,1,2.0513200512532817,9.985120771607134,37.37713132100802,,
P51532,1027,1,1.8707085461332364,10.115120771607135,75.22419254311555,,
Q8IVT5,178,1,1.870749874491073,10.575120771607134,64.63156023829762,,
Q9NZ32,403,1,1.870628728486883,10.115120771607135,84.40932588927828,,
Q96T21,140,1,1.870697190566044,10.085120771607134,71.01845082796915,,
P0DPB6,15,1,1.89901004566154,10.105120771607133,75.43314117950274,,
P49589,503,1,2.057166862241784,10.125120771607135,63.77688341190384,,
Q01433,187,1,1.9201915569617376,10.035120771607135,74.28423456614617,,
P0C0L4,249,1,2.058206930009258,11.425120771607133,40.33768969793471,,
P49796,243,1,1.8707868985321416,10.185120771607133,78.06507587489453,,
P07996,110,1,1.947583316391849,10.625120771607135,29.43318887240106,,
P54071,251,1,2.254441659053489,10.895120771607134,33.327323866219515,,
P06681,386,1,2.184397937437005,10.845120771607133,61.76328614557015,,
Q8N2N9,536,1,1.8706978466324424,10.105120771607133,68.80654052537761,,
Q6IMI6,99,1,1.926687347396576,11.195120771607133,54.15896295278563,,
Q9BVV6,530,1,1.91701090130104,10.695120771607133,53.698425104723455,,
P08697,175,1,2.1514220112087674,10.865120771607135,33.683076509315086,,
Q9UP95,1010,1,1.9074061280647376,10.105120771607133,77.86375214567698,,
P52565,138,1,1.9888057696160824,10.295120771607134,62.48267813831873,,
Q86TB3,1760,1,1.870645838909178,10.655120771607134,45.5735465542238,,
P19827,580,1,1.9957637730366309,9.305120771607134,39.28106736877734,,
Q15858,1979,1,1.8706707168168304,10.785120771607135,66.87334839602174,,
Q8IWZ5,411,1,1.9818526441046669,10.095120771607133,73.20447571609205,,
A7E2V4,604,1,1.8706828792465184,10.115120771607135,75.79376983619606,,
Q04727,231,1,1.8706108437252376,10.105120771607133,79.10219414966087,,
Q53HI1,71,1,2.240343214744611,10.965120771607134,29.64576997529398,,
Q9HCH3,37,1,2.0138696519056465,10.215120771607134,36.64363488624177,,
Q6NUM9,330,1,2.333586490653734,10.225120771607134,53.06483786132604,,
P82251,464,1,1.884114908290224,10.085120771607134,75.9363196028527,,
P20594,791,1,1.8707182862762783,10.115120771607135,79.30139075885255,,
Q10571,902,1,1.8706956465835824,10.045120771607134,54.62738750740526,,
A6NMZ7,646,1,2.2143508775992147,10.865120771607135,27.65894169636276,,
P26599,398,1,1.9621199146630608,10.225120771607134,62.45466560382423,,
P05156,142,1,1.927644513498016,11.235120771607134,55.24510316291735,,
Q63HK5,569,1,1.8706687513734288,10.135120771607134,75.28846429282022,,
Q13330,462,1,1.8706415375338108,10.135120771607134,83.83974859619775,,
P18754,335,1,2.297481119643296,10.035120771607135,40.6663133794696,,
Q9UGN5,229,1,1.9124540342916727,10.085120771607134,84.7175619434883,,
Q14624,111,1,1.910033529611847,11.025120771607133,45.90616267642263,,
Q3KNS6,32,1,1.934791912098564,10.045120771607134,88.47464495779388,,
Q14584,163,1,2.145781588279186,10.045120771607134,66.82183936647226,,
P05546,275,1,1.8707622422758188,10.125120771607135,65.8818813895029,,
P59910,178,1,2.1638807919327414,10.655120771607134,39.05385822509116,,
Q3V5L5,83,1,1.93179232625112,11.145120771607134,61.11268194196579,,
Q8NDI1,839,1,1.9028750825439429,10.075120771607134,67.08043171177087,,
Q9NY61,264,1,2.2472311348107508,10.125120771607135,80.60197739251524,,
Q6NT55,318,1,2.243839950738187,10.045120771607134,70.47201005578538,,
Q9UFD9,611,1,2.15166833530716,10.055120771607134,71.31693485498366,,
Q15849,531,1,1.8835117302816191,10.115120771607135,82.08137300804475,,
Q9NQX0,3,1,1.870680437339164,10.125120771607135,82.20441872031036,,
Q9UPR0,571,1,2.0947125292359274,8.775120771607133,31.882060345874308,,
P42224,511,1,1.8933855345805224,10.155120771607134,75.19280934150312,,
Q9Y3P9,460,1,1.898778205422008,10.095120771607133,84.92438345984962,,
P05155,385,1,1.943280489044476,9.815120771607134,45.93417521091713,,
A8TX70,213,1,1.9167997037734352,10.065120771607134,74.21295968281785,,
Q93070,190,1,1.942381327209272,10.105120771607133,78.38944531637767,,
Q15040,30,1,1.9606595319086868,9.825120771607134,51.523035816729895,,
P55291,114,1,1.9067790171388583,11.255120771607134,62.57744951670203,,
Q14624,336,1,1.9376406310655447,10.905120771607134,49.43966901354774,,
Q9BZI1,309,1,1.870632977428364,10.125120771607135,77.33894254791011,,
Q6GPH4,140,1,1.921000228617431,10.125120771607135,79.43906451191143,,
Q12851,467,1,1.8707518703378387,10.115120771607135,89.76610133780709,,
Q92529,515,1,2.0802606980521485,10.375120771607135,67.79318054505406,,
Q96L21,187,1,1.898341222035067,10.375120771607135,72.60839123499687,,
Q7Z2W7,382,1,2.319744466485888,9.825120771607134,33.625807893234025,,
Q6YN16,220,1,2.350864305149906,9.905120771607134,33.677578722171305,,
Q14739,409,1,1.905863077096076,11.015120771607133,44.269327454055386,,
Q7Z417,330,1,1.870726700068825,10.105120771607133,77.46961316734536,,
Q8N3E9,208,1,2.098451487076132,10.805120771607134,40.60115805683108,,
Q9Y487,290,1,1.882742852988324,10.155120771607134,76.12576418484886,,
Q5VW32,155,1,2.3364470090195635,10.345120771607133,53.55826425748048,,
Q12959,321,1,1.9566946030309067,11.055120771607134,41.84234895438685,,
Q9H6T0,319,1,2.0360870152677624,9.735120771607134,60.80745658071546,,
P29622,150,1,1.985154513435663,10.085120771607134,76.01672473983052,,
P0C0L5,1174,1,2.0977509545223594,9.775120771607133,35.72442451075547,,
Q8NEC7,216,1,1.8708032598620743,10.135120771607134,86.21096382626507,,
Q9NR20,170,1,1.925161961732892,10.445120771607133,25.81803385120609,,
Q9BVS5,233,1,1.9234134000299183,10.105120771607133,19.661723072338667,,
Q9HB71,207,1,2.390898421537865,9.995120771607134,31.42790385788974,,
P49643,335,1,1.904861279914244,10.115120771607135,79.18047216661282,,
Q7Z309,165,1,1.894315480542584,10.125120771607135,79.47682907360144,,
Q13395,282,1,2.0450876762241084,10.055120771607134,74.31011998061481,,
P05452,62,1,1.885254701393132,10.055120771607134,68.35513293096493,,
P33908,435,1,1.972400305688444,11.035120771607135,53.07432808913375,,
Q9Y2H9,537,1,1.9416505948177287,10.185120771607133,36.69851458290916,,
P23276,235,1,2.040582948105748,10.205120771607135,70.39585915885931,,
Q13075,301,1,2.049682557564103,10.205120771607135,65.70431595472812,,
Q13163,146,1,1.8897143371609968,10.025120771607133,65.38907676689448,,
P16403,23,1,1.87073737473304,10.115120771607135,77.73033263266984,,
Q9NVH1,264,1,1.894492661351438,10.115120771607135,78.68642399691234,,
Q96PD5,40,1,1.977490652625029,10.965120771607134,41.69829384125036,,
Q8N5G2,545,1,1.879001985122916,10.085120771607134,76.7142237587744,,
P47869,231,1,1.9206704542904696,10.825120771607134,63.32184335098543,,
P10636,383,1,1.8706526380955328,10.085120771607134,65.18925838415677,,
P11277,548,1,2.260881662211548,11.425120771607133,34.21214034713369,,
Q8WV99,99,1,1.9624948682862755,9.985120771607134,62.450411363772496,,
P28289,314,1,2.179517886755559,10.525120771607133,60.21686988676406,,
Q460N5,1296,1,1.9258234702554848,11.145120771607134,56.57645122464645,,
Q9NVN8,477,1,1.9062316207136791,10.075120771607134,82.00034609752093,,
P10636,664,1,1.870668372203232,10.795120771607134,66.44569909605184,,
Q00013,197,1,1.9130752110055864,10.065120771607134,67.54309667985893,,
P17066,514,1,2.0164095978097305,11.305120771607134,67.31163329612099,,
Q8N2F6,320,1,2.018479364634903,11.175120771607133,25.551194825191807,,
Q8NE09,750,1,2.319992083793116,10.035120771607135,59.37194508756578,,
P09630,221,1,1.8707117078497244,10.135120771607134,85.68402710847232,,
J5Q4T5,26,1,1.978065172910619,9.945120771607133,50.69699329837663,,
Q99551,114,1,2.1799811889229286,10.005120771607134,29.022556532638102,,
P62333,206,1,1.8707274924687427,10.125120771607135,87.66535760025977,,
Q96M34,476,1,1.8708275152221827,10.125120771607135,83.10873925561557,,
P19823,327,1,2.0072412523675203,10.295120771607134,68.13430514735636,,
P62328,26,1,1.8707095402709384,10.105120771607133,80.82705941617556,,
P61011,442,1,1.896369470937333,10.105120771607133,79.12382532407779,,
A8MY62,60,1,2.2901239198956933,9.785120771607135,49.59010548676184,,
Q9NVH2,805,1,1.9882465711231136,9.565120771607134,56.75676555299312,,
P51523,494,1,2.163105946490762,10.285120771607135,66.08107799869458,,
Q9UIG0,131,1,1.9603706033575656,10.335120771607134,65.11310748723069,,
Q96K37,119,1,2.3964915801593625,7.395120771607133,10.872855824533422,,
Q9Y618,2350,1,1.8706020710640483,10.175120771607133,80.58096799164434,,
P36955,160,1,1.9136656549382445,10.195120771607133,79.87584406553083,,
Q96MY7,630,1,1.8706836389180137,10.125120771607135,82.83126462947195,,
Q9UHF7,474,1,1.870660484868349,10.665120771607134,49.841432899049,,
Q9BSG1,404,1,2.1734682405202768,10.765120771607133,56.96784130940618,,
Q9UM01,509,1,1.8959191857497,10.135120771607134,80.75215206634152,,
P55081,357,1,2.058080325018688,10.225120771607134,47.8826171546123,,
Q5JRA6,1284,1,1.9226707069020992,12.255120771607134,49.298362793983145,,
Q9H0V1,532,1,2.148651899314356,11.165120771607134,24.63987115626297,,
Q96NN9,593,1,1.870702562517868,10.115120771607135,82.06674496725148,,
P28330,66,1,2.023831368150654,10.405120771607134,67.20347742403648,,
P0C0L4,1375,1,2.325586170967974,11.405120771607134,66.31502847661658,,
Q9UP83,833,1,1.9427980773810647,9.905120771607134,62.18206699127837,,
Q92995,18,1,1.896214026971815,10.145120771607134,82.19253957308896,,
Q96R06,779,1,1.884015003884268,10.725120771607134,59.48010095965029,,
P08572,1346,1,1.870700163707047,10.725120771607134,59.95952108855748,,
Q9UK55,281,1,1.9098277638636385,10.065120771607134,79.37754165577863,,
Q96FN4,174,1,2.3484579886480867,10.095120771607133,59.07496640703111,,
Q86SQ7,468,1,2.001199271238739,12.075120771607134,36.54133677545924,,
P30101,422,1,2.309138052140804,10.265120771607133,32.12540287683362,,
Q14520,397,1,1.9432364627022949,10.655120771607134,26.23805824400635,,
Q9Y6Q3,201,1,1.8706626211132165,10.125120771607135,82.75023771894811,,
P13667,616,1,1.964502250987116,11.485120771607134,45.80288281793586,,
Q9Y4F5,1490,1,1.870741478497929,10.105120771607133,82.38960906225478,,
Q5VTL8,105,1,1.8707193562487747,10.095120771607133,80.36014020803577,,
Q9P2D6,458,1,1.8844900345373008,10.745120771607134,64.02333481059325,,
Q14651,471,1,2.057026504707393,10.165120771607134,68.87719363515993,,
Q96DZ5,437,1,1.904627087443597,11.085120771607134,32.78212664112778,,
Q96QP1,1140,1,1.975446289043501,9.345120771607133,31.431896298553667,,
Q9Y5A6,248,1,1.870710153119199,10.125120771607135,83.39596590895471,,
Q68DN1,1200,1,1.870676912844082,10.115120771607135,86.02577348432065,,
P19999,44,1,1.8707363410486977,10.135120771607134,75.6777272575541,,
P10909,68,1,2.047239834565414,11.015120771607133,45.31007819532743,,
A8K855,240,1,1.8959033957627465,9.815120771607134,67.28362076162648,,
Q9P241,963,1,1.9287998693675847,10.015120771607133,77.82536581044094,,
Q06203,403,1,2.016573899318333,10.405120771607134,62.17231496408285,,
P46100,1830,1,2.083600336684771,12.725120771607134,29.914114347788104,,
P36955,151,1,2.094222679727256,9.865120771607135,48.22436353046061,,
Q8N5Q1,451,1,1.870608040089511,10.125120771607135,86.15156809015814,,
Q3V5L5,73,1,1.916643915599612,10.075120771607134,80.43841822498774,,
Q6NUM9,337,1,2.210482317170027,9.985120771607134,53.264656244063744,,
Q14997,850,1,1.8706847150465555,11.075120771607134,64.46374683071836,,
Q5VTT5,730,1,2.156853269717257,10.245120771607134,82.61743997948699,,
Q86W25,866,1,1.983545658771,10.045120771607134,60.71517229651626,,
Q8NBS9,244,1,2.3285675950806333,10.525120771607133,29.341166387589663,,
P35527,212,1,1.9968412088948089,10.705120771607135,50.418013325753165,,
Q8TD16,310,1,1.8706692308921289,10.125120771607135,77.7260783926181,,
Q8N402,62,1,1.8706790896121368,10.105120771607133,75.65822320316306,,
P23193,265,1,1.9057638811244364,10.215120771607134,61.93322667317527,,
Q00013,180,1,1.9348330856217344,9.955120771607135,40.53050494704878,,
Q08AG5,483,1,2.091946072711988,9.815120771607134,76.97556499764491,,
P05546,410,1,2.1803621382353096,10.875120771607135,31.87381366515864,,
Q14773,145,1,1.9429813737287176,10.145120771607134,86.90145971158532,,
Q14624,170,1,1.9653996391322552,9.995120771607134,66.7456884695462,,
P40306,223,1,2.17867408224294,10.015120771607133,67.04479427010672,,
Q8IYH5,822,1,2.040429279099614,11.275120771607133,55.28561661817928,,
Q8NB78,705,1,1.969577214256987,10.115120771607135,67.7946858915339,,
P04278,202,1,1.908482274846638,10.965120771607134,61.295745163884334,,
Q6PKC3,567,1,1.9185441952946671,10.105120771607133,87.20544152574361,,
Q15005,182,1,1.9112951389966448,10.105120771607133,80.0253969658111,,
P06396,169,1,1.9548977424502605,9.965120771607134,45.39598111944902,,
Q14624,113,1,1.9822354631159185,10.445120771607133,18.019390062827654,,
Q9NU02,510,1,1.898992567492867,10.515120771607133,59.83798072277173,,
Q2KHR2,198,1,1.87071242706046,10.115120771607135,80.35313707441216,,
P25705,123,1,1.930858776558666,10.185120771607133,70.86827615414288,,
Q6P1R4,296,1,1.9216587023039533,10.105120771607133,79.58374139859393,,
Q9HAC7,282,1,2.3289247332146736,10.465120771607134,62.81041824691981,,
Q7L592,307,1,2.2009027647016075,10.545120771607134,46.494000476802135,,
Q96QU8,701,1,1.902254947493812,10.095120771607133,72.36868117054325,,
Q14624,119,1,2.3214194389584497,9.755120771607134,67.35303032431673,,
Q8IYD8,1717,1,1.8981055663723536,10.105120771607133,86.7071391159914,,
Q9H6R3,141,1,1.9052739943946029,10.785120771607135,44.77888723748296,,
Q6EMK4,636,1,1.8707177533992223,10.125120771607135,76.76448924123183,,
P35716,158,1,1.8706916020272453,10.135120771607134,80.49081082747102,,
Q9BQ61,137,1,1.927570494224287,10.105120771607133,82.90892087287787,,
Q9Y2X0,276,1,1.903495587575316,10.945120771607133,47.35355331679369,,
Q8IYT3,267,1,1.989974986249088,10.365120771607135,64.11650266772628,,
P43652,514,1,1.893968620170856,10.085120771607134,81.97596602953213,,
P82987,213,1,1.895646526328212,10.115120771607135,71.43847522076942,,
P11277,302,1,1.8830598673862364,10.075120771607134,62.44615712372075,,
P13671,907,1,2.2306440049767247,10.045120771607134,76.82388497733876,,
A3KMH1,441,1,2.141080837672959,6.685120771607133,16.21562500581499,,
Q10713,483,1,1.8941521933428365,10.535120771607135,62.61033806479429,,
Q7L0Y3,153,1,1.8887484872158444,10.025120771607133,65.35982068530791,,
Q9NZM5,85,1,1.8853785965229184,9.935120771607133,65.10947502072497,,
Q5T1C6,237,1,1.9715763555091088,9.955120771607135,73.47707432863791,,
P06276,376,1,2.0165070809609014,10.185120771607133,82.75023771894811,,
P39023,366,1,2.2620410528502064,12.375120771607135,19.7673918502391,,
P54108,24,1,1.9615820581690773,10.075120771607134,73.7929352900176,,
Q13023,1025,1,1.9220118286790595,11.075120771607134,58.784107287186245,,
Q8N158,27,1,1.8976353998202544,10.115120771607135,86.83293372182888,,
Q06033,123,1,1.9379668507468364,9.775120771607133,25.723000673435,,
P80108,764,1,2.17583334109816,11.505120771607134,46.48761911672453,,
P06396,373,1,1.8759875789879712,10.025120771607133,84.62040164569135,,
Q9UK55,345,1,1.989428906141588,10.245120771607134,41.46771403044627,,
Q9BYE7,238,1,1.8707167350945249,10.125120771607135,84.42820817012327,,
Q6KF10,158,1,1.9034500753846435,10.045120771607134,80.86544575141161,,
Q8N954,98,1,1.870697548980634,10.125120771607135,86.91121173878085,,
Q8N3S3,101,1,1.922780382880055,7.805120771607133,23.186099155814286,,
P19827,214,1,1.8706536706567305,10.115120771607135,89.20565429837606,,
Q96NR8,117,1,1.9539401160105188,10.065120771607134,81.17855781921939,,
Q7LBR1,87,1,1.8707886991672469,11.105120771607133,56.30597973212645,,
Q96GC9,6,1,1.8707073379163817,10.115120771607135,73.13594972633562,,
Q9NVA1,254,1,2.287713972319904,11.425120771607133,17.79093737204942,,
P07357,361,1,2.235736408857732,10.015120771607133,51.050618821446335,,
Q15431,161,1,1.8706655546169293,10.045120771607134,71.76133931577272,,
P16435,404,1,2.0574811245618863,10.375120771607135,60.15259813705936,,
Q674X7,565,1,1.9210730416192343,10.045120771607134,67.88271593568138,,
P0CG41,89,1,1.886625025027853,10.075120771607134,75.48065776838828,,
Q3T8J9,242,1,1.8707049961245896,10.675120771607133,51.38873273078893,,
Q9P2F8,1189,1,1.8706994613273271,10.115120771607135,73.42042748610288,,
Q8IWJ2,1149,1,1.9330525887936048,10.055120771607134,71.22739946435635,,
Q3YEC7,138,1,1.9126144927212647,10.165120771607134,67.3579063379145,,
P18206,59,1,2.0399802621937857,11.015120771607133,44.21844019805192,,
Q9HD90,185,1,1.8706896165741844,10.115120771607135,83.583283370925,,
Q15311,308,1,1.9414929637476608,9.955120771607135,75.81265211704107,,
P04075,13,0,2.3998045373103687,9.565454545454545,38.65686622843114,CPLM004971,Ubiquitination
P04075,28,0,2.674455653629022,9.775,31.68912237829721,CPLM004971,Ubiquitination
P04075,42,0,1.9890511314004355,10.13125,60.4198134996936,CPLM004971,Ubiquitination
P04075,87,0,1.968805866317144,10.26875,54.15155893884944,CPLM004971,Ubiquitination
P04075,99,0,2.0398041234379023,10.0175,49.54521916360057,CPLM004971,Ubiquitination
P04075,99,0,2.0398041234379023,10.0175,49.54521916360057,CPLM004971,Methylation
P04075,101,0,2.0482025149545446,9.98375,25.667261947526384,CPLM004971,Ubiquitination
P04075,101,0,2.0482025149545446,9.98375,25.667261947526384,CPLM004971,Methylation
P04075,111,0,1.9264557842264345,10.12875,43.511299598529256,CPLM004971,Ubiquitination
P04075,139,0,2.1380311555158253,10.627272727272729,34.723886750448,CPLM004971,Ubiquitination
P04075,147,0,5.097674386679583,13.66125,9.238200900192703,CPLM004971,Ubiquitination
P04075,200,0,1.9794169207048464,9.93125,56.67995197636667,CPLM004971,Ubiquitination
P04075,208,0,2.00752362688531,10.1425,47.90013726051768,CPLM004971,Ubiquitination
P04075,215,0,2.064326070403534,10.44875,48.27170422288248,CPLM004971,Ubiquitination
P04075,215,0,2.064326070403534,10.44875,48.27170422288248,CPLM004971,Methylation
P04075,243,0,1.8844786681257495,10.4275,75.45619179747536,CPLM004971,Ubiquitination
P04075,289,0,1.9484272740586333,10.3575,50.07434845126613,CPLM004971,Ubiquitination
P04075,294,0,2.174978738755206,8.82375,13.601263594329208,CPLM004971,Ubiquitination
P04075,294,0,2.174978738755206,8.82375,13.601263594329208,CPLM004971,Methylation
P04075,312,0,1.9605506940526949,10.5975,50.382077269162295,CPLM004971,Ubiquitination
P04075,312,0,1.9605506940526949,10.5975,50.382077269162295,CPLM004971,Methylation
P04075,317,0,2.1203493783042884,10.446363636363635,57.42860525693964,CPLM004971,Ubiquitination
P04075,318,0,1.9145600215906984,10.3025,58.84004645325115,CPLM004971,Ubiquitination
P04075,322,0,1.972403091085119,10.53375,71.27211398166935,CPLM004971,Ubiquitination
P04075,322,0,1.972403091085119,10.53375,71.27211398166935,CPLM004971,Methylation
P04075,330,0,2.0364081832085343,10.86,53.44587050780596,CPLM004971,Ubiquitination
P04075,330,0,2.0364081832085343,10.86,53.44587050780596,CPLM004971,Methylation
P04075,342,0,1.924228193208891,10.31625,56.53384337428214,CPLM004971,Ubiquitination
P04083,26,0,2.114299749945108,10.14,62.08189600052171,CPLM004976,Ubiquitination
P04083,58,0,1.9288551884869245,10.486666666666666,69.8177889689722,CPLM004976,Ubiquitination
P04083,71,0,1.9148734025982288,10.36,77.6764346837067,CPLM004976,Ubiquitination
P04083,242,0,2.06715621997398,10.09,41.89474155687016,CPLM004976,Ubiquitination
P04406,3,0,1.890203819137121,10.488272727272728,54.27376585182652,CPLM005036,Ubiquitination
P04406,27,0,1.9788637381962184,10.706846846846847,43.82050129594853,CPLM005036,Phosphoglycerylation
P04406,27,0,1.9788637381962184,10.706846846846847,43.82050129594853,CPLM005036,Ubiquitination
P04406,66,0,2.5272294898377003,10.157387387387388,43.95283381082187,CPLM005036,Ubiquitination
P04406,66,0,2.5272294898377003,10.157387387387388,43.95283381082187,CPLM005036,Methylation
P04406,84,0,1.951592610290133,10.81072072072072,53.23481376722681,CPLM005036,Ubiquitination
P04406,86,0,2.1464060148494672,10.515945945945946,58.34206639136565,CPLM005036,Ubiquitination
P04406,117,0,1.9981751139419288,10.407431192660551,57.1679329002206,CPLM005036,Ubiquitination
P04406,139,0,1.908330591434957,10.122702702702702,56.66238775814892,CPLM005036,Phosphoglycerylation
P04406,139,0,1.908330591434957,10.122702702702702,56.66238775814892,CPLM005036,Ubiquitination
P04406,251,0,2.294165445134849,10.48045045045045,63.20387619306018,CPLM005036,Ubiquitination
P04406,254,0,2.1355642332247786,11.05927927927928,60.224362125325015,CPLM005036,Phosphoglycerylation
P04406,254,0,2.1355642332247786,11.05927927927928,60.224362125325015,CPLM005036,Ubiquitination
P04406,259,0,2.2927428814435453,10.732743362831858,33.59265349133866,CPLM005036,Ubiquitination
P04406,271,0,1.9485835027307743,10.32425925925926,64.68604935694319,CPLM005036,Ubiquitination
P04632,9,0,2.009250940628136,10.37,61.87657983064023,CPLM005059,Methylation
P05089,33,0,2.665657017895741,10.167609756097562,60.54817796982651,CPLM005176,Ubiquitination
P06702,4,0,2.046156228668049,9.730163934426228,53.765880828540006,CPLM005440,Ubiquitination
P06702,25,0,1.991939459237204,10.416521739130436,44.011726341946094,CPLM005440,Ubiquitination
P06702,57,0,1.9969184109543645,10.657142857142857,69.63416038504236,CPLM005440,Ubiquitination
P06702,72,0,2.154381069217392,10.524925373134328,57.23932141337357,CPLM005440,Ubiquitination
P06732,196,0,2.089658713387525,10.11,32.00386251104787,CPLM005452,Ubiquitination
P06733,80,0,2.0558187495259554,10.3225,61.720666023359534,CPLM005453,Ubiquitination
P06744,12,0,10.701964052566623,10.2125,40.07373455580166,CPLM005458,Ubiquitination
P06744,12,0,10.701964052566623,10.2125,40.07373455580166,CPLM005458,Methylation
P06744,34,0,14.414878924341032,10.53125,77.74622467363234,CPLM005458,Ubiquitination
P06744,73,0,12.697538688970974,10.625,44.4173381923169,CPLM005458,Ubiquitination
P06744,89,0,18.070360939577668,10.875,36.11707859568442,CPLM005458,Ubiquitination
P06744,116,0,12.776403949785134,10.496666666666668,72.17162804383919,CPLM005458,Ubiquitination
P06744,124,0,15.46505640285111,10.81,59.81111901475276,CPLM005458,Ubiquitination
P06744,128,0,17.4125697621718,9.373333333333331,38.65475596669918,CPLM005458,Ubiquitination
P06744,130,0,17.35097395634138,10.286666666666669,47.75830062448509,CPLM005458,Ubiquitination
P06744,142,0,1.9634939117228445,10.3575,45.97065531936077,CPLM005458,Ubiquitination
P06744,147,0,2.220187147676084,11.2175,47.057572746425016,CPLM005458,Ubiquitination
P06744,172,0,11.535784761071632,9.446000000000002,32.215154251955866,CPLM005458,Ubiquitination
P06744,194,0,17.873950059612486,9.103333333333332,42.77692913559852,CPLM005458,Ubiquitination
P06744,211,0,22.31155134270013,9.0375,31.19697225415828,CPLM005458,Ubiquitination
P06744,226,0,2.484017687160838,8.785,24.51241576055913,CPLM005458,Ubiquitination
P06744,234,0,1.9965114024908577,10.2925,59.70959266674885,CPLM005458,Ubiquitination
P06744,241,0,2.406723353946248,10.17,51.83973944488905,CPLM005458,Ubiquitination
P06744,254,0,2.051513497165814,10.3425,57.04780465991709,CPLM005458,Ubiquitination
P06744,362,0,18.766692862364938,7.248,8.710890300149268,CPLM005458,Ubiquitination
P06744,366,0,13.133253504471543,9.271666666666668,46.01666383468952,CPLM005458,Ubiquitination
P06744,400,0,14.333139100145448,8.247499999999999,20.31908497264059,CPLM005458,Ubiquitination
P06744,418,0,15.949670239793525,10.385,75.16145886481416,CPLM005458,Ubiquitination
P06744,423,0,16.69599518157622,8.8,23.208208114113926,CPLM005458,Ubiquitination
P06744,440,0,15.86593801938722,9.905,19.96914918469269,CPLM005458,Ubiquitination
P06744,447,0,16.7677930535101,10.715,64.19830679518265,CPLM005458,Ubiquitination
P06744,454,0,19.477701996207305,9.54125,36.681047655004434,CPLM005458,Ubiquitination
P06744,481,0,15.109814479171304,8.976666666666667,23.29258060264768,CPLM005458,Ubiquitination
P06744,497,0,21.272390491289517,9.61625,13.162311923914157,CPLM005458,Ubiquitination
P06744,524,0,9.91166769021441,10.476666666666668,70.38186925407378,CPLM005458,Ubiquitination
P06899,12,0,1.880271816011993,10.351,72.96803814398594,CPLM005508,Ubiquitination
P06899,24,0,1.905420619725359,10.41,75.35747388422357,CPLM005508,Ubiquitination
P07195,5,0,2.15054791248646,9.9475,62.50014506622346,CPLM005567,Ubiquitination
P07195,7,0,2.0890001333981427,10.05,57.61319316279282,CPLM005567,Ubiquitination
P07195,23,0,2.889086837251163,9.534375,6.495392118760251,CPLM005567,Ubiquitination
P07195,58,0,2.2429729294802714,9.932,34.8026397746225,CPLM005567,Ubiquitination
P07195,77,0,2.3133576935759352,10.490714285714288,53.69752283183336,CPLM005567,Ubiquitination
P07195,91,0,2.000778030168629,8.848749999999999,42.33011393878014,CPLM005567,Ubiquitination
P07195,156,0,2.155170235588936,9.957333333333334,52.762856630822846,CPLM005567,Ubiquitination
P07195,229,0,2.183664999099716,10.988125,48.06996325089063,CPLM005567,Ubiquitination
P07195,233,0,2.0605680317028225,10.984285714285717,57.03163153523689,CPLM005567,Ubiquitination
P07195,244,0,2.0354610834845466,10.66875,61.175943309658194,CPLM005567,Ubiquitination
P07195,246,0,2.4506742683352774,8.07090909090909,15.172735244544905,CPLM005567,Ubiquitination
P07195,308,0,1.925560408639864,10.065833333333334,69.59370310756576,CPLM005567,Ubiquitination
P07195,310,0,2.060600424454452,10.493125,45.83954700407404,CPLM005567,Ubiquitination
P07195,318,0,2.1014212450695484,10.36909090909091,53.652703924139466,CPLM005567,Ubiquitination
P07195,319,0,1.9870244442231768,10.281875,59.26060671667332,CPLM005567,Ubiquitination
P07195,332,0,1.9528457131081067,10.49375,69.46247480089295,CPLM005567,Ubiquitination
P07237,114,0,1.962460368879786,10.21825,65.53126165065436,CPLM005577,Ubiquitination
P07737,26,0,2.01833070700377,10.578,57.10893808946052,CPLM005682,Ubiquitination
P07737,38,0,2.0135494013402666,10.324,38.06283627753157,CPLM005682,Ubiquitination
P07737,70,0,2.167044546208017,10.334,66.2676886023178,CPLM005682,Ubiquitination
P07737,116,0,2.2125945732652013,10.318,54.68020553389374,CPLM005682,Ubiquitination
P07737,127,0,2.1395624547285763,10.77,24.52822680733602,CPLM005682,Ubiquitination
P07900,41,0,2.300329077386662,9.945857142857143,28.60877886023029,CPLM005713,Ubiquitination
P07900,58,0,2.0612342111758206,10.364604316546764,52.8463975845445,CPLM005713,Ubiquitination
P07900,69,0,2.1602092165449607,11.0815,31.095636489875385,CPLM005713,Ubiquitination
P07900,74,0,1.9272724500648803,10.249571428571429,67.39328268143922,CPLM005713,Ubiquitination
P07900,84,0,1.9669415495956064,10.911142857142856,49.07378964288287,CPLM005713,Ubiquitination
P07900,100,0,2.13451370048096,11.131214285714284,38.4747240856087,CPLM005713,Ubiquitination
P07900,112,0,1.9379031387029853,9.9,53.50678547786026,CPLM005713,Ubiquitination
P07900,116,0,2.0335583663654586,10.672571428571429,60.99545308484785,CPLM005713,Ubiquitination
P07900,153,0,3.4714948068388507,10.019785714285714,28.38761751615172,CPLM005713,Ubiquitination
P07900,185,0,2.922083831612378,9.882142857142858,32.359745586338434,CPLM005713,Ubiquitination
P07900,191,0,2.360959624752328,9.84542857142857,35.8365358910903,CPLM005713,Ubiquitination
P07900,191,0,2.360959624752328,9.84542857142857,35.8365358910903,CPLM005713,Methylation
P07900,204,0,2.039889531710652,10.523,57.36141765280349,CPLM005713,Ubiquitination
P07900,208,0,1.951069872140127,10.320285714285712,68.45434952270338,CPLM005713,Ubiquitination
P07900,209,0,1.929616740884247,10.794714285714283,57.49793761856042,CPLM005713,Ubiquitination
P07900,224,0,1.9063210693560204,10.243827160493828,71.76512692265638,CPLM005713,Ubiquitination
P07900,228,0,1.8911479549064447,10.46,82.87253075797379,CPLM005713,Ubiquitination
P07948,20,0,2.3446029019378685,10.34,72.32116458165771,CPLM005730,Ubiquitination
P07948,40,0,2.0458573910325617,10.52,61.89058609788749,CPLM005730,Ubiquitination
P07948,101,0,1.970220708210645,10.17,47.05657463625903,CPLM005730,Ubiquitination
P08133,34,0,1.9328274764976607,10.65,53.1002135036024,CPLM005778,Ubiquitination
P08133,40,0,2.256216208397559,9.88,26.99344765257732,CPLM005778,Ubiquitination
P08133,63,0,2.1095416495967205,11.56,40.71418994251336,CPLM005778,Ubiquitination
P08133,68,0,1.915827201711104,10.75,40.35719375232575,CPLM005778,Ubiquitination
P08133,75,0,2.15013886328357,9.99,47.08645249139161,CPLM005778,Ubiquitination
P08133,81,0,2.155324259654341,11.35,51.908044541412025,CPLM005778,Ubiquitination
P08133,99,0,2.7813727904896406,9.3,37.80016640676799,CPLM005778,Ubiquitination
P08133,102,0,2.7678309941221286,10.24,29.98964347116816,CPLM005778,Ubiquitination
P08133,113,0,1.9344195571491325,11.61,59.409447849868,CPLM005778,Ubiquitination
P08133,135,0,2.292441801922317,10.4,45.73134613521973,CPLM005778,Ubiquitination
P08133,208,0,2.1187829941304974,7.78,41.1887340578228,CPLM005778,Ubiquitination
P08133,220,0,1.9662224011663487,11.38,58.80148422155141,CPLM005778,Ubiquitination
P08133,224,0,2.5774974347618755,10.48,39.95268097325259,CPLM005778,Ubiquitination
P08133,240,0,1.9915209418789104,10.53,71.12811204653352,CPLM005778,Ubiquitination
P08133,247,0,2.014229524045054,11.59,27.92090470877928,CPLM005778,Ubiquitination
P08133,265,0,2.25056417627689,8.62,14.790749112794645,CPLM005778,Ubiquitination
P08133,299,0,2.076797411001912,9.65,46.99292466010037,CPLM005778,Ubiquitination
P08133,306,0,2.308346579828501,10.46,57.76037350612116,CPLM005778,Ubiquitination
P08133,354,0,2.2683503360398256,10.3,46.63167422986102,CPLM005778,Ubiquitination
P08133,370,0,2.0768950009438227,11.24,47.10808366580851,CPLM005778,Ubiquitination
P08133,374,0,1.9047528597603265,10.43,73.02203426771952,CPLM005778,Ubiquitination
P08133,377,0,1.9693510566912364,9.57,46.41696600694223,CPLM005778,Ubiquitination
P08133,406,0,2.122640394722504,10.49,48.29413306730908,CPLM005778,Ubiquitination
P08133,418,0,2.026874385015792,9.81,53.54825043089716,CPLM005778,Ubiquitination
P08133,442,0,2.6647037615935574,8.18,43.914458383893646,CPLM005778,Ubiquitination
P08133,445,0,2.8371966142569045,10.86,24.106553078392626,CPLM005778,Ubiquitination
P08133,446,0,2.128988934122504,10.55,38.44164035672284,CPLM005778,Ubiquitination
P08133,456,0,2.223107100409952,7.68,35.98851464319786,CPLM005778,Ubiquitination
P08133,478,0,2.12257279240048,10.81,42.758548636913446,CPLM005778,Ubiquitination
P08133,483,0,1.9466753175831448,10.05,45.40697669373659,CPLM005778,Ubiquitination
P08133,540,0,2.0651437192974256,9.64,22.607391609084267,CPLM005778,Ubiquitination
P08133,568,0,1.9338140427823067,10.51,67.6625099256188,CPLM005778,Ubiquitination
P08133,579,0,2.158655927978584,10.86,21.315935229071066,CPLM005778,Ubiquitination
P08133,600,0,2.456688643098074,9.32,32.543300149608015,CPLM005778,Ubiquitination
P08133,607,0,2.345579259658123,8.56,15.821486027483369,CPLM005778,Ubiquitination
P08133,613,0,1.9547406483571248,9.19,40.21038974561738,CPLM005778,Ubiquitination
P08133,620,0,2.356541160175352,8.49,45.19040315017975,CPLM005778,Ubiquitination
P08133,644,0,2.499613788817535,10.31,26.23380400395461,CPLM005778,Ubiquitination
P08133,647,0,2.265317384323115,9.63,33.26393568944865,CPLM005778,Ubiquitination
P08133,663,0,1.9561196049021576,11.35,27.926402495923064,CPLM005778,Ubiquitination
P08174,110,0,2.0713427772755524,10.677777777777775,49.7033537205493,CPLM005787,Ubiquitination
P08567,101,0,1.98291400138431,10.5084,63.45807589841448,CPLM005880,Ubiquitination
P08758,26,0,2.6078914277484557,10.335769230769232,59.80745088647146,CPLM005923,Ubiquitination
P08758,29,0,2.7886545808961114,9.93923076923077,58.08910920758639,CPLM005923,Ubiquitination
P08758,58,0,2.816261494467364,10.70346153846154,50.78180245486362,CPLM005923,Ubiquitination
P08758,76,0,3.585165662050052,10.939615384615385,49.58044534108222,CPLM005923,Ubiquitination
P08758,79,0,3.302144190163914,9.91,53.01843266118773,CPLM005923,Ubiquitination
P08758,86,0,3.071785929537955,9.36076923076923,34.67271469607205,CPLM005923,Ubiquitination
P08758,97,0,3.946126733351078,10.234615384615385,31.171438632617,CPLM005923,Ubiquitination
P08758,101,0,3.503894083246493,10.271538461538462,54.18694402100756,CPLM005923,Ubiquitination
P08758,108,0,3.628213511263195,9.73846153846154,48.74578861594964,CPLM005923,Ubiquitination
P08758,126,0,3.3764358874997886,9.452307692307691,35.47422610832818,CPLM005923,Ubiquitination
P08758,186,0,1.979101413431016,10.4256,58.39855663777138,CPLM005923,Ubiquitination
P08758,193,0,2.098567754352729,10.7228,53.4779507502884,CPLM005923,Ubiquitination
P08758,286,0,3.209078756406936,9.194615384615386,39.65720512189596,CPLM005923,Ubiquitination
P08758,290,0,3.2511879432623454,10.809615384615386,56.36014829103373,CPLM005923,Ubiquitination
P08758,301,0,3.4464258893426,10.386923076923075,51.202238426509126,CPLM005923,Ubiquitination
P08758,310,0,3.301710645490031,10.715769230769231,45.86626973605583,CPLM005923,Ubiquitination
P09104,5,0,2.374122977096675,10.055666666666667,55.58850432906272,CPLM005981,Ubiquitination
P09104,28,0,1.9111999723974664,10.960333333333333,36.34258740688839,CPLM005981,Ubiquitination
P09104,60,0,2.432543640554867,8.734666666666667,36.35342262905093,CPLM005981,Ubiquitination
P09104,89,0,2.0504098479374155,10.698666666666666,53.48939792851992,CPLM005981,Ubiquitination
P09104,103,0,3.071835022279582,10.176666666666668,10.180012471369231,CPLM005981,Ubiquitination
P09104,105,0,1.9672659674386428,10.267142857142858,54.004659094865175,CPLM005981,Ubiquitination
P09104,120,0,2.120450253948019,10.692333333333332,19.31986652258132,CPLM005981,Ubiquitination
P09104,193,0,2.3879827122653667,8.860714285714286,37.855728651839286,CPLM005981,Ubiquitination
P09104,199,0,1.9189526686828875,10.933,48.92420129060216,CPLM005981,Ubiquitination
P09104,202,0,2.097413326846832,9.134482758620688,50.68540641857524,CPLM005981,Ubiquitination
P09104,228,0,2.409477714196766,10.626,40.06609246804718,CPLM005981,Ubiquitination
P09104,262,0,2.1782324653200518,7.908333333333333,16.05425186317559,CPLM005981,Ubiquitination
P09104,326,0,1.9010366833930084,10.861,66.26476735748228,CPLM005981,Ubiquitination
P09104,335,0,2.105312689473165,10.280666666666669,67.53748762797532,CPLM005981,Ubiquitination
P09104,343,0,5.096283907231449,11.546666666666663,11.792770876705209,CPLM005981,Ubiquitination
P09104,358,0,2.158308844924874,10.234,43.8902812104304,CPLM005981,Ubiquitination
P09104,394,0,5.721586023338181,16.618666666666666,6.722493406552817,CPLM005981,Phosphoglycerylation
P09104,394,0,5.721586023338181,16.618666666666666,6.722493406552817,CPLM005981,Ubiquitination
P09104,406,0,5.538575316616848,9.7,5.517131936878928,CPLM005981,Ubiquitination
P09493,12,0,2.1255553496177626,10.169411764705885,48.22745122324025,CPLM006059,Ubiquitination
P09601,18,0,3.710811552839724,10.078153846153846,58.12657194478992,CPLM006090,Ubiquitination
P09601,22,0,3.7999954789338246,10.486,65.08886335353941,CPLM006090,Ubiquitination
P09601,39,0,2.6375691317632723,10.052380952380952,47.68069502679407,CPLM006090,Ubiquitination
P09601,86,0,3.463532255694226,10.93953846153846,41.01812292101663,CPLM006090,Ubiquitination
P09601,148,0,4.718597856065849,8.973015873015873,26.18485531008462,CPLM006090,Ubiquitination
P09601,149,0,3.5331654822099283,10.243387096774194,64.31988542801601,CPLM006090,Ubiquitination
P09601,153,0,2.703520838688154,10.252833333333331,67.26767008850943,CPLM006090,Ubiquitination
P09601,177,0,3.677562261538861,10.29,64.4728512211219,CPLM006090,Ubiquitination
P09601,179,0,4.241730964383073,9.317384615384617,29.51231270275975,CPLM006090,Ubiquitination
P09960,20,0,2.020558343594596,9.793333333333331,40.31793475246371,CPLM006152,Ubiquitination
P09960,73,0,1.9181931784604616,10.395,79.92879844586712,CPLM006152,Ubiquitination
P09960,83,0,3.3427754160758667,10.156666666666666,14.287821580524652,CPLM006152,Ubiquitination
P09960,127,0,1.9733376954590087,10.478333333333332,55.43561130492645,CPLM006152,Ubiquitination
P09960,154,0,2.1248950734375454,6.4816666666666665,7.352586718953898,CPLM006152,Ubiquitination
P09960,188,0,3.0662199963319314,11.1525,31.210045861086503,CPLM006152,Ubiquitination
P09960,191,0,2.164797280340941,10.605,38.24594531434299,CPLM006152,Ubiquitination
P09960,225,0,1.951709983837384,11.145,64.81929221596528,CPLM006152,Ubiquitination
P09960,230,0,2.099718365712292,10.248333333333331,55.07996229075522,CPLM006152,Ubiquitination
P09960,337,0,2.204581746020976,10.773333333333332,64.28798126673472,CPLM006152,Ubiquitination
P09960,355,0,1.9642848561691395,10.046666666666669,61.359646031122985,CPLM006152,Ubiquitination
P09960,365,0,2.6511108172536315,10.15,41.04613520378096,CPLM006152,Ubiquitination
P09960,386,0,4.273080367628131,7.243333333333333,7.119170748115306,CPLM006152,Ubiquitination
P09960,409,0,2.250197392417204,10.405,53.50523897314334,CPLM006152,Ubiquitination
P09960,414,0,1.95342451902468,10.305,56.00483407800266,CPLM006152,Ubiquitination
P09960,418,0,2.2659413562572794,10.046666666666669,52.78408528868101,CPLM006152,Ubiquitination
P09960,434,0,1.9519851204860903,10.518333333333333,68.3847871657871,CPLM006152,Ubiquitination
P09960,458,0,1.9408099381268875,9.153333333333334,39.42809499579613,CPLM006152,Ubiquitination
P09960,480,0,2.227984954378224,10.606666666666667,60.37796377672313,CPLM006152,Ubiquitination
P09960,493,0,1.907313952431479,10.525,59.20271359996927,CPLM006152,Ubiquitination
P09960,519,0,2.1027766100098666,10.378333333333332,45.3479900191731,CPLM006152,Ubiquitination
P09960,547,0,2.1455782504846725,10.175,56.65210033941258,CPLM006152,Ubiquitination
P09960,557,0,2.0267383386901106,10.29,67.58362649758257,CPLM006152,Ubiquitination
P09960,566,0,1.9696550695973605,9.015,42.42123648819598,CPLM006152,Ubiquitination
P09960,573,0,2.0847259321013323,9.78,49.71608007967843,CPLM006152,Ubiquitination
P09960,580,0,1.9561939707719636,10.745,52.86392864780584,CPLM006152,Ubiquitination
P09960,593,0,2.091752976930381,11.095,41.7681342820997,CPLM006152,Ubiquitination
P09960,606,0,1.9025837040199851,10.07625,51.43726788291764,CPLM006152,Ubiquitination
P09972,13,0,2.4980695667921933,8.612499999999999,32.6510469601491,CPLM006156,Ubiquitination
P09972,28,0,2.671645139355631,9.7425,33.09751036404012,CPLM006156,Ubiquitination
P09972,42,0,1.98470187655792,10.301666666666668,73.05091946684003,CPLM006156,Ubiquitination
P09972,108,0,2.29336912250374,10.390833333333331,33.01728248706446,CPLM006156,Ubiquitination
P09972,139,0,2.195128559542606,11.166666666666666,22.03971236156529,CPLM006156,Ubiquitination
P09972,140,0,1.9220541573977103,10.315833333333332,58.12586454102746,CPLM006156,Ubiquitination
P09972,147,0,4.757959101062209,13.649166666666666,15.212701549002968,CPLM006156,Ubiquitination
P09972,153,0,2.3624566287872906,10.062,43.91794358824372,CPLM006156,Ubiquitination
P09972,200,0,2.085555061131233,10.355555555555556,62.08741924038376,CPLM006156,Ubiquitination
P09972,208,0,2.1194082054665486,9.505555555555556,44.175286932296366,CPLM006156,Ubiquitination
P09972,215,0,2.418944162961508,8.447272727272727,28.18264757171061,CPLM006156,Methylation
P09972,230,0,4.7888789603280015,7.484166666666667,3.90734495459448,CPLM006156,Ubiquitination
P09972,330,0,1.9734977972330432,10.745,55.91331882950512,CPLM006156,Ubiquitination
P09972,342,0,1.9602322508781729,10.050833333333332,42.05329926525993,CPLM006156,Ubiquitination
P0CG47,6,0,3.633708036232125,10.031866666666666,50.021958412235165,CPLM007274,Ubiquitination
P0CG47,6,0,3.633708036232125,10.031866666666666,50.021958412235165,CPLM007274,Methylation
P0CG47,33,0,3.561717592078924,10.142346666666668,49.9683962646201,CPLM007274,Ubiquitination
P0CG47,48,0,2.82899091568153,10.178662952646238,54.69875701042874,CPLM007274,Ubiquitination
P0CG47,63,0,3.385417512388753,10.340054644808744,58.95646024965552,CPLM007274,Ubiquitination
P0CG47,63,0,3.385417512388753,10.340054644808744,58.95646024965552,CPLM007274,Methylation
P0DMM9,16,0,1.8707601537840632,10.115,60.52466415450717,CPLM007454,Ubiquitination
P0DMM9,97,0,1.935526954299542,10.55,62.16868249757714,CPLM007454,Ubiquitination
P0DMM9,106,0,4.564843582245338,7.87,25.501862003053404,CPLM007454,Ubiquitination
P0DMM9,122,0,2.06629940996429,10.325,65.53269009356404,CPLM007454,Ubiquitination
P0DMM9,197,0,2.076722238631469,9.28,36.09981210793599,CPLM007454,Ubiquitination
P0DMM9,201,0,2.017649688013797,12.41,31.802718768909436,CPLM007454,Ubiquitination
P0DMM9,283,0,1.984585077395608,10.32,29.303892699751763,CPLM007454,Ubiquitination
P10114,31,0,1.8918268083291003,10.31,59.23155516585848,CPLM007518,Ubiquitination
P10114,42,0,2.213107928653695,10.13,41.80721329488264,CPLM007518,Ubiquitination
P10114,94,0,2.1348924611275293,10.286666666666669,43.853939092080736,CPLM007518,Ubiquitination
P10114,108,0,1.8913513956348431,10.7,64.84763199969453,CPLM007518,Ubiquitination
P10591,3,0,1.9174735774314529,10.463,68.04294370599914,CPLM007581,Ubiquitination
P10591,69,0,2.687351317936465,10.763,22.81104044411471,CPLM007581,Ubiquitination
P10599,3,0,2.2814810264278065,10.18380073800738,54.813830332398695,CPLM007583,Ubiquitination
P10599,8,0,2.2492493899977712,10.682639405204462,51.39200108690074,CPLM007583,Ubiquitination
P10599,8,0,2.2492493899977712,10.682639405204462,51.39200108690074,CPLM007583,Methylation
P10599,36,0,2.1936595722672947,10.19453531598513,52.52840556294999,CPLM007583,Ubiquitination
P10599,48,0,2.0697146407670184,10.785183823529412,56.06063869490303,CPLM007583,Methylation
P10599,81,0,2.401057856198117,10.335992647058823,41.56205589420895,CPLM007583,Ubiquitination
P10599,82,0,2.17211117190225,10.629442231075696,58.89560031919613,CPLM007583,Ubiquitination
P10599,94,0,2.0863393146904388,10.055019920318724,39.08714768609055,CPLM007583,Ubiquitination
P10599,96,0,2.180317170100179,10.129651162790696,47.29915396619297,CPLM007583,Ubiquitination
P10768,4,0,2.1055683384993884,10.8125,56.32051777938018,CPLM007629,Ubiquitination
P10768,10,0,1.930123799177193,10.445,67.47100367344373,CPLM007629,Ubiquitination
P10768,17,0,2.7786862809444246,9.745,23.40911950929569,CPLM007629,Ubiquitination
P10768,31,0,2.247468535496088,10.7575,43.97498312986046,CPLM007629,Ubiquitination
P10768,39,0,2.024194609822539,10.315,53.705493688194025,CPLM007629,Ubiquitination
P10768,44,0,2.756435144855763,7.8125,31.75282962307196,CPLM007629,Ubiquitination
P10768,64,0,1.913380595158297,10.49,43.550082723462445,CPLM007629,Ubiquitination
P10768,91,0,1.904512245447348,10.5625,74.91845994555135,CPLM007629,Ubiquitination
P10768,161,0,2.0227251877927577,8.254999999999999,22.076397000780645,CPLM007629,Ubiquitination
P10768,165,0,1.954484037910452,9.97,24.621365212037915,CPLM007629,Ubiquitination
P10768,167,0,2.239825198102884,9.805,45.28820158398448,CPLM007629,Ubiquitination
P10768,185,0,2.17877817329947,10.3275,47.68417321866055,CPLM007629,Ubiquitination
P10768,186,0,1.9272033513387508,10.5375,54.46735445038216,CPLM007629,Ubiquitination
P10768,198,0,2.0378438616805137,10.33,47.20346863650696,CPLM007629,Ubiquitination
P10768,200,0,2.135068575559353,10.165,57.88022853834796,CPLM007629,Ubiquitination
P10768,209,0,2.024480423276252,10.25,52.14525114921979,CPLM007629,Ubiquitination
P10768,246,0,1.9449131175675776,9.745,33.95330256490902,CPLM007629,Ubiquitination
P10768,247,0,1.970281953613364,10.3525,71.2364642681589,CPLM007629,Ubiquitination
P11142,3,0,1.8706651213060252,10.352222222222222,59.22819540704839,CPLM007694,Ubiquitination
P11142,25,0,2.1464862032168326,10.522941176470589,62.09978498368949,CPLM007694,Ubiquitination
P11142,71,0,2.2940799213304053,12.038823529411763,17.428123845465265,CPLM007694,Ubiquitination
P11142,88,0,1.9165606687166568,10.351176470588236,71.9120606883206,CPLM007694,Ubiquitination
P11142,88,0,1.9165606687166568,10.351176470588236,71.9120606883206,CPLM007694,Methylation
P11142,102,0,3.2892203468263683,10.67,15.720213939301566,CPLM007694,Ubiquitination
P11142,108,0,1.975113624125605,10.6568,49.48453619262876,CPLM007694,Ubiquitination
P11142,112,0,2.0770227885161425,10.542352941176471,45.446416001510336,CPLM007694,Ubiquitination
P11142,126,0,2.508121318314204,10.456470588235293,33.261664194760385,CPLM007694,Ubiquitination
P11142,128,0,3.116298066055628,10.852352941176472,26.302432018472462,CPLM007694,Ubiquitination
P11142,137,0,1.903760308203097,10.262941176470587,57.57216477123505,CPLM007694,Ubiquitination
P11142,159,0,2.44904691110162,10.145882352941175,45.46879792417167,CPLM007694,Ubiquitination
P11142,187,0,1.925377543650158,10.602352941176472,66.60226475493322,CPLM007694,Ubiquitination
P11142,188,0,1.9449864853301584,10.10058823529412,37.13179256971676,CPLM007694,Ubiquitination
P11142,220,0,2.024863749184422,10.641764705882352,35.69869887091322,CPLM007694,Ubiquitination
P11142,246,0,2.142481917268371,10.4884,62.53164378681575,CPLM007694,Ubiquitination
P11142,246,0,2.142481917268371,10.4884,62.53164378681575,CPLM007694,Methylation
P11142,248,0,1.9334178153561703,10.564117647058824,49.32755342572276,CPLM007694,Ubiquitination
P11142,250,0,1.996345734785024,10.28,70.20196783726156,CPLM007694,Ubiquitination
P11142,251,0,2.150030438691878,10.958823529411765,35.4342449143216,CPLM007694,Ubiquitination
P11142,257,0,1.963204830025932,10.18764705882353,69.69337632656975,CPLM007694,Ubiquitination
P11142,319,0,2.4263038844945024,10.58235294117647,50.56563545554841,CPLM007694,Ubiquitination
P11142,325,0,1.9699804449413951,10.38,70.60140440320511,CPLM007694,Ubiquitination
P11142,328,0,1.9600722963777049,9.847058823529412,36.37105359865539,CPLM007694,Ubiquitination
P11142,345,0,2.3043201908726267,9.66764705882353,37.19771596555918,CPLM007694,Ubiquitination
P11142,348,0,2.0896723335305505,11.061764705882354,55.23091402109774,CPLM007694,Ubiquitination
P11142,357,0,2.0854513146677225,9.76,38.10374112287825,CPLM007694,Ubiquitination
P11142,361,0,1.947883526116628,10.20529411764706,53.09802670871608,CPLM007694,Ubiquitination
P11142,384,0,1.949652844979397,9.783846153846154,34.96036803206727,CPLM007694,Ubiquitination
P11166,225,0,2.2226090731658066,10.244,49.22098798491911,CPLM007702,Ubiquitination
P11166,245,0,2.090446368602899,10.526,40.92719646941145,CPLM007702,Ubiquitination
P11166,256,0,1.9328420626960563,9.7,48.33249976759105,CPLM007702,Ubiquitination
P11171,19,0,2.1429941942459867,8.573333333333332,48.30935015672492,CPLM007705,Ubiquitination
P11172,22,0,2.4963078820446096,8.2575,27.57625399597257,CPLM007709,Ubiquitination
P11172,29,0,1.8987431774681245,9.6425,51.25487143131488,CPLM007709,Ubiquitination
P11172,101,0,1.96441007531031,10.0075,45.61352822947926,CPLM007709,Ubiquitination
P11172,106,0,1.9133717655636897,9.906666666666668,60.21982603818461,CPLM007709,Ubiquitination
P11172,145,0,2.240579833407922,10.1175,54.62953917112373,CPLM007709,Ubiquitination
P11172,160,0,2.045971583486676,10.73,68.82207668279733,CPLM007709,Ubiquitination
P11172,162,0,2.100065489228486,9.795,29.435913222280355,CPLM007709,Ubiquitination
P11172,187,0,1.9920766691056309,10.405,69.56809040079273,CPLM007709,Ubiquitination
P11172,188,0,2.1067159756411216,10.2225,26.22655543340493,CPLM007709,Ubiquitination
P11233,54,0,1.9231875392584403,10.636,48.660266056130894,CPLM007729,Ubiquitination
P11233,134,0,1.9396108026960837,10.44,59.84476132691573,CPLM007729,Ubiquitination
P11233,159,0,1.9786417171541824,10.577,52.35435359274732,CPLM007729,Ubiquitination
P11233,179,0,1.979593360921083,9.675,20.02585329584381,CPLM007729,Ubiquitination
P11310,395,0,1.926670354637312,10.398235294117647,63.51889166520077,CPLM007746,Ubiquitination
P11532,19,0,2.194872358427485,9.846666666666666,62.27101333328312,CPLM007796,Ubiquitination
P11586,10,0,2.0692032291437545,10.316666666666666,73.02916284688314,CPLM007799,Ubiquitination
P11586,21,0,2.360992778523638,10.3925,48.56610990630893,CPLM007799,Ubiquitination
P11586,28,0,2.16299251116049,9.633333333333333,38.22620673133371,CPLM007799,Ubiquitination
P11586,58,0,2.0132218291046087,10.500833333333333,66.14558700409445,CPLM007799,Ubiquitination
P11586,66,0,2.2056414645223583,9.820833333333333,50.178191451144365,CPLM007799,Ubiquitination
P11586,71,0,1.9357537880998337,10.053333333333333,35.98371771483184,CPLM007799,Ubiquitination
P11586,150,0,2.366395182745071,9.988333333333332,18.7220078052184,CPLM007799,Ubiquitination
P11586,198,0,1.9268908662627693,10.255,66.5184356926287,CPLM007799,Ubiquitination
P11586,223,0,2.550023001308949,10.443333333333332,50.93349904740665,CPLM007799,Ubiquitination
P11586,228,0,2.8481260918061566,7.475999999999999,20.32104846804909,CPLM007799,Ubiquitination
P11586,251,0,2.164546270027033,10.448333333333332,49.68706125378707,CPLM007799,Ubiquitination
P11586,292,0,2.119039594939533,9.961666666666666,48.00044869573756,CPLM007799,Ubiquitination
P11908,29,0,2.0191363025379405,10.6,64.88267166608988,CPLM007846,Ubiquitination
P11908,33,0,1.964997021004421,10.521666666666668,56.36808072857397,CPLM007846,Ubiquitination
P11908,34,0,1.951295164468409,11.02,32.43208122468624,CPLM007846,Ubiquitination
P11908,99,0,1.9802328226160104,10.215,38.65553045655476,CPLM007846,Ubiquitination
P11908,163,0,2.0912728389007817,10.334,71.98559012637676,CPLM007846,Methylation
P11908,176,0,1.9885921479448807,10.335,61.3395965613407,CPLM007846,Ubiquitination
P11908,194,0,2.0723887652817514,9.593333333333334,33.47483691293652,CPLM007846,Ubiquitination
P11908,197,0,1.8998577984836065,10.3275,60.90235885879265,CPLM007846,Ubiquitination
P11908,198,0,1.8734447549722824,9.7325,66.53044846662094,CPLM007846,Ubiquitination
P11908,212,0,2.0805211558743184,10.541666666666666,63.28397516037106,CPLM007846,Ubiquitination
P11908,235,0,2.072140995214577,9.063333333333333,32.01479808964239,CPLM007846,Ubiquitination
P11908,280,0,2.793383312355385,9.708333333333334,28.12156303121951,CPLM007846,Ubiquitination
P11908,282,0,1.9037847551008455,10.563333333333334,66.12262774319986,CPLM007846,Ubiquitination
P11926,27,0,2.281045725751917,10.42,30.07629906852968,CPLM007852,Ubiquitination
P11926,37,0,1.9668423623167244,10.010000000000002,20.217735884638845,CPLM007852,Ubiquitination
P11926,50,0,1.9931889420530944,10.485,62.37244423359356,CPLM007852,Ubiquitination
P11926,51,0,2.405523810151908,9.47,19.453968895658303,CPLM007852,Ubiquitination
P11926,57,0,1.903878737570502,10.24,63.04330516482888,CPLM007852,Ubiquitination
P11926,69,0,2.01097264555463,10.99,58.24573320863904,CPLM007852,Ubiquitination
P11926,74,0,2.221383374892471,10.9,51.99682725879941,CPLM007852,Ubiquitination
P11926,115,0,3.1518643267906423,9.155,3.8105391768018313,CPLM007852,Ubiquitination
P11926,141,0,2.419252417400797,10.395,17.935172472265016,CPLM007852,Ubiquitination
P11926,150,0,2.652145268684392,11.43,51.24924274447719,CPLM007852,Ubiquitination
P11926,161,0,1.8762653587271287,10.45,49.097169964459496,CPLM007852,Ubiquitination
P11926,169,0,1.8963355317450947,8.68,33.58791243185009,CPLM007852,Ubiquitination
P11926,185,0,2.1270637608567085,10.2,40.01726360973029,CPLM007852,Ubiquitination
P11926,245,0,1.887054156254408,10.41,80.2468465229657,CPLM007852,Ubiquitination
P11926,247,0,2.4502053474387044,10.89,50.93351268279143,CPLM007852,Ubiquitination
P11926,261,0,1.9114582985940565,10.485,71.69494044604215,CPLM007852,Ubiquitination
P11926,342,0,1.920448684830301,10.11,52.82411332424472,CPLM007852,Ubiquitination
P11926,345,0,1.916572512206872,10.37,52.06810214212773,CPLM007852,Ubiquitination
P12955,36,0,1.90724211696766,10.321216216216216,66.82351231762775,CPLM008024,Ubiquitination
P12955,110,0,1.943018239925492,10.280704225352112,64.90607302840957,CPLM008024,Ubiquitination
P12955,114,0,2.045643745990551,10.44864864864865,32.61917067354108,CPLM008024,Ubiquitination
P12955,120,0,1.9955784479181264,10.454324324324324,37.48006447219744,CPLM008024,Ubiquitination
P12955,214,0,2.213769084291385,10.37837837837838,63.63531008620709,CPLM008024,Ubiquitination
P12955,484,0,1.9308174216486007,10.307413793103448,56.50486883988204,CPLM008024,Ubiquitination
P13716,179,0,2.2997636550212213,10.545,31.456718153009376,CPLM008168,Ubiquitination
P13716,213,0,2.033030059764161,9.98,57.839273296619126,CPLM008168,Ubiquitination
P13796,20,0,1.9115818057902416,10.539166666666668,57.26285376745539,CPLM008175,Ubiquitination
P13796,39,0,1.981818638389583,10.332333333333333,57.165078786512495,CPLM008175,Ubiquitination
P13796,76,0,2.0010717723549143,10.559166666666666,54.675333338203714,CPLM008175,Ubiquitination
P13796,88,0,2.0698819069684777,10.232333333333337,60.35119260765909,CPLM008175,Ubiquitination
P13796,92,0,2.1223215115990213,9.993333333333334,55.84737047288773,CPLM008175,Ubiquitination
P13796,96,0,1.9271862101345516,10.302333333333332,69.90597905357875,CPLM008175,Ubiquitination
P13796,97,0,1.8878777226398191,10.301333333333334,47.686694128598894,CPLM008175,Ubiquitination
P13929,28,0,1.9660330202616088,10.21,41.79558503874123,CPLM008198,Ubiquitination
P13929,60,0,2.3823100851463845,8.778333333333334,40.55368510117684,CPLM008198,Ubiquitination
P13929,103,0,3.0686203942177457,10.22,11.537760819696317,CPLM008198,Ubiquitination
P13929,105,0,1.9437019782714715,10.411666666666669,58.53814676234896,CPLM008198,Ubiquitination
P13929,126,0,1.95535905424578,10.54,27.4182880632823,CPLM008198,Ubiquitination
P13929,202,0,1.9017036600112305,10.465,72.89511610617605,CPLM008198,Ubiquitination
P13929,239,0,2.363313769679786,10.451666666666666,48.75884879726823,CPLM008198,Ubiquitination
P13929,262,0,2.16791682747018,8.143333333333333,12.652611696023335,CPLM008198,Ubiquitination
P13929,275,0,2.036986228142442,10.751666666666669,55.0855473443616,CPLM008198,Ubiquitination
P13929,281,0,2.122991944814,10.296666666666669,58.01212634241352,CPLM008198,Ubiquitination
P13929,326,0,1.904359682968683,10.82,72.32514065985993,CPLM008198,Ubiquitination
P13929,343,0,4.330285538686481,11.346666666666666,18.96119154381945,CPLM008198,Ubiquitination
P13929,358,0,2.227827984289662,9.853333333333332,33.717001346650726,CPLM008198,Ubiquitination
P13929,394,0,3.809995969832943,16.290000000000003,6.127278317591279,CPLM008198,Ubiquitination
P13929,406,0,5.983976012192367,9.728333333333332,4.878980657487547,CPLM008198,Ubiquitination
P13929,420,0,1.945456008401934,10.495,69.30169588832233,CPLM008198,Ubiquitination
P14618,62,0,2.6425771585576467,10.3325,32.29552339151786,CPLM008291,Ubiquitination
P14618,89,0,2.0263978800887656,10.41,66.4785876441441,CPLM008291,Ubiquitination
P14618,115,0,2.0637672685395647,9.905,27.134598428755403,CPLM008291,Ubiquitination
P14618,125,0,2.0211758615019604,10.355,62.6410994928607,CPLM008291,Ubiquitination
P14618,135,0,2.152034324454446,10.5475,68.85268266747723,CPLM008291,Ubiquitination
P14618,136,0,1.9497321342710463,10.445,63.61500957793527,CPLM008291,Ubiquitination
P14618,141,0,2.5062310139318877,10.1025,48.37141297409505,CPLM008291,Ubiquitination
P14618,151,0,2.1037297498316168,10.57,65.93802099572406,CPLM008291,Ubiquitination
P14618,162,0,1.9412941422388343,10.4475,75.38402925059779,CPLM008291,Ubiquitination
P14618,166,0,1.8991397785260695,10.4025,60.07472100041997,CPLM008291,Ubiquitination
P14618,173,0,2.288820536107876,10.2,45.55023004624795,CPLM008291,Ubiquitination
P14618,186,0,2.0437310473928028,10.5625,38.69788468876214,CPLM008291,Ubiquitination
P14618,188,0,1.9775191487990589,10.7925,44.97267605307041,CPLM008291,Ubiquitination
P14618,206,0,2.130918853137208,10.1225,63.47558504147048,CPLM008291,Ubiquitination
P14618,207,0,2.314136260010092,10.565,30.939705268260408,CPLM008291,Ubiquitination
P14618,224,0,2.0727701259787463,10.835,40.42946674582005,CPLM008291,Ubiquitination
P14618,230,0,2.1427616387324546,10.32,56.85636385758895,CPLM008291,Ubiquitination
P14618,247,0,2.608697507427939,10.3325,39.48141753152152,CPLM008291,Ubiquitination
P14618,256,0,1.9220225510947728,10.6325,68.54954352009841,CPLM008291,Ubiquitination
P14618,261,0,1.9104670414216631,10.8675,62.68670985495383,CPLM008291,Ubiquitination
P14618,263,0,1.961021530367323,10.4325,66.8232138132582,CPLM008291,Ubiquitination
P14618,266,0,2.5710105939332086,9.2025,31.86734231154148,CPLM008291,Ubiquitination
P14618,270,0,4.314710190193328,11.9575,16.48797818143479,CPLM008291,Ubiquitination
P14618,305,0,2.138600013399496,9.093333333333334,30.65375215985983,CPLM008291,Ubiquitination
P14618,311,0,2.306067908784141,9.82,28.68670882424614,CPLM008291,Ubiquitination
P14618,322,0,2.625183034422212,9.6075,27.970613867537647,CPLM008291,Ubiquitination
P14618,336,0,2.0307976925145814,10.4725,61.516106617333406,CPLM008291,Ubiquitination
P14618,337,0,2.45670142737651,9.81,46.24997072244985,CPLM008291,Ubiquitination
P14618,367,0,2.009006702714104,10.225,60.41843905290765,CPLM008291,Phosphoglycerylation
P14618,367,0,2.009006702714104,10.225,60.41843905290765,CPLM008291,Ubiquitination
P14618,422,0,2.212496328540578,9.086666666666666,26.678590255517545,CPLM008291,Ubiquitination
P14618,433,0,1.910405596262449,9.58,72.31890656193795,CPLM008291,Ubiquitination
P14618,475,0,1.870732075616356,10.105,56.711776964446,CPLM008291,Ubiquitination
P14618,498,0,2.0635590020221874,10.535,35.51410142758233,CPLM008291,Ubiquitination
P14618,504,0,2.224021922261583,10.5625,66.2986496524174,CPLM008291,Ubiquitination
P14618,505,0,2.0031179598824727,10.2575,58.01264994118911,CPLM008291,Ubiquitination
P15153,5,0,2.388790579236012,8.524166666666666,18.57197493939384,CPLM008400,Ubiquitination
P15153,96,0,1.9811215367408743,10.499166666666666,40.44507653431757,CPLM008400,Ubiquitination
P15153,116,0,2.556897569564069,9.625833333333333,36.00935223822051,CPLM008400,Ubiquitination
P15153,123,0,1.9168757004516364,10.466666666666669,76.20321589748306,CPLM008400,Ubiquitination
P15153,123,0,1.9168757004516364,10.466666666666669,76.20321589748306,CPLM008400,Methylation
P15153,128,0,2.079608549761472,10.146666666666668,64.30644357772847,CPLM008400,Ubiquitination
P15153,130,0,1.9720193365367595,10.437,66.03489331419446,CPLM008400,Ubiquitination
P15153,130,0,1.9720193365367595,10.437,66.03489331419446,CPLM008400,Methylation
P15153,132,0,1.9506153151344965,9.805454545454545,54.03659256394083,CPLM008400,Ubiquitination
P15153,133,0,1.9961966468781056,10.439166666666669,68.30668640883731,CPLM008400,Ubiquitination
P15153,147,0,1.9185844611467664,10.281666666666666,69.31723204574202,CPLM008400,Ubiquitination
P15153,153,0,2.159423181964738,10.537,43.19641793048457,CPLM008400,Ubiquitination
P15311,3,0,1.9683063836148096,10.376,78.56502762078988,CPLM008425,Ubiquitination
P15311,27,0,8.246940656289068,11.158333333333331,59.08671465455859,CPLM008425,Ubiquitination
P15311,35,0,6.453586142040362,10.458333333333334,66.14450980869674,CPLM008425,Ubiquitination
P15311,60,0,9.354327659521726,9.871666666666668,61.42725572302212,CPLM008425,Ubiquitination
P15311,64,0,10.09729386774331,10.235,49.77922827367715,CPLM008425,Ubiquitination
P15311,72,0,1.9437824738424732,10.455,81.25889750635025,CPLM008425,Ubiquitination
P15311,79,0,8.941500827603809,8.868333333333334,44.46392621149885,CPLM008425,Ubiquitination
P15311,107,0,7.303618457910432,8.748333333333333,31.575416904606737,CPLM008425,Ubiquitination
P15311,133,0,5.458136978041512,11.083333333333334,51.410762058441456,CPLM008425,Ubiquitination
P15311,139,0,5.011647010747992,10.445,74.70300450354655,CPLM008425,Ubiquitination
P15311,143,0,6.025277114673635,10.38,69.70481785814779,CPLM008425,Ubiquitination
P15311,162,0,12.199824151495244,10.4425,79.5564160874924,CPLM008425,Ubiquitination
P15311,184,0,4.883882764075391,10.158333333333331,57.39111637793828,CPLM008425,Ubiquitination
P15311,209,0,2.38631518975008,10.66,52.16456212656233,CPLM008425,Ubiquitination
P15311,211,0,1.9238589104264636,10.408,65.47698245633272,CPLM008425,Ubiquitination
P15311,212,0,1.9116316751616296,10.334,68.36853705962025,CPLM008425,Ubiquitination
P15311,230,0,1.9966393401805345,10.3,32.78688266333947,CPLM008425,Ubiquitination
P15311,233,0,10.885353890613768,8.998000000000001,35.74163782050327,CPLM008425,Ubiquitination
P15311,237,0,9.901187224105016,10.338333333333331,52.49087542849988,CPLM008425,Ubiquitination
P15311,253,0,2.2230696086888613,10.466,60.41143919177638,CPLM008425,Ubiquitination
P15311,258,0,2.4294621678679187,10.21,39.58584767106842,CPLM008425,Ubiquitination
P15311,262,0,1.894515055885135,10.06,66.7229970076087,CPLM008425,Ubiquitination
P15311,263,0,1.9095261905966692,10.506,71.83261419910104,CPLM008425,Ubiquitination
P15311,296,0,7.017738516248712,10.37,60.56959547443819,CPLM008425,Ubiquitination
P15735,18,0,2.1018742743606973,10.2,53.2202616128777,CPLM008505,Ubiquitination
P15735,23,0,1.9782990009511343,11.5,37.917550707272426,CPLM008505,Ubiquitination
P15735,122,0,1.9474372446512545,10.9875,45.138272347084246,CPLM008505,Ubiquitination
P15735,128,0,1.8983536962973149,10.36,76.63420723026285,CPLM008505,Ubiquitination
P15735,155,0,3.394182099909665,10.55125,24.609551514663483,CPLM008505,Ubiquitination
P15735,183,0,1.9295436037690223,10.49,45.76577275471533,CPLM008505,Ubiquitination
P16035,155,0,1.9963781278323371,9.733333333333334,55.45071385711011,CPLM008554,Ubiquitination
P16157,436,0,2.0535455388825645,10.466666666666669,64.1089977519427,CPLM008584,Ubiquitination
P16615,30,0,2.017415198112757,10.3,74.92295962252915,CPLM008671,Ubiquitination
P16615,31,0,2.021179198625205,10.68,58.3397028263972,CPLM008671,Ubiquitination
P16615,33,0,2.055761206575555,9.38,34.91788604679324,CPLM008671,Ubiquitination
P16615,120,0,1.9703293219056144,9.96,68.27960380758488,CPLM008671,Ubiquitination
P16615,128,0,2.35019665747216,10.73,40.12235970146991,CPLM008671,Ubiquitination
P16615,143,0,2.031650720235974,11.2,41.35592569185603,CPLM008671,Ubiquitination
P16615,158,0,1.959160005113297,9.79,44.03812586970526,CPLM008671,Ubiquitination
P16615,169,0,1.982749552271584,9.92,47.3109127415059,CPLM008671,Ubiquitination
P16615,189,0,3.57479723700581,6.93,4.421693485157208,CPLM008671,Ubiquitination
P16615,204,0,3.263025710169829,8.97,20.106389332515526,CPLM008671,Ubiquitination
P16615,205,0,2.727842763330187,10.2,35.21849719383363,CPLM008671,Ubiquitination
P16615,218,0,2.461978293377068,10.44,56.24170798242176,CPLM008671,Ubiquitination
P16615,234,0,1.9919802700074936,10.13,48.01816378764531,CPLM008671,Ubiquitination
P16615,252,0,2.0108883151522527,9.4,31.668857469435377,CPLM008671,Ubiquitination
P16615,328,0,1.893726254218872,10.41,74.1989534155706,CPLM008671,Ubiquitination
P16615,329,0,1.9602927532949976,10.66,41.971514227342254,CPLM008671,Ubiquitination
P16615,352,0,3.096947755108188,9.64,8.617683173108077,CPLM008671,Ubiquitination
P16615,400,0,2.1808838619593773,10.41,61.28173889663708,CPLM008671,Ubiquitination
P16615,431,0,1.8992588276448668,10.78,52.21353170205016,CPLM008671,Ubiquitination
P16615,436,0,2.0770160464152285,9.68,34.30017039128116,CPLM008671,Ubiquitination
P16615,451,0,2.7139489184092707,9.61,9.263411363114676,CPLM008671,Ubiquitination
P16615,464,0,2.306613684184428,11.64,50.06288245620361,CPLM008671,Ubiquitination
P16615,480,0,2.2392163734475865,10.37,61.06667069956009,CPLM008671,Ubiquitination
P16615,492,0,2.046773012583366,8.82,20.629693583802545,CPLM008671,Ubiquitination
P16615,502,0,1.8707025007313247,10.4,81.97446068305227,CPLM008671,Ubiquitination
P16615,510,0,3.2771432419694606,10.34,32.69835083703205,CPLM008671,Ubiquitination
P16615,514,0,2.5161811096317006,12.62,14.18278548447807,CPLM008671,Ubiquitination
P16615,533,0,1.9536442075697849,10.7,30.78492456145503,CPLM008671,Ubiquitination
P16615,541,0,2.3519450767511776,10.06,23.374038391330604,CPLM008671,Ubiquitination
P16615,543,0,2.1691874827215707,10.36,41.8283426871396,CPLM008671,Ubiquitination
P16615,611,0,2.2681987316946777,9.94,41.60388243702529,CPLM008671,Ubiquitination
P16615,628,0,2.279791338499233,10.0,24.1211811191859,CPLM008671,Ubiquitination
P16615,650,0,2.821063057429828,11.07,29.166349846386783,CPLM008671,Ubiquitination
P16615,685,0,2.117221735505181,10.97,34.660799047974486,CPLM008671,Ubiquitination
P16615,711,0,2.022516728604024,10.0,53.97953219737279,CPLM008671,Ubiquitination
P16615,712,0,1.9313062373825227,10.48,34.60078153832153,CPLM008671,Ubiquitination
P16615,757,0,3.7527717840776487,10.07,11.91210121932562,CPLM008671,Ubiquitination
P16615,824,0,1.898509127734728,10.44,76.88328071344569,CPLM008671,Ubiquitination
P16615,984,0,4.813728220070936,8.06,2.5158921167498254,CPLM008671,Ubiquitination
P17612,24,0,1.9719295865502484,10.69,52.543398930677085,CPLM008849,Ubiquitination
P17612,318,0,1.9105900398858464,10.27,50.89743345466035,CPLM008849,Ubiquitination
P17858,47,0,2.2702211631302167,10.07,52.60288466032357,CPLM008907,Ubiquitination
P17858,144,0,1.9407519464267824,11.285,49.38636829443801,CPLM008907,Ubiquitination
P17858,272,0,1.977944969607894,10.5175,70.5292132220195,CPLM008907,Ubiquitination
P17858,280,0,2.487728703565125,9.9875,37.84958922244594,CPLM008907,Ubiquitination
P17858,356,0,1.9472564436737667,10.27,53.32041951366496,CPLM008907,Ubiquitination
P17858,365,0,2.062820635649683,10.43,52.95338495320141,CPLM008907,Ubiquitination
P17858,386,0,2.057024783693586,10.1025,54.22892883917496,CPLM008907,Ubiquitination
P17858,392,0,1.957862705259084,10.45,61.14594682667801,CPLM008907,Ubiquitination
P17858,395,0,1.8706987642906043,10.385,80.42556551129296,CPLM008907,Ubiquitination
P17858,397,0,1.9667680107569256,10.4275,67.44389925557564,CPLM008907,Ubiquitination
P17858,469,0,2.3646886684649653,7.43,28.025755363592843,CPLM008907,Ubiquitination
P17858,474,0,1.924706903511937,10.35,68.29316828836522,CPLM008907,Ubiquitination
P17858,556,0,2.8384147694134847,5.5175,25.908035571992915,CPLM008907,Ubiquitination
P17858,563,0,2.447508729310261,8.4275,34.80159803122521,CPLM008907,Ubiquitination
P17858,605,0,2.1582874758441903,11.0575,38.17482587440117,CPLM008907,Ubiquitination
P17858,614,0,2.1339452388299525,9.6875,31.84976902763546,CPLM008907,Ubiquitination
P17858,616,0,1.9209828260210284,11.11,56.05128983395223,CPLM008907,Ubiquitination
P17858,629,0,2.013597531956236,9.6625,37.887132890902514,CPLM008907,Ubiquitination
P17858,648,0,1.9265598257799548,10.745,53.11825311766793,CPLM008907,Ubiquitination
P17858,677,0,2.905203903545676,7.1675,24.4440206704966,CPLM008907,Ubiquitination
P17858,681,0,2.0615211892570064,8.6925,31.24646051968319,CPLM008907,Ubiquitination
P17858,713,0,2.241822835001772,10.9825,48.8249476885336,CPLM008907,Ubiquitination
P17858,714,0,2.0583717243730866,10.0475,52.868349239551904,CPLM008907,Ubiquitination
P17858,715,0,1.893427807715748,10.1425,52.07550615606391,CPLM008907,Ubiquitination
P17858,726,0,2.05964823696005,10.66,39.03672672765205,CPLM008907,Ubiquitination
P17858,727,0,1.8974941206837557,10.485,76.49729842229019,CPLM008907,Ubiquitination
P18206,71,0,1.89278931916729,10.4005,72.61933772189921,CPLM008967,Ubiquitination
P22234,11,0,2.0767410180027728,10.781666666666666,60.02915427155815,CPLM009653,Ubiquitination
P22234,12,0,1.98458479528434,12.208333333333334,31.28658127586341,CPLM009653,Ubiquitination
P22234,17,0,1.9178215858127183,10.421666666666669,45.342066808024136,CPLM009653,Ubiquitination
P22234,19,0,2.343175614693004,11.605,25.97667337190455,CPLM009653,Ubiquitination
P22234,30,0,2.11973689906725,10.171666666666669,39.52636248683732,CPLM009653,Ubiquitination
P22234,36,0,2.262395979431295,11.051666666666668,35.76193818136553,CPLM009653,Ubiquitination
P22234,47,0,1.9803210855054565,10.22,55.924325312100514,CPLM009653,Ubiquitination
P22234,53,0,3.4516274669260447,11.195,12.588236317394312,CPLM009653,Ubiquitination
P22234,74,0,1.9723832001383912,10.278333333333334,50.62181869500089,CPLM009653,Ubiquitination
P22234,80,0,1.965741837299387,9.2,28.24412332378689,CPLM009653,Ubiquitination
P22234,110,0,1.907530439204579,10.115,67.06273298232487,CPLM009653,Ubiquitination
P22234,116,0,1.986809765294063,10.436666666666666,76.85170661644634,CPLM009653,Ubiquitination
P22234,120,0,2.0093575091839124,9.856666666666667,47.334611040255645,CPLM009653,Ubiquitination
P22234,125,0,2.263199304112681,9.89,45.70553162475196,CPLM009653,Ubiquitination
P22234,131,0,2.1356366542077394,12.273333333333332,39.222855184069424,CPLM009653,Ubiquitination
P22234,228,0,3.5742822725014247,9.358333333333333,20.35422608629872,CPLM009653,Ubiquitination
P22234,235,0,1.8853124151331573,10.458333333333334,83.42353665698231,CPLM009653,Ubiquitination
P22234,246,0,2.7316171493425085,10.516666666666667,31.728634996316185,CPLM009653,Ubiquitination
P22234,247,0,2.0336875574242246,10.438333333333334,65.32943013970755,CPLM009653,Ubiquitination
P22234,261,0,1.97133753532376,10.318333333333332,67.69835462513163,CPLM009653,Ubiquitination
P22234,283,0,2.045563619928733,10.493333333333334,50.92284435773862,CPLM009653,Ubiquitination
P22234,285,0,2.2390906084303417,10.706666666666663,48.25273058495944,CPLM009653,Ubiquitination
P22234,286,0,1.9618222944351735,10.348333333333334,69.77792533719071,CPLM009653,Ubiquitination
P22234,313,0,3.554857892423534,10.208333333333334,14.698655723982382,CPLM009653,Ubiquitination
P22234,401,0,2.1057978019881145,9.431666666666668,29.557739931146514,CPLM009653,Ubiquitination
P22234,414,0,2.317507466436029,10.8,23.361417479177124,CPLM009653,Ubiquitination
P22234,418,0,2.201422663518333,11.026666666666666,38.03628763794716,CPLM009653,Ubiquitination
P22234,419,0,1.92786415734618,10.435,74.57810983310463,CPLM009653,Ubiquitination
P23193,19,0,2.0214494749254834,10.3874,65.90718790007527,CPLM009791,Ubiquitination
P23193,29,0,2.106683433537546,10.7528,48.26141239807424,CPLM009791,Ubiquitination
P23193,32,0,1.981055076272256,9.9644,46.11137379929976,CPLM009791,Ubiquitination
P23193,55,0,1.947921894862365,10.1922,65.95520027155146,CPLM009791,Ubiquitination
P23193,67,0,2.156618962833752,10.2202,58.27526974281978,CPLM009791,Ubiquitination
P23193,71,0,1.9852204281808807,10.1482,67.8246599579415,CPLM009791,Ubiquitination
P23193,75,0,1.9870962415204807,10.4181,67.23273906886001,CPLM009791,Ubiquitination
P23193,84,0,1.9965870991787504,10.3895,63.61802681587966,CPLM009791,Ubiquitination
P23284,84,0,2.5251142719353314,10.1725,47.54809480562108,CPLM009819,Ubiquitination
P23526,4,0,1.882752045598592,9.770476190476192,52.49149096872714,CPLM009888,Ubiquitination
P23526,8,0,2.337813519667085,10.31939393939394,42.81999910154887,CPLM009888,Ubiquitination
P23526,8,0,2.337813519667085,10.31939393939394,42.81999910154887,CPLM009888,Methylation
P23526,20,0,2.139338099231594,9.094,47.90225974451271,CPLM009888,Ubiquitination
P23526,43,0,2.171723526933902,10.125151515151517,46.88171644515354,CPLM009888,Ubiquitination
P23526,46,0,1.9790699612231637,10.29,64.6776537888442,CPLM009888,Ubiquitination
P23526,142,0,1.9596847749057276,10.863030303030303,49.93888276283551,CPLM009888,Ubiquitination
P23526,166,0,2.016822634144948,10.344848484848484,63.01082865327309,CPLM009888,Ubiquitination
P23526,174,0,2.008780132383964,10.244242424242424,48.94014685664784,CPLM009888,Ubiquitination
P23526,188,0,2.6233245777584298,10.664827586206895,36.10166388722641,CPLM009888,Ubiquitination
P23526,204,0,3.2731885163380734,8.308275862068966,24.946644744927355,CPLM009888,Ubiquitination
P23526,226,0,2.2296195820218414,8.089354838709678,23.301895769708853,CPLM009888,Ubiquitination
P23526,291,0,2.2705104399474747,9.296071428571429,42.59403343412156,CPLM009888,Ubiquitination
P23526,291,0,2.2705104399474747,9.296071428571429,42.59403343412156,CPLM009888,Methylation
P23526,318,0,2.0410323684114964,10.828484848484848,38.23056955863152,CPLM009888,Ubiquitination
P23526,322,0,2.1195831815660413,9.6225,35.00935220790558,CPLM009888,Ubiquitination
P23526,378,0,1.9170373532910168,11.08969696969697,46.051620994611135,CPLM009888,Ubiquitination
P23526,389,0,2.0475218450972,10.579677419354836,58.22355257220056,CPLM009888,Ubiquitination
P23526,401,0,2.02793576938997,9.665357142857143,28.605444658027107,CPLM009888,Ubiquitination
P23526,405,0,1.934660095751836,10.020689655172417,64.05849943353547,CPLM009888,Ubiquitination
P23526,408,0,1.919717211545444,11.023548387096774,57.76131091683231,CPLM009888,Ubiquitination
P23526,412,0,1.9693241021397645,10.438620689655174,73.42518162757183,CPLM009888,Ubiquitination
P23526,426,0,2.101399543218688,9.566666666666666,27.00203546582861,CPLM009888,Ubiquitination
P23528,13,0,1.9866725374033511,10.523518518518518,67.50304925174797,CPLM009891,Ubiquitination
P23528,19,0,2.059245529012379,9.997037037037035,55.28315921883315,CPLM009891,Ubiquitination
P23528,19,0,2.059245529012379,9.997037037037035,55.28315921883315,CPLM009891,Methylation
P23528,22,0,1.916055520749908,10.66425925925926,54.51044862947034,CPLM009891,Ubiquitination
P23528,30,0,2.1261483675639643,10.261481481481482,51.430285505379736,CPLM009891,Ubiquitination
P23528,31,0,2.036310046897193,10.505,65.03938853693248,CPLM009891,Ubiquitination
P23528,33,0,2.654437222516252,9.72,22.13972821194399,CPLM009891,Ubiquitination
P23528,34,0,4.263971815793204,8.935555555555554,6.175891191413235,CPLM009891,Ubiquitination
P23528,44,0,2.2725433836150244,10.041698113207548,40.696717920634704,CPLM009891,Ubiquitination
P23528,45,0,2.2455178986008204,10.312692307692307,56.6685806947846,CPLM009891,Ubiquitination
P23528,53,0,2.15333515798159,10.34,45.5606105131776,CPLM009891,Ubiquitination
P23528,73,0,1.9441563535327748,10.290555555555557,67.60668181218774,CPLM009891,Ubiquitination
P23528,78,0,2.0269154172905,10.730370370370371,68.01970973755249,CPLM009891,Ubiquitination
P23528,92,0,1.93468765464238,10.17096153846154,68.1542277031726,CPLM009891,Ubiquitination
P23528,95,0,1.940796596957528,10.49574074074074,60.20084437053497,CPLM009891,Ubiquitination
P23528,96,0,2.07499906616526,10.22388888888889,41.783204715377,CPLM009891,Ubiquitination
P23528,96,0,2.07499906616526,10.22388888888889,41.783204715377,CPLM009891,Methylation
P23528,112,0,1.9626333471678272,10.268297872340426,72.24042801779535,CPLM009891,Ubiquitination
P23528,114,0,2.7693210767200287,9.367450980392157,27.01938889191542,CPLM009891,Ubiquitination
P23528,114,0,2.7693210767200287,9.367450980392157,27.01938889191542,CPLM009891,Methylation
P23528,125,0,2.283170584624575,10.316111111111113,51.10334655138671,CPLM009891,Ubiquitination
P23528,126,0,1.963068319868776,10.09962962962963,58.82864651405269,CPLM009891,Ubiquitination
P23528,127,0,2.058449084139925,9.573333333333334,28.20026465412532,CPLM009891,Ubiquitination
P23528,132,0,1.9235948070109812,10.090555555555556,55.01873153486528,CPLM009891,Ubiquitination
P23528,144,0,2.161665256046229,10.00388888888889,53.47775003742442,CPLM009891,Ubiquitination
P23528,152,0,2.6062113380456924,7.86537037037037,7.375203883194759,CPLM009891,Ubiquitination
P23528,164,0,1.9251592976843777,10.84888888888889,60.37664871961312,CPLM009891,Ubiquitination
P25325,40,0,1.911493318339824,10.025,53.524647579840895,CPLM010190,Ubiquitination
P25325,146,0,1.877720132753024,10.7625,60.57280251693873,CPLM010190,Ubiquitination
P25325,164,0,2.323114651615332,9.47,27.73287547972341,CPLM010190,Ubiquitination
P25325,170,0,2.438947971373492,10.8575,54.269884080903786,CPLM010190,Ubiquitination
P25325,236,0,2.084761419240981,9.9425,23.37645185443688,CPLM010190,Ubiquitination
P25774,42,0,1.99491221184076,10.29,49.875385007154215,CPLM010325,Ubiquitination
P26038,3,0,1.9507630376342544,10.278571428571428,67.86619686181015,CPLM010382,Ubiquitination
P26038,3,0,1.9507630376342544,10.278571428571428,67.86619686181015,CPLM010382,Methylation
P26038,27,0,2.35623267259791,10.911875,57.35281117324168,CPLM010382,Ubiquitination
P26038,35,0,1.9485145190015216,10.380625,69.13410882813044,CPLM010382,Ubiquitination
P26038,60,0,2.24070686087185,9.54375,53.09372987813894,CPLM010382,Ubiquitination
P26038,64,0,2.3291245129685203,10.276875,50.73527941353454,CPLM010382,Ubiquitination
P26038,72,0,1.8989839881206432,10.150625,66.89088895500429,CPLM010382,Ubiquitination
P26038,79,0,2.579470337334801,9.709375,55.15021315668647,CPLM010382,Ubiquitination
P26038,83,0,2.0931958795000405,8.073125000000001,26.048488898239444,CPLM010382,Ubiquitination
P26038,107,0,2.5765210489469035,8.555,35.349936848970536,CPLM010382,Ubiquitination
P26038,133,0,1.933731311613736,10.393125,52.52450233267805,CPLM010382,Ubiquitination
P26038,139,0,1.9107121194033103,10.3675,71.93888429747031,CPLM010382,Ubiquitination
P26038,143,0,1.9214979367745504,10.314375,60.57856414877803,CPLM010382,Ubiquitination
P26038,151,0,1.916004678897088,10.008125,54.60337150419012,CPLM010382,Ubiquitination
P26038,162,0,1.8875532757527784,10.395,78.60274023166389,CPLM010382,Ubiquitination
P26038,165,0,2.0050550721862974,10.149375,67.498547832471,CPLM010382,Ubiquitination
P26038,209,0,2.3144781590924177,10.65125,50.36720379144296,CPLM010382,Ubiquitination
P26038,211,0,1.9298859346018211,10.479375,59.84360940960941,CPLM010382,Ubiquitination
P26038,212,0,1.91788281866092,10.336875,67.00865368274413,CPLM010382,Ubiquitination
P26038,237,0,1.930939705239536,10.55,46.16109801152291,CPLM010382,Ubiquitination
P26038,253,0,2.357574347846935,10.171875,45.73110478890912,CPLM010382,Ubiquitination
P26038,254,0,2.332980775205057,10.35125,43.676730222618,CPLM010382,Ubiquitination
P26038,258,0,2.553582220376292,10.614375,39.28733419162279,CPLM010382,Ubiquitination
P26038,262,0,1.8707175319397196,10.184375,72.70391937723551,CPLM010382,Ubiquitination
P26038,263,0,1.905507323598502,10.4525,76.29906515303331,CPLM010382,Ubiquitination
P26038,296,0,1.94591028576546,10.183333333333334,59.924147627942695,CPLM010382,Ubiquitination
P26038,306,0,2.173412357277408,10.703571428571427,29.807417072292747,CPLM010382,Ubiquitination
P26038,306,0,2.173412357277408,10.703571428571427,29.807417072292747,CPLM010382,Methylation
P26038,329,0,1.9882256676256125,10.517272727272728,51.45866886724782,CPLM010382,Ubiquitination
P26038,335,0,1.96965192370819,10.607777777777777,62.53181279286499,CPLM010382,Ubiquitination
P26038,337,0,1.951958622326609,10.475454545454545,66.19925067235545,CPLM010382,Ubiquitination
P26038,339,0,2.139423290144068,9.993333333333332,57.896029222232414,CPLM010382,Ubiquitination
P26038,344,0,1.9190229121707147,10.383333333333336,69.30271581510395,CPLM010382,Ubiquitination
P26447,18,0,1.952824084037448,10.27032679738562,48.80074717984714,CPLM010431,Ubiquitination
P26447,22,0,1.925299509805839,10.58506172839506,35.11865648239723,CPLM010431,Ubiquitination
P26447,31,0,2.2210587449163746,9.85063694267516,38.73441107066444,CPLM010431,Ubiquitination
P26447,48,0,1.9298751478649885,10.181772151898734,65.98928831650333,CPLM010431,Ubiquitination
P26447,57,0,2.045901500853115,10.118969696969696,61.59830671636382,CPLM010431,Ubiquitination
P26447,96,0,2.136397261959092,9.916486486486487,38.98163476121076,CPLM010431,Ubiquitination
P26599,45,0,2.774929897154358,8.777368421052632,20.63952828448895,CPLM010447,Ubiquitination
P26599,65,0,1.939297406373152,10.44,78.08945594288332,CPLM010447,Ubiquitination
P27144,18,0,2.4533369104780665,9.96375,26.110611029533377,CPLM010506,Ubiquitination
P27144,179,0,2.090974635344069,10.2875,67.98049800702435,CPLM010506,Ubiquitination
P27144,220,0,1.8874116591230887,10.44125,82.67821016237987,CPLM010506,Ubiquitination
P27338,50,0,1.94762092270281,10.320403225806452,55.61723146328403,CPLM010534,Ubiquitination
P27338,52,0,2.020805571213284,10.656612903225808,45.22782146106656,CPLM010534,Ubiquitination
P27338,73,0,1.9395219159436992,11.133548387096774,47.65039476377829,CPLM010534,Ubiquitination
P27338,93,0,1.8708557421773453,10.463387096774191,70.86500155050999,CPLM010534,Ubiquitination
P27338,136,0,1.9510972832145788,10.35725806451613,53.40804841358918,CPLM010534,Ubiquitination
P27338,209,0,3.9156101804766337,14.315967741935484,13.035362576926149,CPLM010534,Ubiquitination
P27338,230,0,2.427213280399501,9.898951612903224,25.32294877647068,CPLM010534,Ubiquitination
P27338,370,0,1.9347630114306915,10.29733870967742,62.03452640988114,CPLM010534,Ubiquitination
P27338,456,0,1.898984666168135,10.170483870967743,44.86548028801493,CPLM010534,Ubiquitination
P27348,3,0,2.199546338884669,10.5175,35.77475544305987,CPLM010535,Ubiquitination
P27348,9,0,2.202361825775678,10.066666666666668,42.01961986485035,CPLM010535,Ubiquitination
P27348,11,0,2.225008767513158,11.0025,43.74617864615488,CPLM010535,Ubiquitination
P27348,27,0,2.547056601445594,10.705,37.04014642152532,CPLM010535,Ubiquitination
P27348,68,0,1.9408982519517457,10.425,73.90509996522779,CPLM010535,Ubiquitination
P27348,74,0,1.9562737768442904,10.4575,77.54964196770322,CPLM010535,Ubiquitination
P27348,75,0,1.957467392662858,10.236666666666666,50.2829684748801,CPLM010535,Ubiquitination
P27348,80,0,2.5442160461829584,10.8275,45.45703764542231,CPLM010535,Ubiquitination
P27348,85,0,2.1184010456198528,10.3125,50.679665451396666,CPLM010535,Ubiquitination
P27348,103,0,1.9406758512834108,10.825,58.53417886537762,CPLM010535,Ubiquitination
P27348,115,0,2.8668714434322826,10.3725,47.534685768227234,CPLM010535,Ubiquitination
P27348,120,0,2.83433178982783,9.856666666666667,24.50007028317822,CPLM010535,Ubiquitination
P27348,122,0,3.501376605474737,10.355,36.12607385902459,CPLM010535,Ubiquitination
P27348,139,0,2.153694522537276,10.4575,64.64084593533363,CPLM010535,Ubiquitination
P27348,157,0,2.13465917961344,10.0125,43.33300194359173,CPLM010535,Ubiquitination
P27348,158,0,1.9142380229733424,10.66,71.79766398082984,CPLM010535,Ubiquitination
P27348,193,0,2.23406174645418,10.915,54.30308351576907,CPLM010535,Ubiquitination
P27348,212,0,2.06183951076102,10.4425,71.04198822917847,CPLM010535,Ubiquitination
P27348,212,0,2.06183951076102,10.4425,71.04198822917847,CPLM010535,Methylation
P28482,55,0,2.425173610635683,10.138031496062991,14.315619040981415,CPLM010743,Ubiquitination
P28482,151,0,2.7212514370421728,10.4648031496063,30.02373047295399,CPLM010743,Ubiquitination
P28482,164,0,3.5145001234364046,10.13716535433071,24.52853890518888,CPLM010743,Ubiquitination
P28482,203,0,2.0815779874652938,10.50664,39.69466720460102,CPLM010743,Ubiquitination
P28482,207,0,2.1157235248267483,9.476299212598423,43.98233348265245,CPLM010743,Ubiquitination
P28482,259,0,1.9669294793638636,10.322,70.12121772569044,CPLM010743,Ubiquitination
P28482,270,0,2.004093234245253,9.811666666666667,38.28326746024064,CPLM010743,Ubiquitination
P28482,272,0,1.933625803379158,9.936062992125985,35.81343372584156,CPLM010743,Ubiquitination
P28482,292,0,2.018278008562476,11.023464566929134,44.02904302854333,CPLM010743,Ubiquitination
P28482,300,0,1.9162587309070576,11.941587301587305,38.74120222843911,CPLM010743,Ubiquitination
P28482,330,0,1.9345003032784516,10.327086614173227,72.29755213214949,CPLM010743,Ubiquitination
P28482,340,0,2.1014199767936987,10.672948717948715,46.74631613982324,CPLM010743,Ubiquitination
P28482,342,0,2.317181064677329,10.577756410256413,45.3166846441415,CPLM010743,Ubiquitination
P28482,344,0,2.57392619743914,9.639212598425198,24.062193285077875,CPLM010743,Ubiquitination
P28845,56,0,2.048178618268831,9.53,45.4965120843639,CPLM010823,Methylation
P29374,57,0,2.1446709874640466,11.1125,50.84146319991815,CPLM010901,Ubiquitination
P29401,6,0,1.9385322080246836,10.517631578947368,63.81795405204702,CPLM010910,Ubiquitination
P29401,11,0,2.2268523286958626,8.949761904761905,26.66384222333819,CPLM010910,Ubiquitination
P29401,16,0,2.177614667288461,10.142857142857142,47.08970706294768,CPLM010910,Ubiquitination
P29401,75,0,3.923154126467153,10.872380952380952,5.287712614194436,CPLM010910,Ubiquitination
P29401,102,0,2.0481904257418924,10.243243243243244,46.322022159367656,CPLM010910,Ubiquitination
P29401,114,0,2.0396639746262992,10.495238095238095,25.3549824173551,CPLM010910,Ubiquitination
P29401,140,0,2.0217297508973964,10.462142857142856,35.75038160838982,CPLM010910,Ubiquitination
P29401,144,0,2.0080910269456,10.357619047619048,61.37907840234832,CPLM010910,Ubiquitination
P29401,174,0,2.1531946703896607,10.325,64.6414408276925,CPLM010910,Ubiquitination
P29401,204,0,2.290457117329571,10.28829268292683,55.11892144518021,CPLM010910,Ubiquitination
P29401,204,0,2.290457117329571,10.28829268292683,55.11892144518021,CPLM010910,Methylation
P29401,226,0,2.032752530129317,10.327857142857145,65.0116843785687,CPLM010910,Ubiquitination
P29401,241,0,2.163828635789777,10.12595238095238,44.17848696231332,CPLM010910,Ubiquitination
P29401,244,0,3.9697190099646016,7.755476190476191,9.856058948080156,CPLM010910,Ubiquitination
P29401,254,0,2.1552424579015765,10.21404761904762,53.38085231818011,CPLM010910,Ubiquitination
P29401,260,0,2.317385600832174,10.13452380952381,55.42171879574651,CPLM010910,Ubiquitination
P29401,264,0,2.0162372105985136,10.756666666666668,70.67130639807718,CPLM010910,Ubiquitination
P29401,281,0,1.900938113622941,10.600425531914894,74.41457584752177,CPLM010910,Ubiquitination
P29401,282,0,1.9600957008571207,10.351063829787234,70.27031173063529,CPLM010910,Ubiquitination
P29401,283,0,1.923681122497377,10.710714285714284,39.32436244253463,CPLM010910,Ubiquitination
P29401,310,0,2.0867808781501926,10.58547619047619,69.46841145263548,CPLM010910,Ubiquitination
P29401,314,0,1.9538567794728128,10.353095238095236,55.52210951098935,CPLM010910,Ubiquitination
P29401,319,0,2.7544922474188773,10.004761904761905,45.42185640477469,CPLM010910,Ubiquitination
P29401,327,0,2.1064161132786468,10.44904761904762,22.41311542588649,CPLM010910,Ubiquitination
P29401,343,0,2.688959232887655,11.96,24.050559175997392,CPLM010910,Ubiquitination
P29401,352,0,2.242917125651749,9.640212765957449,45.5015203902055,CPLM010910,Ubiquitination
P29401,353,0,1.937366113230934,10.473333333333333,73.74725519267086,CPLM010910,Ubiquitination
P29401,456,0,2.736605703213999,9.92095238095238,24.822370262834006,CPLM010910,Ubiquitination
P29401,465,0,1.8856987991193304,10.307380952380951,74.12309236796672,CPLM010910,Ubiquitination
P29401,493,0,2.3925840382656083,10.456428571428573,18.45568887173792,CPLM010910,Ubiquitination
P29401,497,0,1.9665929432579,10.101904761904764,59.1664372431325,CPLM010910,Ubiquitination
P29401,499,0,1.8870933101101088,10.523333333333332,77.14680673054056,CPLM010910,Ubiquitination
P29401,523,0,2.0333712841337794,10.31340425531915,49.13153322293304,CPLM010910,Ubiquitination
P29401,524,0,1.8960736957935915,10.42190476190476,70.71227722310289,CPLM010910,Ubiquitination
P29401,526,0,1.965271804459248,10.436190476190475,74.43406251161659,CPLM010910,Ubiquitination
P29401,538,0,2.4262914049547626,7.954523809523811,24.22497522647013,CPLM010910,Ubiquitination
P29401,543,0,2.0135140539745477,11.03,64.91813862648603,CPLM010910,Ubiquitination
P29401,597,0,2.314116549111284,10.72342857142857,62.44235168261954,CPLM010910,Ubiquitination
P29401,603,0,2.0579465429750967,11.102619047619047,55.22255257398377,CPLM010910,Ubiquitination
P30101,61,0,2.0078322750771145,10.732,62.34556070895893,CPLM011023,Methylation
P30153,33,0,2.0026537637413626,10.30375,58.77390120167752,CPLM011035,Ubiquitination
P30153,34,0,2.1075603178260987,9.991666666666667,56.14383864461618,CPLM011035,Ubiquitination
P30153,107,0,2.444331745167367,11.589999999999998,26.596794309292047,CPLM011035,Ubiquitination
P30153,163,0,2.936585327695442,10.641666666666667,19.23664267886154,CPLM011035,Ubiquitination
P30153,188,0,2.364923949080145,10.201666666666666,33.29684060000266,CPLM011035,Ubiquitination
P30153,194,0,2.039476818687996,10.301666666666668,65.0866766573708,CPLM011035,Ubiquitination
P30153,202,0,2.202446218136291,11.115,37.96343104998423,CPLM011035,Ubiquitination
P30153,255,0,1.8918440005472732,10.301666666666668,80.52194313800346,CPLM011035,Ubiquitination
P30153,266,0,2.547201130211993,11.046666666666669,28.55823895591457,CPLM011035,Ubiquitination
P30153,272,0,1.9359317356221557,10.436666666666667,61.760891772002566,CPLM011035,Ubiquitination
P30153,280,0,2.13558613257262,10.816666666666668,47.15602567869923,CPLM011035,Ubiquitination
P30153,292,0,1.955662950861045,10.81,43.53927804456181,CPLM011035,Ubiquitination
P30153,305,0,2.634995784039258,10.031666666666668,18.749052227393445,CPLM011035,Ubiquitination
P30153,307,0,2.4615942787099128,10.906666666666666,35.59196492883694,CPLM011035,Ubiquitination
P30153,374,0,1.975854668620408,10.536666666666669,48.75206928395502,CPLM011035,Ubiquitination
P30153,416,0,2.2066048271099183,10.386666666666668,73.26168433648009,CPLM011035,Ubiquitination
P30153,442,0,2.0399897141106296,10.67,36.41054616463793,CPLM011035,Ubiquitination
P30153,467,0,2.6457253099195603,10.9775,34.31131731833979,CPLM011035,Ubiquitination
P30153,468,0,2.316182815194659,10.36,52.57859458587433,CPLM011035,Ubiquitination
P30153,472,0,1.967648924143931,9.836666666666666,41.746606736607134,CPLM011035,Ubiquitination
P30153,475,0,2.2272190987671387,10.501666666666669,56.13260854171039,CPLM011035,Ubiquitination
P30153,485,0,1.9211743073656955,10.198333333333332,50.00199228192466,CPLM011035,Ubiquitination
P30153,519,0,1.9381014699673225,10.99,47.57590280934386,CPLM011035,Ubiquitination
P30153,542,0,2.143243586396048,4.336666666666667,22.652099308704887,CPLM011035,Ubiquitination
P30153,546,0,1.938799190693126,10.185,38.74526765087682,CPLM011035,Ubiquitination
P30153,566,0,1.936856408319108,9.566666666666666,46.379305074176536,CPLM011035,Ubiquitination
P31946,5,0,2.0990981427123296,10.317,27.46575665561341,CPLM011319,Ubiquitination
P31946,11,0,2.265634833261097,9.689,49.71955546655146,CPLM011319,Ubiquitination
P31946,13,0,2.3423165890665487,10.194285714285716,42.87751775871189,CPLM011319,Ubiquitination
P31946,29,0,2.4030871767986133,11.506,33.25548938669978,CPLM011319,Ubiquitination
P31946,70,0,1.9566912869283208,10.262,62.18400103425573,CPLM011319,Ubiquitination
P31946,76,0,1.9532482847928956,10.144,61.57939825558003,CPLM011319,Ubiquitination
P31946,82,0,2.47407924596058,11.045,48.40925525747833,CPLM011319,Ubiquitination
P31946,87,0,1.9842515017080575,9.915,46.07836531436295,CPLM011319,Ubiquitination
P31946,105,0,1.9497132072387016,11.03,49.834109061175326,CPLM011319,Ubiquitination
P31946,117,0,2.924956484963963,10.381,45.332799109696055,CPLM011319,Ubiquitination
P31946,122,0,2.97031645465008,10.492,31.41294856786171,CPLM011319,Ubiquitination
P31946,124,0,3.306548785018331,10.08047619047619,31.23743233662835,CPLM011319,Ubiquitination
P31946,140,0,2.40069244433285,9.819,41.35093514102611,CPLM011319,Ubiquitination
P31946,159,0,2.139154412253861,10.208,41.59124734407165,CPLM011319,Ubiquitination
P31946,160,0,1.916278460919519,10.495,65.19003069235077,CPLM011319,Ubiquitination
P31946,195,0,2.216080077268137,10.772,56.215485501241325,CPLM011319,Ubiquitination
P31947,9,0,2.7826992583356334,10.058157894736842,41.22453885589385,CPLM011321,Ubiquitination
P31947,11,0,2.6227994017419216,10.897719298245612,44.40647961776379,CPLM011321,Ubiquitination
P31947,32,0,2.6454692411715715,10.140877192982456,25.807586849977827,CPLM011321,Ubiquitination
P31947,49,0,2.6397664268784387,9.515391304347826,55.11096341702921,CPLM011321,Ubiquitination
P31947,68,0,1.9448492147419203,10.349734513274337,67.52460188527594,CPLM011321,Ubiquitination
P31947,77,0,1.9005255081056576,10.409999999999998,61.76690671210368,CPLM011321,Ubiquitination
P31947,87,0,2.033031103312936,10.674678899082569,60.90520952987883,CPLM011321,Ubiquitination
P31947,109,0,2.555342961953358,10.414821428571427,54.708962268210485,CPLM011321,Ubiquitination
P31947,122,0,3.543775888198988,9.866071428571429,29.147627976104165,CPLM011321,Ubiquitination
P31947,140,0,3.246177018642041,9.955739130434784,42.14953951843299,CPLM011321,Ubiquitination
P31947,159,0,2.4850111721553447,9.944608695652176,53.46295391383579,CPLM011321,Ubiquitination
P31947,160,0,2.334604965140881,10.503303571428573,68.55492384814185,CPLM011321,Ubiquitination
P32119,10,0,2.379739505317137,9.424642857142857,46.55699946073311,CPLM011354,Ubiquitination
P32119,67,0,1.901091480529528,10.62675,63.32337078678862,CPLM011354,Ubiquitination
P32119,92,0,1.9111378831162336,10.399,73.58972333271554,CPLM011354,Ubiquitination
P32119,177,0,2.1701956620561607,9.863823529411764,56.85567663419598,CPLM011354,Ubiquitination
P32119,177,0,2.1701956620561607,9.863823529411764,56.85567663419598,CPLM011354,Methylation
P32119,184,0,2.26058267364486,11.575714285714286,36.290403620583454,CPLM011354,Ubiquitination
P32119,191,0,2.033803699530844,9.769285714285717,55.25650195501202,CPLM011354,Ubiquitination
P32322,51,0,2.217533818219104,10.219727272727273,54.30409531090304,CPLM011405,Ubiquitination
P32322,215,0,2.234219243321909,9.312842105263158,43.80512854823857,CPLM011405,Ubiquitination
P32322,228,0,2.3662857131460084,9.175555555555556,33.97865201785319,CPLM011405,Ubiquitination
P32780,38,0,1.8925048712940264,10.38103448275862,53.79093620649571,CPLM011583,Ubiquitination
P32780,93,0,3.037242437175408,10.75258620689655,26.436355482025284,CPLM011583,Ubiquitination
P32780,102,0,1.9100166229939983,10.42135593220339,49.27155276176141,CPLM011583,Ubiquitination
P32780,104,0,2.097241888240532,9.507894736842106,32.23165840687074,CPLM011583,Ubiquitination
P32780,109,0,2.0495001003737814,11.7255,51.0810333653239,CPLM011583,Ubiquitination
P35658,36,0,2.095000175936611,12.07,33.157383338614395,CPLM012102,Ubiquitination
P35658,72,0,1.9228234424731203,10.41,76.05998708866431,CPLM012102,Ubiquitination
P35658,79,0,2.1314858495080826,10.56,62.59996426405276,CPLM012102,Ubiquitination
P35658,205,0,1.9438981398709347,10.17,56.045260266801975,CPLM012102,Ubiquitination
P35658,211,0,2.760995572446445,10.81,25.63159996216962,CPLM012102,Ubiquitination
P35754,9,0,2.151185238419344,10.633500000000002,41.35054244194441,CPLM012148,Ubiquitination
P35754,14,0,2.7777463085905354,10.5705,31.85013881927073,CPLM012148,Ubiquitination
P35754,100,0,2.0892378758968806,10.398,55.81010551169609,CPLM012148,Ubiquitination
P37837,81,0,1.9072183708109904,10.5,71.90739064924117,CPLM012608,Ubiquitination
P37837,225,0,1.9875011699503495,10.79,52.34664032828428,CPLM012608,Ubiquitination
P37840,10,0,2.7346842426938003,9.921410256410256,52.72838998622854,CPLM012610,Ubiquitination
P37840,12,0,2.895425931513637,10.118115942028986,59.60256046893886,CPLM012610,Ubiquitination
P37840,21,0,3.3376322635714795,10.16095238095238,62.6750253690828,CPLM012610,Ubiquitination
P37840,23,0,3.6789365922104342,10.02359375,55.77634576478168,CPLM012610,Ubiquitination
P38935,38,0,1.9023281778442047,10.43,80.84230923051487,CPLM013026,Ubiquitination
P38935,138,0,2.38381429138138,9.25,20.13351829407621,CPLM013026,Ubiquitination
P38935,237,0,2.371613722770312,9.33,21.712201327428552,CPLM013026,Ubiquitination
P38935,259,0,1.9644630175114297,10.44,70.38735067875584,CPLM013026,Ubiquitination
P38935,298,0,2.0929513834451363,10.38,55.96272800979828,CPLM013026,Ubiquitination
P38935,306,0,2.4840843050074444,9.39,32.36573471483324,CPLM013026,Ubiquitination
P38935,324,0,1.9228842411318792,9.97,53.873241645926335,CPLM013026,Ubiquitination
P38935,394,0,3.4961651844554327,7.97,11.313889618204565,CPLM013026,Ubiquitination
P38935,402,0,2.0666833687180794,10.19,33.66720492142977,CPLM013026,Ubiquitination
P38935,572,0,2.3239798646786167,10.64,13.038754884719262,CPLM013026,Ubiquitination
P39748,24,0,1.9679992798161947,10.551,65.60643898110706,CPLM013229,Ubiquitination
P39748,80,0,4.171753430981541,8.859,21.140166392595063,CPLM013229,Ubiquitination
P39748,88,0,1.934064154733304,10.292,71.31000371619167,CPLM013229,Ubiquitination
P39748,93,0,2.6859338341336083,12.215,23.250465807797063,CPLM013229,Ubiquitination
P39748,99,0,2.015690673712726,10.797,48.158700971508246,CPLM013229,Ubiquitination
P39748,109,0,1.961372343041336,10.748,60.54598444215105,CPLM013229,Ubiquitination
P39748,125,0,2.012916737067269,10.537,48.05849071084342,CPLM013229,Ubiquitination
P39748,128,0,2.1920431156496285,10.145,40.99154675893248,CPLM013229,Ubiquitination
P39748,132,0,1.934339216965016,9.637,56.87083154625721,CPLM013229,Ubiquitination
P39748,135,0,2.0380279660078444,10.714,66.12422581029622,CPLM013229,Ubiquitination
P39748,142,0,2.343820894284014,10.082,16.05411114600465,CPLM013229,Ubiquitination
P39748,168,0,1.9865946294091523,9.879,55.87495322005394,CPLM013229,Ubiquitination
P39748,171,0,1.947907295738172,11.142,32.04268408776613,CPLM013229,Ubiquitination
P39748,200,0,1.9487784832777053,9.786,46.0882768755604,CPLM013229,Ubiquitination
P39748,201,0,2.226332446357234,10.124,63.85554431046044,CPLM013229,Ubiquitination
P39748,252,0,1.9223381703498237,10.507,62.67352661953197,CPLM013229,Ubiquitination
P39748,254,0,2.136882210603127,10.301,54.154793797534936,CPLM013229,Ubiquitination
P39748,267,0,1.9550921305289184,10.527,61.58718024238235,CPLM013229,Ubiquitination
P39748,277,0,2.016204499274072,10.61,70.23694693046522,CPLM013229,Ubiquitination
P39748,297,0,1.9218988002081585,10.427,51.82746268984745,CPLM013229,Ubiquitination
P39748,308,0,1.93250731738866,10.991666666666667,58.57134619721423,CPLM013229,Ubiquitination
P39748,314,0,3.047256468575959,11.303999999999998,4.8527723571072885,CPLM013229,Ubiquitination
P40925,32,0,1.909748159977178,10.011666666666668,68.54684098683477,CPLM013640,Ubiquitination
P40925,73,0,2.250721975448424,10.94,60.49060841747762,CPLM013640,Ubiquitination
P40925,103,0,2.0439062014391443,10.35,59.28464044588867,CPLM013640,Ubiquitination
P40925,107,0,2.134690556034803,10.273333333333332,63.2510429790475,CPLM013640,Ubiquitination
P40925,110,0,2.3279579918710662,10.441666666666666,48.41205187489695,CPLM013640,Ubiquitination
P40925,110,0,2.3279579918710662,10.441666666666666,48.41205187489695,CPLM013640,Methylation
P40925,118,0,1.936728146936857,10.355,65.7116899708178,CPLM013640,Ubiquitination
P40925,121,0,2.2041958353352205,11.278333333333334,37.364614037778885,CPLM013640,Ubiquitination
P40925,122,0,1.934490032599243,10.351666666666668,53.53943106402068,CPLM013640,Ubiquitination
P40925,125,0,2.6955627353313463,9.095,37.170958848962286,CPLM013640,Ubiquitination
P40925,149,0,2.2849697442458914,11.08,48.2547268052914,CPLM013640,Ubiquitination
P40925,164,0,3.0550107518004483,8.485,27.618990018953827,CPLM013640,Ubiquitination
P40925,170,0,1.9726981681567208,10.328333333333331,38.09749960730696,CPLM013640,Ubiquitination
P40925,179,0,2.401063516303257,10.808333333333332,27.879311331042697,CPLM013640,Ubiquitination
P40925,199,0,2.531935687771774,10.221666666666666,48.360619203502246,CPLM013640,Ubiquitination
P40925,201,0,2.0875235755455983,10.611666666666666,55.03498733759289,CPLM013640,Ubiquitination
P40925,205,0,2.025690289966141,10.388333333333334,71.49590746146785,CPLM013640,Ubiquitination
P40925,214,0,1.952552864442648,10.391666666666667,62.737905270653336,CPLM013640,Ubiquitination
P40925,220,0,2.1614566081091398,10.191666666666666,40.35246500088363,CPLM013640,Ubiquitination
P40925,236,0,2.0090143188798577,10.356666666666667,63.76456247821553,CPLM013640,Ubiquitination
P40925,239,0,2.021012190654301,10.36,54.09859201395915,CPLM013640,Ubiquitination
P40925,293,0,1.981219428805886,10.315,68.40393670017382,CPLM013640,Ubiquitination
P40925,295,0,2.0166813251524154,9.49,38.77876161005338,CPLM013640,Ubiquitination
P40925,298,0,2.208703207403257,10.315,62.54946425297709,CPLM013640,Ubiquitination
P40925,312,0,2.1749645639941977,9.726666666666668,30.624348816117635,CPLM013640,Ubiquitination
P40925,318,0,2.030419687002959,10.993333333333332,62.773291821237535,CPLM013640,Ubiquitination
P40925,324,0,2.293223515988171,10.711666666666666,27.888457947153924,CPLM013640,Ubiquitination
P41208,6,0,1.8874360657766185,10.4125,68.54734604148707,CPLM013707,Ubiquitination
P41208,6,0,1.8874360657766185,10.4125,68.54734604148707,CPLM013707,Methylation
P41208,7,0,1.8912668719639616,10.371,67.01485423761953,CPLM013707,Methylation
P41208,17,0,1.8918871471364296,10.443,69.5473771604793,CPLM013707,Ubiquitination
P41208,22,0,1.8826829402594984,10.51,62.11965401722705,CPLM013707,Ubiquitination
P41208,30,0,2.09749659608737,10.6645,50.1246867466783,CPLM013707,Ubiquitination
P41208,54,0,2.140483461428724,10.2485,57.98126346708434,CPLM013707,Ubiquitination
P41208,65,0,1.9177864300916088,10.9935,51.22049226295833,CPLM013707,Ubiquitination
P41208,71,0,2.0470372106635737,10.8695,55.58700498215218,CPLM013707,Ubiquitination
P41208,78,0,1.904673828820686,10.4495,62.30453838113698,CPLM013707,Ubiquitination
P45983,30,0,2.144221426046596,10.308571428571428,61.884279537634974,CPLM014249,Ubiquitination
P45983,68,0,2.3750864273500136,9.758571428571427,25.669911497580586,CPLM014249,Ubiquitination
P45983,153,0,2.9176449110094604,9.888571428571428,17.1081271687567,CPLM014249,Ubiquitination
P45983,160,0,2.0340751746679926,10.858571428571429,38.26940440948543,CPLM014249,Ubiquitination
P45983,166,0,3.4049746694011302,9.954285714285716,19.53334319754666,CPLM014249,Ubiquitination
P45983,236,0,2.093454931625682,10.712857142857144,34.47398648482352,CPLM014249,Ubiquitination
P45983,250,0,2.010689731549758,10.29857142857143,66.79673935016703,CPLM014249,Ubiquitination
P45983,251,0,1.9215874092256624,10.961428571428572,32.47604108188897,CPLM014249,Ubiquitination
P45983,265,0,1.8970335973222177,10.384285714285712,66.77355140439053,CPLM014249,Ubiquitination
P45983,273,0,1.9067271845560536,10.438571428571429,64.25957135816944,CPLM014249,Ubiquitination
P45983,290,0,3.286850012378705,9.73,26.29529881015301,CPLM014249,Ubiquitination
P45983,300,0,2.064055242629286,10.915714285714284,43.9816286268204,CPLM014249,Ubiquitination
P45983,308,0,1.906954105214393,11.078571428571427,49.49950887361612,CPLM014249,Ubiquitination
P45983,336,0,1.9116923466406952,10.397142857142857,80.53741579348834,CPLM014249,Ubiquitination
P45983,353,0,3.117452150935575,10.067142857142857,20.723179340192186,CPLM014249,Ubiquitination
P46013,11,0,2.021045625529136,10.25695652173913,63.49747374680691,CPLM014260,Ubiquitination
P46013,46,0,2.231347503452037,10.349565217391303,65.24992185534266,CPLM014260,Ubiquitination
P46013,83,0,2.126379543578625,10.483478260869566,70.80908530451335,CPLM014260,Ubiquitination
P46379,22,0,2.5406149870282806,10.4425,42.22129538699525,CPLM014321,Ubiquitination
P46379,40,0,2.1245562358085657,10.2185,39.34820745802462,CPLM014321,Ubiquitination
P46379,43,0,3.3295408373625905,8.341,6.972699444795595,CPLM014321,Ubiquitination
P46379,56,0,2.273009734520054,10.3105,38.37782021096211,CPLM014321,Ubiquitination
P46379,70,0,2.146736110535536,10.3705,53.26881067309888,CPLM014321,Ubiquitination
P46379,71,0,2.247196565803133,10.6685,48.68394990137276,CPLM014321,Ubiquitination
P46379,80,0,2.2957880267817563,10.4465,44.12701003435542,CPLM014321,Ubiquitination
P46976,209,0,2.5829311846906085,10.336857142857143,35.228721394925,CPLM014453,Ubiquitination
P47756,23,0,2.1264183802300267,8.21,23.4139300730465,CPLM014576,Ubiquitination
P47756,53,0,1.8849782372874264,11.64,60.49683160709176,CPLM014576,Ubiquitination
P47756,57,0,2.268176057925066,10.36,53.13310205169466,CPLM014576,Ubiquitination
P47756,78,0,1.9808802533674208,10.41,61.50345025317949,CPLM014576,Ubiquitination
P47756,136,0,1.991592886774742,9.72,40.88838471017023,CPLM014576,Ubiquitination
P47756,159,0,1.9141082692753448,10.44,38.68985890127992,CPLM014576,Ubiquitination
P47756,223,0,3.366963886673377,8.45,23.218365930360537,CPLM014576,Ubiquitination
P47756,235,0,2.5162761659450137,6.53,9.334686246442995,CPLM014576,Ubiquitination
P47756,237,0,2.361705925309985,6.77,22.031694755313943,CPLM014576,Ubiquitination
P47756,254,0,1.9241093080356315,11.0,51.82763940443421,CPLM014576,Ubiquitination
P47756,256,0,2.0482197604961234,9.93,35.15910145772669,CPLM014576,Ubiquitination
P48637,108,0,2.111143665232293,11.02,40.53750808067242,CPLM014768,Ubiquitination
P48637,108,0,2.111143665232293,11.02,40.53750808067242,CPLM014768,Methylation
P48637,112,0,1.915124102313465,10.46,77.25578851736041,CPLM014768,Ubiquitination
P48637,141,0,3.5248991852618965,9.74,26.80426486996896,CPLM014768,Ubiquitination
P48637,172,0,2.477648647612218,9.76,34.92488918041687,CPLM014768,Ubiquitination
P48637,178,0,1.976023105035528,10.5,53.29878833924805,CPLM014768,Ubiquitination
P48637,186,0,2.3100108343988057,10.54,66.11458832033287,CPLM014768,Ubiquitination
P48637,213,0,1.993361546520398,10.52,61.31825991123507,CPLM014768,Ubiquitination
P48637,245,0,1.9110303044142,10.92,43.88369695582724,CPLM014768,Ubiquitination
P48637,293,0,5.487774782805148,6.43,0.0,CPLM014768,Ubiquitination
P48637,305,0,4.8737903938769245,12.71,18.182327456809148,CPLM014768,Ubiquitination
P48637,306,0,4.567802786708289,9.46,11.088807594544246,CPLM014768,Ubiquitination
P48637,364,0,3.7371862895440975,7.86,6.963471016375674,CPLM014768,Ubiquitination
P48637,384,0,1.9061710342571,10.15,51.002840433172985,CPLM014768,Ubiquitination
P48637,387,0,2.210757508915376,10.6,68.92045598399372,CPLM014768,Ubiquitination
P48637,400,0,2.0813780075159936,9.58,27.60654909387945,CPLM014768,Ubiquitination
P48637,452,0,2.6263338073605205,9.0,19.226448865199107,CPLM014768,Ubiquitination
P48729,16,0,2.250936106542292,10.55,57.14828653744674,CPLM014785,Ubiquitination
P48729,51,0,1.8903646169825108,10.57,80.76722189360171,CPLM014785,Ubiquitination
P48729,62,0,2.025484716202816,10.22,56.05133074010657,CPLM014785,Ubiquitination
P48729,65,0,2.0578553572061526,9.92,57.173599265754575,CPLM014785,Ubiquitination
P48729,130,0,2.1216279013414017,10.15,31.73689258533969,CPLM014785,Ubiquitination
P48729,138,0,3.150035840447358,10.945,29.650466001812628,CPLM014785,Ubiquitination
P48729,162,0,2.438420998374972,9.315,31.352685621282696,CPLM014785,Ubiquitination
P48729,163,0,1.9706198188072457,9.76,38.51628590716908,CPLM014785,Ubiquitination
P48729,179,0,2.0068899166297607,10.42,32.6660349751006,CPLM014785,Ubiquitination
P48729,225,0,1.88730406405644,10.335,70.67382465885505,CPLM014785,Ubiquitination
P48729,229,0,2.001626693828611,10.785,65.27453953473234,CPLM014785,Ubiquitination
P48729,230,0,2.0676671724735334,10.565,69.43870423460388,CPLM014785,Ubiquitination
P48729,240,0,4.255778389766502,6.37,7.233189835655748,CPLM014785,Ubiquitination
P48729,302,0,1.9789446691004116,10.065,55.082165768935866,CPLM014785,Ubiquitination
P48729,304,0,1.9143271269241449,10.415,69.69760746667549,CPLM014785,Ubiquitination
P49419,375,0,2.219860057878261,10.971666666666666,61.29391256816975,CPLM014920,Ubiquitination
P49419,437,0,1.9421605264702917,10.506666666666666,66.65692211462054,CPLM014920,Ubiquitination
P49419,500,0,1.9932143706842944,10.127391304347826,67.06882479797086,CPLM014920,Ubiquitination
P49588,19,0,2.079543693131971,10.14875,51.78379618820872,CPLM014939,Ubiquitination
P49588,50,0,2.312570990430853,9.846875,35.8350920207167,CPLM014939,Ubiquitination
P49588,74,0,4.745344024498971,11.195625,7.658671109445447,CPLM014939,Ubiquitination
P49588,81,0,1.923203024097759,10.454375,50.79136788706279,CPLM014939,Ubiquitination
P49588,231,0,2.2799852864431767,10.71125,55.57024982133303,CPLM014939,Ubiquitination
P49588,236,0,1.9847534217597207,9.536875,46.66635446751353,CPLM014939,Ubiquitination
P49588,254,0,2.0355769942554707,10.21,36.31307634360643,CPLM014939,Ubiquitination
P49588,272,0,1.9670400637163603,10.289375,63.829891652010005,CPLM014939,Ubiquitination
P49588,282,0,2.2044431457484888,10.502666666666666,34.9897259804669,CPLM014939,Ubiquitination
P49588,338,0,2.09954489922494,10.13375,29.877268129263093,CPLM014939,Ubiquitination
P49588,372,0,2.5339739092560065,11.033125,23.5427374171514,CPLM014939,Ubiquitination
P49588,384,0,1.9284137083303143,10.19875,58.66404158826459,CPLM014939,Ubiquitination
P49588,396,0,2.3332257081559105,10.19625,38.24730748928263,CPLM014939,Ubiquitination
P49588,451,0,1.918250120327276,10.35,70.90350780675593,CPLM014939,Ubiquitination
P49790,27,0,2.031443241589071,10.6345,54.122878815916046,CPLM015016,Ubiquitination
P49916,114,0,1.8814837544089056,10.429642857142856,76.2583351873402,CPLM015066,Ubiquitination
P50213,58,0,2.5094646178801057,10.34,53.43114429224225,CPLM015115,Ubiquitination
P50213,336,0,1.9771800276299696,10.47,56.39445156274083,CPLM015115,Ubiquitination
P50416,40,0,1.932247799743572,10.375,69.27581920049994,CPLM015153,Ubiquitination
P50552,21,0,2.067957808131495,10.714666666666666,64.93529334303751,CPLM015195,Ubiquitination
P50552,53,0,3.3714499579941184,9.190666666666669,9.773994345816227,CPLM015195,Ubiquitination
P50552,71,0,1.9472066918858133,10.425333333333333,72.25198191177023,CPLM015195,Ubiquitination
P51157,25,0,2.8187707749956816,8.7725,13.322103634626629,CPLM015292,Ubiquitination
P51157,39,0,1.9211820334221428,10.2875,73.14851609694998,CPLM015292,Ubiquitination
P51157,130,0,2.36751554204436,10.565,33.83650731302713,CPLM015292,Ubiquitination
P51157,143,0,2.3685377510399745,9.5225,34.09503420847878,CPLM015292,Ubiquitination
P51157,184,0,1.823590554018156,9.715,29.85321326520133,CPLM015292,Ubiquitination
P51659,50,0,1.9138542490040955,10.323333333333332,60.113120971040814,CPLM015382,Ubiquitination
P51659,57,0,1.9912952242265785,10.423333333333334,61.50848989139463,CPLM015382,Ubiquitination
P51659,68,0,2.141756440370989,10.170833333333333,63.29143644292335,CPLM015382,Ubiquitination
P51659,81,0,2.009725124536069,10.930833333333334,52.88488078006064,CPLM015382,Ubiquitination
P51659,84,0,2.2063444412468964,10.7025,57.14305873092163,CPLM015382,Ubiquitination
P51659,184,0,1.9206132486990524,10.239,78.50006537519987,CPLM015382,Ubiquitination
P51659,246,0,2.3024268608082523,8.803333333333335,28.219625082463327,CPLM015382,Ubiquitination
P51659,270,0,2.2017857588025835,9.767,50.14969513319782,CPLM015382,Ubiquitination
P51659,275,0,1.956486735928418,10.229166666666666,57.226109132547,CPLM015382,Ubiquitination
P51659,284,0,2.0508432890255164,9.058333333333334,20.25025627734202,CPLM015382,Ubiquitination
P51665,28,0,1.8963420732730525,10.4,76.52884252144304,CPLM015387,Ubiquitination
P51665,33,0,1.9302795091128004,10.57,52.80887987236715,CPLM015387,Ubiquitination
P51665,45,0,1.944161031117344,10.411666666666669,75.30165789113452,CPLM015387,Ubiquitination
P51665,46,0,2.1978591229365803,10.671666666666669,40.09706333562382,CPLM015387,Ubiquitination
P51665,100,0,1.9705667316266355,10.25,71.43538816965496,CPLM015387,Ubiquitination
P51665,103,0,1.8896130120616792,10.581666666666669,74.41794860346458,CPLM015387,Ubiquitination
P51665,113,0,2.122713957387881,10.538333333333332,31.61192701089689,CPLM015387,Ubiquitination
P51665,127,0,1.954233363761716,10.631666666666666,50.96174883759634,CPLM015387,Ubiquitination
P51665,180,0,1.8774937826743148,10.43,73.66386001060174,CPLM015387,Ubiquitination
P51858,80,0,1.99568017454543,10.706,45.05487124336231,CPLM015447,Ubiquitination
P51858,106,0,1.888500821331748,10.1535,70.09261529172537,CPLM015447,Ubiquitination
P52209,38,0,2.2523089351964134,10.28,43.34893451883444,CPLM015514,Ubiquitination
P52209,48,0,1.9481010018068536,10.33,61.3934840978282,CPLM015514,Ubiquitination
P52209,51,0,1.9073531249692983,10.31,57.664608480061446,CPLM015514,Ubiquitination
P52209,59,0,1.9971623918917896,10.01952380952381,65.15783934096149,CPLM015514,Ubiquitination
P52209,64,0,2.305381237514972,10.67818181818182,26.998264166314215,CPLM015514,Ubiquitination
P52209,76,0,1.9940747037314728,9.685,61.03991316588084,CPLM015514,Ubiquitination
P52209,119,0,1.9420050436422216,10.502727272727272,47.1366941739047,CPLM015514,Ubiquitination
P52209,147,0,1.9507215988972375,10.052272727272728,55.77304394086216,CPLM015514,Ubiquitination
P52209,154,0,2.269177795095802,10.364090909090908,45.12349258164576,CPLM015514,Ubiquitination
P52209,163,0,1.9450257467962575,9.51590909090909,33.80099482107078,CPLM015514,Ubiquitination
P52209,184,0,4.44403433537265,8.583636363636364,13.567513785750942,CPLM015514,Ubiquitination
P52209,241,0,2.091514584751897,10.772380952380953,46.20601180024494,CPLM015514,Ubiquitination
P52209,248,0,2.1752859799235025,10.371904761904762,61.78585231780062,CPLM015514,Ubiquitination
P52209,253,0,1.978415712034715,11.32611111111111,32.01284913864433,CPLM015514,Ubiquitination
P52209,261,0,1.982812322603589,8.706842105263158,60.595254397989095,CPLM015514,Ubiquitination
P52209,265,0,2.7332485923001566,8.957272727272727,25.069036215188373,CPLM015514,Ubiquitination
P52209,294,0,2.5165593969803988,9.371666666666666,20.21248535247243,CPLM015514,Ubiquitination
P52209,303,0,1.9706813383506063,9.941666666666666,51.61531828287779,CPLM015514,Ubiquitination
P52209,305,0,1.980627983426512,10.214666666666666,59.99918151414749,CPLM015514,Ubiquitination
P52209,309,0,1.893448552016264,10.41,66.84690963284707,CPLM015514,Ubiquitination
P52209,316,0,2.018920871683364,10.443333333333332,52.22028258105533,CPLM015514,Ubiquitination
P52209,317,0,1.9233095843017525,10.651363636363635,74.25915983728179,CPLM015514,Ubiquitination
P52209,331,0,7.498440749718579,8.975,18.77997529674852,CPLM015514,Ubiquitination
P52209,375,0,2.2868790026097865,10.203181818181818,38.32061168974053,CPLM015514,Ubiquitination
P52209,460,0,2.19296600475958,10.223157894736843,57.783680541092856,CPLM015514,Ubiquitination
P53990,7,0,2.1334232468798366,10.094375,57.81111554527669,CPLM016059,Ubiquitination
P53990,28,0,2.016233112375093,10.220625,55.43654396524548,CPLM016059,Ubiquitination
P53990,35,0,1.9571855317944375,10.429375,66.26770619196417,CPLM016059,Ubiquitination
P53990,38,0,2.265560401579179,10.645,65.59505561647632,CPLM016059,Ubiquitination
P53990,48,0,2.088633263348348,9.528,49.87611259128614,CPLM016059,Ubiquitination
P53990,118,0,2.150500993731616,10.299375,46.482354494660505,CPLM016059,Ubiquitination
P53990,127,0,2.151224466421554,8.648125,20.81733215908444,CPLM016059,Ubiquitination
P53990,130,0,2.009527435086873,10.691875,60.16861698710032,CPLM016059,Ubiquitination
P53990,151,0,2.714246768104016,10.345,19.68825480404594,CPLM016059,Ubiquitination
P53990,159,0,2.1070796998728367,9.920625,51.39223429760074,CPLM016059,Ubiquitination
P53990,171,0,1.920929759829061,10.373333333333331,64.4020167167369,CPLM016059,Ubiquitination
P54132,38,0,2.059673722628916,10.476,66.38751581835966,CPLM016092,Methylation
P54132,39,0,2.1692177452381896,10.5155,48.03391102082144,CPLM016092,Methylation
P54132,56,0,1.8943863991274683,10.392,60.20873447078818,CPLM016092,Ubiquitination
P54652,26,0,2.291558129353504,10.54,66.21205950490284,CPLM016248,Ubiquitination
P54652,57,0,2.26267934310452,11.795,34.07477748084783,CPLM016248,Ubiquitination
P54652,78,0,2.3151150029378176,10.69,65.91676615792713,CPLM016248,Ubiquitination
P54652,101,0,2.422882098874709,11.245,45.20378764388097,CPLM016248,Ubiquitination
P54652,103,0,3.304000218551998,11.06,8.89028178565394,CPLM016248,Ubiquitination
P54652,109,0,1.934990947947017,10.4,54.93806156841417,CPLM016248,Ubiquitination
P54652,113,0,1.9879419728230776,10.426,41.81530180513485,CPLM016248,Ubiquitination
P54652,127,0,2.331596862885223,10.26,44.2880297478213,CPLM016248,Ubiquitination
P54652,129,0,3.390073049679064,11.22,33.452496698510984,CPLM016248,Ubiquitination
P54652,188,0,1.911558324334881,10.615,64.93691649924186,CPLM016248,Ubiquitination
P54652,189,0,1.9361632048185853,11.145,43.99229461437867,CPLM016248,Ubiquitination
P54652,223,0,1.9715391662570951,11.48,37.91820520574193,CPLM016248,Ubiquitination
P54652,322,0,2.5694809099083527,10.765,58.23341227495074,CPLM016248,Ubiquitination
P54652,328,0,1.9692746213409695,10.295,65.65316689933687,CPLM016248,Ubiquitination
P54652,348,0,2.3931187585933493,10.26,39.06542648553953,CPLM016248,Ubiquitination
P54652,351,0,2.153341665233093,10.885,65.72488356913209,CPLM016248,Ubiquitination
P54652,360,0,2.1616412972874715,8.05,17.644444252114056,CPLM016248,Ubiquitination
P54652,364,0,2.03483684018702,10.134,44.04335531247656,CPLM016248,Ubiquitination
P54725,8,0,3.175010823780662,10.018,23.821761159360012,CPLM016259,Ubiquitination
P54725,16,0,1.9405212073534828,10.4044,54.79958605473016,CPLM016259,Ubiquitination
P54725,26,0,2.328814432260033,10.8476,55.016867765631,CPLM016259,Ubiquitination
P54725,31,0,2.0654494065192592,10.1692,38.03984898228586,CPLM016259,Ubiquitination
P54725,36,0,2.0733750289588686,10.2284,30.9154381012576,CPLM016259,Ubiquitination
P54725,47,0,2.6363636992921373,10.2236,47.27482107790392,CPLM016259,Ubiquitination
P54725,53,0,2.1011500185253023,10.3248,62.76471985478251,CPLM016259,Ubiquitination
P54725,69,0,1.9164138855253423,10.5952,75.93925568298687,CPLM016259,Ubiquitination
P54725,78,0,1.8779978959446308,10.391739130434782,69.47278155111194,CPLM016259,Ubiquitination
P54725,80,0,1.8867939336201545,10.348333333333333,69.6523816224332,CPLM016259,Ubiquitination
P54725,122,0,1.9038796728847605,10.443333333333332,70.01151856803146,CPLM016259,Ubiquitination
P54725,321,0,2.2698475784702814,10.460833333333332,57.68423897165682,CPLM016259,Ubiquitination
P54725,328,0,2.28525735622503,10.795,37.41909012705676,CPLM016259,Ubiquitination
P55795,72,0,1.9356428786501203,10.3985,53.76491396799357,CPLM016458,Ubiquitination
P56192,108,0,2.121258757606425,10.586666666666666,41.32800042382412,CPLM016490,Ubiquitination
P56192,109,0,1.898186456993325,10.323333333333332,65.0722122411949,CPLM016490,Ubiquitination
P56192,191,0,1.985685232698737,10.636666666666668,33.28610137094898,CPLM016490,Ubiquitination
P56192,204,0,1.915697212050171,10.295,65.69093146102688,CPLM016490,Ubiquitination
P60174,193,0,2.18231504307192,10.72896551724138,53.38709259568533,CPLM016840,Ubiquitination
P60709,18,0,3.51983281101665,10.227333333333332,21.845535755634664,CPLM016893,Ubiquitination
P60709,18,0,3.51983281101665,10.227333333333332,21.845535755634664,CPLM016893,Methylation
P60709,213,0,2.8531219628306945,9.762,14.009664094311184,CPLM016893,Ubiquitination
P60709,238,0,2.059569526840348,9.826,44.05838477899779,CPLM016893,Ubiquitination
P60709,284,0,1.9621864515021048,8.645333333333333,26.183106552507308,CPLM016893,Ubiquitination
P60709,284,0,1.9621864515021048,8.645333333333333,26.183106552507308,CPLM016893,Methylation
P60709,328,0,2.324460331677349,9.856,55.60924429473032,CPLM016893,Ubiquitination
P61011,9,0,2.021920314536663,9.525,25.32855080833037,CPLM016952,Ubiquitination
P61011,33,0,2.06780365721714,9.38,53.95351588321024,CPLM016952,Ubiquitination
P61011,47,0,2.021365204205769,10.355,61.83012680176762,CPLM016952,Ubiquitination
P61011,50,0,2.0393521059332627,9.475,51.51909246345117,CPLM016952,Ubiquitination
P61011,57,0,2.0857894293325057,10.255,32.412498630478865,CPLM016952,Ubiquitination
P61011,71,0,2.4575362141205748,10.155,48.25587763176694,CPLM016952,Ubiquitination
P61011,73,0,2.106840545646083,10.265,49.02802220115705,CPLM016952,Ubiquitination
P61011,81,0,2.057229671214152,10.2225,63.54914248821117,CPLM016952,Ubiquitination
P61011,85,0,1.929416845375568,10.84,53.02268815989038,CPLM016952,Ubiquitination
P61011,92,0,1.901763113261126,10.305,73.47632165539798,CPLM016952,Ubiquitination
P61011,98,0,1.9158837907124289,10.989999999999998,42.6863901806513,CPLM016952,Ubiquitination
P61011,100,0,10.757707903785468,10.404,69.48662988503285,CPLM016952,Ubiquitination
P61011,149,0,2.2741800673851884,11.535,43.30224051552533,CPLM016952,Ubiquitination
P61011,267,0,2.258310014329583,10.364999999999998,68.16994258902051,CPLM016952,Ubiquitination
P61088,10,0,2.2561731295874834,9.519655172413794,49.95412173725762,CPLM016984,Ubiquitination
P61088,24,0,2.057405751554487,10.560645161290322,59.53392712491034,CPLM016984,Ubiquitination
P61088,68,0,2.118438652236574,9.266774193548386,54.36449025120566,CPLM016984,Ubiquitination
P61088,82,0,1.9083346587280807,10.298571428571428,69.70702195966031,CPLM016984,Ubiquitination
P61088,92,0,2.0108659833111595,9.784705882352942,55.67111429171802,CPLM016984,Ubiquitination
P61088,94,0,2.335587598236873,9.30793103448276,44.26143510526976,CPLM016984,Ubiquitination
P61224,31,0,1.9480017222152648,10.268055555555556,61.19577415877115,CPLM017015,Ubiquitination
P61224,42,0,2.3367172554339355,9.681052631578948,37.62083210376117,CPLM017015,Ubiquitination
P61224,104,0,2.14903002048172,9.10102564102564,25.018540475897584,CPLM017015,Ubiquitination
P61224,117,0,2.668281420336463,9.15625,34.57867339814497,CPLM017015,Ubiquitination
P61224,149,0,2.0131197740872144,10.31075,50.2708223468247,CPLM017015,Ubiquitination
P61224,151,0,2.1751843786472187,9.90325,50.900760761254666,CPLM017015,Ubiquitination
P61981,10,0,2.7798427684890608,8.157272727272728,34.28209433355084,CPLM017134,Ubiquitination
P61981,50,0,2.1591598015295848,9.175833333333332,45.62708452902873,CPLM017134,Ubiquitination
P61981,50,0,2.1591598015295848,9.175833333333332,45.62708452902873,CPLM017134,Methylation
P61981,69,0,1.933790604906717,10.316666666666666,66.11645909512485,CPLM017134,Ubiquitination
P61981,77,0,2.0111283820003627,10.608181818181816,61.93458921998904,CPLM017134,Ubiquitination
P61981,78,0,2.28470930336946,9.943,36.45856235402185,CPLM017134,Ubiquitination
P61981,110,0,1.9418549769653668,10.39,61.474439608519,CPLM017134,Ubiquitination
P61981,120,0,2.9114564968281806,10.52625,38.33894954685864,CPLM017134,Ubiquitination
P61981,125,0,3.0009756175889817,9.906666666666666,29.492914584819705,CPLM017134,Ubiquitination
P61981,127,0,3.4859233959814584,10.749166666666667,26.45427454048193,CPLM017134,Ubiquitination
P61981,142,0,2.07274209347334,10.470833333333331,62.882612155182365,CPLM017134,Ubiquitination
P61981,152,0,1.9782280612927483,10.520833333333334,62.8240290880084,CPLM017134,Ubiquitination
P61981,162,0,2.1432342385437866,9.623636363636365,43.00975109949282,CPLM017134,Ubiquitination
P61981,198,0,2.302265249027675,10.878333333333332,57.62783483897088,CPLM017134,Ubiquitination
P62258,12,0,2.166024705427826,10.916666666666666,40.00244467355008,CPLM017196,Ubiquitination
P62258,28,0,2.224370974569152,10.535714285714286,29.94051868604328,CPLM017196,Ubiquitination
P62258,29,0,1.9906010898797997,9.897142857142857,51.98701913173507,CPLM017196,Ubiquitination
P62258,50,0,1.98776300496004,9.694285714285714,68.65645467634361,CPLM017196,Ubiquitination
P62258,69,0,2.071911343141091,10.306,65.76131622643669,CPLM017196,Ubiquitination
P62258,73,0,1.9273969932817443,10.627142857142855,52.45120347127017,CPLM017196,Ubiquitination
P62258,78,0,2.267304096854327,10.338333333333331,50.446734900256295,CPLM017196,Ubiquitination
P62258,80,0,1.9352043522786329,10.476,72.64970317839158,CPLM017196,Ubiquitination
P62258,106,0,1.9452503677516224,10.852857142857143,58.32995079920168,CPLM017196,Ubiquitination
P62258,123,0,2.666725761734682,9.452857142857145,19.815427362911176,CPLM017196,Ubiquitination
P62258,125,0,3.3940219412401027,10.135714285714286,34.03968935039914,CPLM017196,Ubiquitination
P62258,153,0,2.1241978490308218,10.195714285714288,56.858979513972415,CPLM017196,Ubiquitination
P62258,153,0,2.1241978490308218,10.195714285714288,56.858979513972415,CPLM017196,Methylation
P62258,196,0,2.2839313585293195,10.675714285714289,53.90852378842134,CPLM017196,Ubiquitination
P62258,215,0,1.9754172842651887,10.56,68.56143552353974,CPLM017196,Ubiquitination
P62258,215,0,1.9754172842651887,10.56,68.56143552353974,CPLM017196,Methylation
P62491,24,0,2.582401222764173,9.076,11.30051166948803,CPLM017258,Ubiquitination
P62491,24,0,2.582401222764173,9.076,11.30051166948803,CPLM017258,Methylation
P62491,58,0,2.299615544154418,11.236,45.02019100570978,CPLM017258,Ubiquitination
P62491,61,0,3.00829243882744,10.381,38.85698181297386,CPLM017258,Ubiquitination
P62491,95,0,2.2474590885485517,10.253,60.335811893625895,CPLM017258,Ubiquitination
P62491,107,0,2.166980215367209,10.727,66.1202006447088,CPLM017258,Ubiquitination
P62491,145,0,1.9151302213142265,10.404,71.60758453531828,CPLM017258,Ubiquitination
P62820,24,0,2.5093882085931902,8.935,5.53602621686255,CPLM017336,Ubiquitination
P62820,58,0,2.4238119245210923,11.325,38.97739644139208,CPLM017336,Ubiquitination
P62820,61,0,2.868850358982418,9.785,27.218881469165,CPLM017336,Ubiquitination
P62820,103,0,2.100702063126397,10.305,64.02109315333523,CPLM017336,Ubiquitination
P62820,119,0,2.032060343247727,8.67,31.87596532887711,CPLM017336,Ubiquitination
P62820,125,0,2.519857965265458,11.333333333333334,34.74516390069276,CPLM017336,Ubiquitination
P62820,132,0,2.1233104442065978,10.3475,17.701999211275528,CPLM017336,Ubiquitination
P62820,156,0,1.9617862066116,11.035,53.87155631236738,CPLM017336,Ubiquitination
P62820,173,0,3.7143547213778567,8.293333333333335,11.42617973895475,CPLM017336,Ubiquitination
P62826,12,0,2.6244448137765923,8.62431818181818,20.097483690840782,CPLM017340,Ubiquitination
P62826,12,0,2.6244448137765923,8.62431818181818,20.097483690840782,CPLM017340,Methylation
P62826,23,0,2.701145875391325,9.58090909090909,7.455705184068071,CPLM017340,Ubiquitination
P62826,28,0,2.241883094659202,10.426363636363636,33.66434074687745,CPLM017340,Ubiquitination
P62826,37,0,2.123603022391403,11.315454545454545,37.25750164450425,CPLM017340,Ubiquitination
P62826,37,0,2.123603022391403,11.315454545454545,37.25750164450425,CPLM017340,Methylation
P62826,38,0,2.0595949857630647,10.15953488372093,61.25857117290633,CPLM017340,Ubiquitination
P62826,71,0,1.987970857012581,10.27372093023256,63.36567115605511,CPLM017340,Ubiquitination
P62826,99,0,1.9675299122726653,10.185,68.32594155547707,CPLM017340,Ubiquitination
P62826,123,0,2.68717151140562,10.682954545454546,34.07546544798906,CPLM017340,Ubiquitination
P62826,127,0,1.916921149287802,10.458409090909091,72.8169501472954,CPLM017340,Ubiquitination
P62826,130,0,2.0578915127589523,10.86181818181818,36.77788293481143,CPLM017340,Ubiquitination
P62826,132,0,2.241211382454748,10.025454545454544,58.72600790429788,CPLM017340,Ubiquitination
P62826,134,0,1.9467039368137455,10.271162790697671,69.1138831130723,CPLM017340,Ubiquitination
P62826,141,0,1.9485500227218049,10.13813953488372,67.75092353631119,CPLM017340,Ubiquitination
P62826,142,0,2.0713822665326385,9.562727272727273,36.23312898368314,CPLM017340,Ubiquitination
P62826,152,0,2.32769316540405,10.26,52.47856639478376,CPLM017340,Ubiquitination
P62826,159,0,2.1247091759352963,10.264090909090909,42.04750968088183,CPLM017340,Ubiquitination
P62826,159,0,2.1247091759352963,10.264090909090909,42.04750968088183,CPLM017340,Methylation
P62826,167,0,1.9655766516896256,9.862954545454546,47.53713046876046,CPLM017340,Ubiquitination
P62937,44,0,2.089805955498873,10.288268292682924,39.61030013297329,CPLM017420,Ubiquitination
P62937,49,0,2.0753481849035254,10.93529268292683,53.161681844801706,CPLM017420,Ubiquitination
P62937,49,0,2.0753481849035254,10.93529268292683,53.161681844801706,CPLM017420,Methylation
P62937,76,0,2.516829232002184,10.11786240786241,45.61125089240601,CPLM017420,Ubiquitination
P62937,82,0,2.148457208396588,10.213390663390664,48.92757140024391,CPLM017420,Ubiquitination
P62937,91,0,2.088317733700103,10.410851581508515,53.94069042037937,CPLM017420,Ubiquitination
P62937,91,0,2.088317733700103,10.410851581508515,53.94069042037937,CPLM017420,Methylation
P62937,118,0,2.0799613440346136,10.674617283950615,51.5026063338239,CPLM017420,Ubiquitination
P62937,125,0,1.995258413624,10.133225806451613,55.76643579846749,CPLM017420,Ubiquitination
P62937,125,0,1.995258413624,10.133225806451613,55.76643579846749,CPLM017420,Methylation
P62937,131,0,2.612986661727233,10.219609756097562,46.83051102452825,CPLM017420,Ubiquitination
P62937,133,0,2.2371368768092976,10.66774818401937,45.56572910089424,CPLM017420,Ubiquitination
P62937,151,0,2.1155537247055007,10.178488664987404,64.76539470663165,CPLM017420,Ubiquitination
P62937,154,0,2.1006600229939902,10.48628078817734,43.657763116917465,CPLM017420,Ubiquitination
P62937,155,0,2.143274571269692,10.604516129032255,59.14628790104448,CPLM017420,Ubiquitination
P62942,35,0,1.9837135430275104,10.66034722222222,47.50691230747922,CPLM017422,Ubiquitination
P62942,36,0,2.000907983227284,10.71,59.45184844238364,CPLM017422,Ubiquitination
P62942,45,0,2.080682850285565,10.265,72.3250424850895,CPLM017422,Ubiquitination
P62942,53,0,1.9672170143788408,10.656,48.2174847515462,CPLM017422,Ubiquitination
P62942,74,0,2.537729498221497,10.73,51.841400234755405,CPLM017422,Ubiquitination
P63096,29,0,2.104120116577652,10.503333333333332,65.05078832462668,CPLM017500,Ubiquitination
P63096,35,0,2.334698472466021,8.796666666666667,43.12304974288463,CPLM017500,Ubiquitination
P63096,46,0,2.254844607432018,9.676666666666668,31.204239914246667,CPLM017500,Ubiquitination
P63096,51,0,2.205324134755752,9.016666666666667,31.13104516874115,CPLM017500,Ubiquitination
P63096,54,0,2.142594782011138,11.043333333333331,50.10732290228251,CPLM017500,Ubiquitination
P63096,67,0,2.0409133117535743,10.67,54.78689969272971,CPLM017500,Ubiquitination
P63096,92,0,1.9353982172577548,10.276666666666666,74.43278390210654,CPLM017500,Ubiquitination
P63096,128,0,2.276535057871365,10.403333333333334,42.724536533115206,CPLM017500,Ubiquitination
P63096,132,0,1.9681155844780889,10.146666666666668,60.4262330388486,CPLM017500,Ubiquitination
P63096,192,0,1.8849011467722,10.876666666666663,38.09238906509095,CPLM017500,Ubiquitination
P63096,197,0,3.2501494505232373,10.786666666666669,24.76829466428628,CPLM017500,Ubiquitination
P63096,248,0,1.9091933795427176,10.173333333333334,58.55527280563414,CPLM017500,Ubiquitination
P63096,271,0,2.2313061855233234,10.21,38.35431935258401,CPLM017500,Ubiquitination
P63096,277,0,2.263854509978828,9.673333333333334,25.20865214287227,CPLM017500,Ubiquitination
P63096,312,0,1.9009713574254503,10.56,67.2709125830104,CPLM017500,Ubiquitination
P63096,317,0,2.2391031612591226,9.453333333333331,13.460731864620186,CPLM017500,Ubiquitination
P63096,349,0,1.9796850966052708,8.58,54.63700863490688,CPLM017500,Ubiquitination
P63104,3,0,2.203686095671922,10.630285714285714,34.878032699987706,CPLM017505,Ubiquitination
P63104,3,0,2.203686095671922,10.630285714285714,34.878032699987706,CPLM017505,Methylation
P63104,9,0,2.357058701990401,9.829677419354836,37.95092696228874,CPLM017505,Ubiquitination
P63104,11,0,2.1257559006285005,10.80735294117647,39.796636988151306,CPLM017505,Ubiquitination
P63104,49,0,2.0496321203030234,9.389705882352942,55.15214609279142,CPLM017505,Ubiquitination
P63104,49,0,2.0496321203030234,9.389705882352942,55.15214609279142,CPLM017505,Methylation
P63104,74,0,1.970110030024061,10.402272727272727,64.78133180056658,CPLM017505,Ubiquitination
P63104,75,0,2.1594951683289576,9.893809523809525,55.43046647945729,CPLM017505,Ubiquitination
P63104,85,0,2.0287253502496068,10.310588235294118,56.0352551026984,CPLM017505,Ubiquitination
P63104,85,0,2.0287253502496068,10.310588235294118,56.0352551026984,CPLM017505,Methylation
P63104,103,0,1.9482235646275987,10.233714285714283,58.42557209059751,CPLM017505,Ubiquitination
P63104,115,0,2.816229988191317,10.233333333333333,42.55969514358608,CPLM017505,Ubiquitination
P63104,120,0,2.930852774040254,9.59970588235294,25.608082292164163,CPLM017505,Ubiquitination
P63104,122,0,3.629840400069559,10.626857142857142,26.40033178954021,CPLM017505,Ubiquitination
P63104,138,0,2.297577914917012,10.104857142857144,47.65356513023557,CPLM017505,Ubiquitination
P63104,139,0,2.0050379744843263,10.542857142857144,73.03424720916036,CPLM017505,Ubiquitination
P63104,157,0,2.247285005517356,10.16952380952381,45.591403454133264,CPLM017505,Ubiquitination
P63104,158,0,1.9398746301337977,10.6235,68.57068709315554,CPLM017505,Ubiquitination
P63104,193,0,2.258524506861683,10.782,57.28083276249601,CPLM017505,Ubiquitination
P68032,215,0,1.937476575543012,11.340625,49.691258225222725,CPLM017688,Ubiquitination
P68032,328,0,2.3409850617448624,9.908125,56.05791867626361,CPLM017688,Ubiquitination
P68032,328,0,2.3409850617448624,9.908125,56.05791867626361,CPLM017688,Methylation
P68036,9,0,2.052713776069059,10.587272727272726,65.93537473941217,CPLM017691,Ubiquitination
P68036,16,0,1.908399673545256,10.626818181818182,61.10645081903687,CPLM017691,Ubiquitination
P68036,20,0,1.918950355165496,10.563181818181818,68.05798616332333,CPLM017691,Ubiquitination
P68036,48,0,1.978094443688464,10.943636363636363,38.22294713062275,CPLM017691,Ubiquitination
P68036,64,0,2.333664120570128,10.761818181818182,53.24956707934877,CPLM017691,Ubiquitination
P68036,67,0,2.225942435814652,9.98681818181818,59.64720929387831,CPLM017691,Ubiquitination
P68036,71,0,2.0206326139951782,10.261818181818182,33.95177044349179,CPLM017691,Ubiquitination
P68036,82,0,1.895158117626288,10.533636363636363,64.16676666268721,CPLM017691,Ubiquitination
P68036,96,0,2.3023041410986504,10.23409090909091,54.917673941089305,CPLM017691,Ubiquitination
P68036,100,0,2.758276505495296,10.769545454545456,29.831297978948804,CPLM017691,Ubiquitination
P68036,131,0,1.9336169236670289,10.992727272727272,55.02036326345699,CPLM017691,Ubiquitination
P68036,134,0,1.998747008739433,10.523636363636363,66.33994999333923,CPLM017691,Ubiquitination
P68036,135,0,2.1120606424442667,10.96818181818182,50.631884088130285,CPLM017691,Ubiquitination
P68036,138,0,2.018645952081385,10.780454545454544,59.339016377067416,CPLM017691,Ubiquitination
P68036,145,0,2.022028720660397,10.389545454545454,61.774381382124666,CPLM017691,Ubiquitination
P68036,146,0,1.9500230593174412,10.889545454545454,50.33929500983083,CPLM017691,Ubiquitination
P68036,150,0,1.9356461233507312,10.492727272727272,80.74055405596272,CPLM017691,Ubiquitination
P68400,44,0,2.150168276640702,10.437324263038548,35.57642237113457,CPLM017727,Ubiquitination
P68400,49,0,2.403159619314625,10.361764705882353,72.16030744146553,CPLM017727,Ubiquitination
P68400,64,0,2.5303669873166146,10.567955056179777,51.72615390130202,CPLM017727,Ubiquitination
P68400,83,0,4.072281702248162,9.70372197309417,17.803737806578322,CPLM017727,Ubiquitination
P68400,102,0,2.7073045465429866,9.614157303370789,40.56259831627019,CPLM017727,Ubiquitination
P68400,122,0,2.1640921857411053,10.659841986455984,58.95540571443769,CPLM017727,Ubiquitination
P68400,158,0,3.3480369136511925,10.338340807174887,27.37767296020128,CPLM017727,Ubiquitination
P68400,229,0,2.2928833442693137,9.436221719457016,51.13268293435243,CPLM017727,Ubiquitination
P68400,247,0,2.402690441300336,9.9331151241535,47.93345366112947,CPLM017727,Ubiquitination
P68400,260,0,2.520374900919561,11.04585201793722,43.66563259389559,CPLM017727,Ubiquitination
P68400,303,0,2.985187682563063,10.895303370786516,34.597435433281014,CPLM017727,Ubiquitination
P68400,329,0,2.5894286148299583,10.308037135278514,54.15183586374895,CPLM017727,Ubiquitination
P69891,66,0,1.969434196882815,10.105,62.69340210180445,CPLM017805,Ubiquitination
P69892,66,0,1.9728694660240336,9.991333333333332,62.715044729944566,CPLM017806,Ubiquitination
P78344,170,0,2.051040085757767,10.535,55.97899229676532,CPLM018787,Ubiquitination
P78344,206,0,1.932459742585955,10.435,73.78486859638103,CPLM018787,Ubiquitination
P78344,219,0,2.1291815452943164,11.375,56.12703985056574,CPLM018787,Ubiquitination
P78344,233,0,2.1184238970904983,10.56,68.99204175409506,CPLM018787,Ubiquitination
P78417,11,0,1.946363978940245,10.5225,57.75123200327922,CPLM018819,Ubiquitination
P78417,57,0,2.033570173278186,9.94375,27.25450868429057,CPLM018819,Ubiquitination
P78417,59,0,2.008315141400532,9.493125,36.714689898990486,CPLM018819,Ubiquitination
P78417,65,0,1.9327623711527488,10.159354838709678,64.9477706174086,CPLM018819,Ubiquitination
P78417,66,0,5.419674430923241,9.802222222222223,28.48262729300531,CPLM018819,Ubiquitination
P78417,100,0,2.0422893155118853,10.0003125,61.548725184807004,CPLM018819,Ubiquitination
P78417,101,0,1.959444846568269,10.419375,48.260733192287525,CPLM018819,Ubiquitination
P78417,110,0,2.4984486504036303,10.32642857142857,34.89955190841644,CPLM018819,Ubiquitination
P78417,114,0,2.3334656364498763,9.8046875,41.89034619058593,CPLM018819,Ubiquitination
P78417,136,0,1.9283479223869635,10.419375,75.64009257290411,CPLM018819,Ubiquitination
P78417,143,0,2.99439040585156,10.574772727272729,41.45322283933297,CPLM018819,Ubiquitination
P78417,160,0,1.994903509040816,10.0896875,39.24884661365474,CPLM018819,Ubiquitination
P78417,161,0,1.973590398487914,10.309655172413796,65.17965756867662,CPLM018819,Ubiquitination
P78417,188,0,2.017719947807594,10.889310344827589,57.138008654584354,CPLM018819,Ubiquitination
P78417,198,0,2.061262539655159,10.262068965517242,46.99093069665968,CPLM018819,Ubiquitination
P78417,207,0,2.8809342191004035,10.203658536585367,57.10881309621624,CPLM018819,Ubiquitination
P83916,25,0,6.842725303017224,10.5,53.03757145508676,CPLM019065,Ubiquitination
P98170,85,0,1.9582758997776404,10.23,48.02241802769704,CPLM019579,Ubiquitination
Q00059,69,0,31.922685995353977,10.35,58.40397457610189,CPLM020339,Ubiquitination
Q00059,69,0,31.922685995353977,10.35,58.40397457610189,CPLM020339,Methylation
Q00059,97,0,31.863007349065203,10.39,65.69855636819653,CPLM020339,Ubiquitination
Q00341,25,0,1.9312492962660497,9.9965,35.64608431644893,CPLM020353,Ubiquitination
Q00341,41,0,1.9502759649403871,10.389,65.1171948301727,CPLM020353,Ubiquitination
Q00341,72,0,1.915905891982882,10.534,73.83011080308506,CPLM020353,Ubiquitination
Q00535,3,0,2.082126054650335,10.79,64.37997102662264,CPLM020371,Ubiquitination
Q00535,9,0,1.9473103473385551,10.2175,44.5604074671337,CPLM020371,Ubiquitination
Q00535,20,0,3.2676170589786486,10.52,37.31312137069114,CPLM020371,Ubiquitination
Q00535,20,0,3.2676170589786486,10.52,37.31312137069114,CPLM020371,Methylation
Q00535,22,0,2.699509803981065,10.39,43.27298443393877,CPLM020371,Ubiquitination
Q00535,22,0,2.699509803981065,10.39,43.27298443393877,CPLM020371,Methylation
Q00535,33,0,2.847584960616472,12.03,5.506328348809085,CPLM020371,Ubiquitination
Q00535,56,0,1.974891612086904,11.62,57.963562555976765,CPLM020371,Ubiquitination
Q00535,61,0,1.913958260062837,11.12,60.36704456059034,CPLM020371,Ubiquitination
Q00535,74,0,2.0875461819959136,10.33,68.10691438640785,CPLM020371,Ubiquitination
Q00535,75,0,1.996527337889371,9.15,40.06446931184283,CPLM020371,Ubiquitination
Q00535,88,0,2.214158208157852,10.31,60.45445283119178,CPLM020371,Ubiquitination
Q00535,89,0,2.0558958092560267,10.74,68.04964577032679,CPLM020371,Ubiquitination
Q00535,128,0,3.2500987895066644,10.37,23.122710979043426,CPLM020371,Ubiquitination
Q00535,141,0,3.850738093709584,11.33,9.754710639243257,CPLM020371,Ubiquitination
Q00535,213,0,2.9938688447913093,11.67,40.05684440467318,CPLM020371,Ubiquitination
Q00535,232,0,1.908329973313684,10.37,72.22613140388663,CPLM020371,Ubiquitination
Q00535,237,0,1.969537719689962,10.83,46.80348007810421,CPLM020371,Ubiquitination
Q00535,254,0,1.9615784483828191,11.03,48.55210363906167,CPLM020371,Ubiquitination
Q00535,268,0,2.3323249450523127,9.73,28.87637429947576,CPLM020371,Ubiquitination
Q00610,78,0,2.0777422494635305,10.3775,54.49349348300773,CPLM020384,Ubiquitination
Q00610,83,0,2.4221935786188684,9.896,13.653996536016653,CPLM020384,Ubiquitination
Q00610,86,0,2.29512411657527,11.159,41.27773603219747,CPLM020384,Ubiquitination
Q00610,96,0,2.036362354430472,9.97875,56.0269424908869,CPLM020384,Ubiquitination
Q00610,98,0,1.9443194297197592,10.13875,41.91240483431573,CPLM020384,Ubiquitination
Q00610,100,0,2.225212731963178,8.826,10.165843670335388,CPLM020384,Ubiquitination
Q00610,161,0,1.914598211367632,10.242,55.025499291446735,CPLM020384,Ubiquitination
Q00610,163,0,2.2084213766779524,10.819,38.83650582835561,CPLM020384,Ubiquitination
Q00610,227,0,2.6351201479636623,10.968,41.85554037103958,CPLM020384,Ubiquitination
Q00610,245,0,1.9287641235422852,9.949,58.224821982538586,CPLM020384,Ubiquitination
Q00610,246,0,2.0383093736557614,9.09,22.68160846303298,CPLM020384,Ubiquitination
Q00796,63,0,2.048820893920793,10.4075,65.52685823949312,CPLM020417,Ubiquitination
Q00796,339,0,1.9388569808471343,10.38375,65.14430933822553,CPLM020417,Ubiquitination
Q01082,57,0,1.9345873267446505,10.41,50.414642658635245,CPLM020469,Ubiquitination
Q05193,206,0,2.374837702164326,8.745000000000001,24.09498481794425,CPLM021341,Ubiquitination
Q05193,223,0,1.952947403455385,10.59,51.19423214811591,CPLM021341,Ubiquitination
Q05193,257,0,1.9901420094857245,10.275,61.88145584423799,CPLM021341,Ubiquitination
Q05193,376,0,1.9738896319860528,10.35,54.76674659402309,CPLM021341,Ubiquitination
Q05193,523,0,2.019459064359792,10.55,34.56651854344332,CPLM021341,Ubiquitination
Q06830,7,0,2.4035453789149317,9.794545454545457,36.949794395307656,CPLM021681,Ubiquitination
Q06830,27,0,2.1323256046544588,10.46375,59.72648486318505,CPLM021681,Ubiquitination
Q06830,27,0,2.1323256046544588,10.46375,59.72648486318505,CPLM021681,Methylation
Q06830,35,0,1.913148643617478,10.138125,62.00686184160922,CPLM021681,Ubiquitination
Q06830,37,0,2.292233795122557,9.624375,35.82325787026509,CPLM021681,Ubiquitination
Q06830,67,0,1.991230118079181,10.266875,57.90409932471517,CPLM021681,Ubiquitination
Q06830,68,0,1.929347883249436,10.66,62.14997202258036,CPLM021681,Ubiquitination
Q06830,92,0,1.947924043647988,10.445,51.72531470465137,CPLM021681,Ubiquitination
Q06830,93,0,1.9053238546382056,10.30625,75.25534871557136,CPLM021681,Ubiquitination
Q06830,109,0,1.9263541839786125,10.315333333333337,70.58947289610616,CPLM021681,Ubiquitination
Q06830,136,0,1.9676346180802176,10.880666666666666,58.47492439185702,CPLM021681,Ubiquitination
Q06830,168,0,1.9275061978041803,10.253333333333334,64.62917350054552,CPLM021681,Ubiquitination
Q06830,178,0,2.089815488882093,10.96,38.45062334821671,CPLM021681,Ubiquitination
Q06830,178,0,2.089815488882093,10.96,38.45062334821671,CPLM021681,Methylation
Q07817,16,0,2.563386777088332,9.568846153846154,36.987874649528685,CPLM021805,Ubiquitination
Q07817,20,0,2.1756549081711465,9.8996,33.41483620207761,CPLM021805,Ubiquitination
Q08211,5,0,2.096669729912838,9.575,28.879875866287573,CPLM021896,Ubiquitination
Q08211,14,0,1.870754087821452,10.260000000000002,71.8224203854386,CPLM021896,Ubiquitination
Q08211,14,0,1.870754087821452,10.260000000000002,71.8224203854386,CPLM021896,Methylation
Q08211,16,0,1.975084319888772,10.325,71.3423784829854,CPLM021896,Ubiquitination
Q08211,76,0,2.2055135844433265,10.635,66.75681494352764,CPLM021896,Ubiquitination
Q08257,6,0,1.9016356390344011,10.455,82.14342764418403,CPLM021910,Ubiquitination
Q08257,23,0,2.223759667644344,10.2575,44.669823248772005,CPLM021910,Ubiquitination
Q08257,34,0,2.008991108255292,10.3075,61.58684972065525,CPLM021910,Ubiquitination
Q08257,62,0,1.9137692423588537,10.3175,59.90519771558917,CPLM021910,Ubiquitination
Q08257,88,0,2.187650300596629,11.115,61.16332376104319,CPLM021910,Ubiquitination
Q08257,89,0,1.9177921074943316,10.5225,57.601003128798425,CPLM021910,Ubiquitination
Q08257,120,0,1.9017211110531944,10.4325,83.40678149616316,CPLM021910,Ubiquitination
Q08257,175,0,2.3279129702843857,10.8375,37.414650445772,CPLM021910,Ubiquitination
Q08257,187,0,1.983880583138646,11.05,58.71617852728324,CPLM021910,Ubiquitination
Q08257,208,0,1.957922155607503,11.13,46.88219988152306,CPLM021910,Ubiquitination
Q12792,118,0,2.047143765404384,8.79,24.486064015930967,CPLM024353,Ubiquitination
Q12792,136,0,2.1456974494349708,8.4,18.83993479403713,CPLM024353,Ubiquitination
Q12792,192,0,2.593833995383163,10.16,46.5387681721158,CPLM024353,Ubiquitination
Q12792,276,0,2.304185304714661,8.0,23.86409412036713,CPLM024353,Ubiquitination
Q12906,17,0,2.035114014258088,10.7505,47.82185188045794,CPLM024410,Ubiquitination
Q13029,63,0,1.9905335451833617,10.107222222222225,33.489592217321075,CPLM024468,Ubiquitination
Q13426,65,0,1.9533282761263784,10.53,62.91502673729965,CPLM024637,Ubiquitination
Q13426,99,0,2.809699723737668,10.958,22.54547605386977,CPLM024637,Ubiquitination
Q13426,102,0,1.9562411393617645,10.308,63.95904342593449,CPLM024637,Ubiquitination
Q13426,146,0,1.9444755755892664,10.07,64.80274431299479,CPLM024637,Ubiquitination
Q13427,158,0,1.9395102029209248,10.37,69.97772053977428,CPLM024640,Ubiquitination
Q13451,28,0,1.994341357843888,10.328,54.02187824834931,CPLM024661,Ubiquitination
Q13464,13,0,2.1757749048772244,10.241132075471697,54.1847434005186,CPLM024665,Ubiquitination
Q13464,65,0,2.142460810712714,10.1494,54.80969282009613,CPLM024665,Ubiquitination
Q13464,80,0,2.2596563146188315,10.53679245283019,36.367758224285936,CPLM024665,Ubiquitination
Q13464,200,0,3.1386290162145407,11.115849056603771,24.46702119772551,CPLM024665,Ubiquitination
Q13464,225,0,1.8866661552870985,10.48076923076923,77.23639396559793,CPLM024665,Ubiquitination
Q13464,247,0,2.0069437814823785,10.323396226415094,52.82289447520812,CPLM024665,Ubiquitination
Q13464,294,0,1.9287964457693687,10.504150943396226,65.59968511260809,CPLM024665,Ubiquitination
Q13464,307,0,2.0154440356892755,10.520377358490569,72.2472500936529,CPLM024665,Ubiquitination
Q13464,310,0,2.340981428312101,10.075283018867925,34.258260260983384,CPLM024665,Ubiquitination
Q13464,339,0,1.913529849786296,10.40509433962264,70.14667121562572,CPLM024665,Ubiquitination
Q13464,375,0,1.9151944148934985,10.544905660377358,59.4584605234626,CPLM024665,Ubiquitination
Q13509,19,0,2.23751448239305,9.696,26.85751922877044,CPLM024693,Ubiquitination
Q13509,58,0,2.398112981781093,9.82088888888889,43.41438155606858,CPLM024693,Ubiquitination
Q13509,103,0,3.081266184273768,9.59909090909091,26.1507734356162,CPLM024693,Ubiquitination
Q13509,174,0,1.944226294640058,10.447555555555557,49.60890122836476,CPLM024693,Ubiquitination
Q13509,297,0,1.925688166675206,10.29622222222222,54.06217135579316,CPLM024693,Ubiquitination
Q13509,324,0,2.519961267114172,9.269714285714286,37.78300826189119,CPLM024693,Ubiquitination
Q13509,336,0,1.9437452289035195,10.231555555555556,59.59633188840738,CPLM024693,Ubiquitination
Q13509,350,0,3.31415477058778,7.209444444444445,26.746439930188824,CPLM024693,Ubiquitination
Q13509,362,0,1.9421448045123475,10.076222222222222,53.72643618477692,CPLM024693,Ubiquitination
Q13509,379,0,2.0760724508365773,10.306888888888889,54.00481692769053,CPLM024693,Ubiquitination
Q13509,392,0,2.2942509566979075,9.858055555555556,39.93960736632437,CPLM024693,Ubiquitination
Q13576,77,0,1.968166828267428,10.645,45.58054968784743,CPLM024743,Ubiquitination
Q13813,58,0,1.919775756859728,10.8475,67.24323820605846,CPLM024821,Ubiquitination
Q13813,63,0,3.45647981152248,10.7125,11.548568225673897,CPLM024821,Ubiquitination
Q13813,73,0,1.947474167357147,10.4475,54.34778576123577,CPLM024821,Ubiquitination
Q13813,144,0,2.004846279918968,10.4075,65.69800004449746,CPLM024821,Ubiquitination
Q13867,10,0,1.9606561862505572,10.193333333333332,59.26427790767181,CPLM024830,Ubiquitination
Q13867,17,0,1.9163876771651775,10.369375,69.52895139231677,CPLM024830,Ubiquitination
Q13867,42,0,2.2702577735145866,10.611875,40.616516272479394,CPLM024830,Ubiquitination
Q13867,62,0,2.341546772456948,10.968125,43.60885464071563,CPLM024830,Ubiquitination
Q13867,156,0,1.9430578950732995,10.77125,42.83114274371935,CPLM024830,Ubiquitination
Q13867,184,0,2.742637049339673,11.149285714285714,32.80308461711892,CPLM024830,Ubiquitination
Q13867,202,0,1.9225777975441485,10.36875,74.98122021285303,CPLM024830,Ubiquitination
Q13867,238,0,1.917703647172644,10.5875,43.15195539508232,CPLM024830,Ubiquitination
Q13867,240,0,2.0607570110624245,9.73125,61.77817803105894,CPLM024830,Ubiquitination
Q13867,244,0,2.004767549001404,10.3,40.60390040541828,CPLM024830,Ubiquitination
Q13867,259,0,2.25512473789037,11.35375,22.1294502376566,CPLM024830,Ubiquitination
Q13867,267,0,2.936125178169176,11.193125,5.502288866067652,CPLM024830,Ubiquitination
Q13867,279,0,2.1720628250452347,10.31625,66.18169282122585,CPLM024830,Ubiquitination
Q13867,282,0,2.776816501731638,10.115,42.19713212162448,CPLM024830,Ubiquitination
Q13867,297,0,1.9526508106252476,10.32125,63.923562654841454,CPLM024830,Ubiquitination
Q13867,309,0,3.086139477225654,9.75,10.681619552977011,CPLM024830,Ubiquitination
Q13867,310,0,2.0436936139671134,10.62375,52.15345078785796,CPLM024830,Ubiquitination
Q13867,317,0,1.9798990662414824,10.611875,39.64686247276428,CPLM024830,Ubiquitination
Q13867,330,0,2.2865929559471376,10.854285714285714,28.128490585853203,CPLM024830,Ubiquitination
Q13867,355,0,1.9620436149286564,10.245625,47.45451584163689,CPLM024830,Ubiquitination
Q13867,391,0,2.936038128172504,9.963125,25.142141462986505,CPLM024830,Ubiquitination
Q14012,59,0,1.887613052876655,10.21,68.4465336422303,CPLM024868,Ubiquitination
Q14012,143,0,2.9879076747512565,9.485,24.967300378091014,CPLM024868,Ubiquitination
Q14012,193,0,2.1057160348911848,10.295,51.30207713342742,CPLM024868,Ubiquitination
Q14790,23,0,2.5261410568442315,8.983500000000001,25.880672627229387,CPLM025119,Ubiquitination
Q14790,34,0,2.0701500794873384,9.961176470588237,43.24520674889509,CPLM025119,Ubiquitination
Q14790,39,0,1.9708744346564024,10.26842105263158,68.49913465080522,CPLM025119,Ubiquitination
Q14790,63,0,3.0825886939473595,9.843,29.36168491460843,CPLM025119,Ubiquitination
Q14790,83,0,2.279287180494816,10.792631578947368,48.57790982476822,CPLM025119,Ubiquitination
Q14790,121,0,2.339628941986011,9.879375,33.040628992886845,CPLM025119,Ubiquitination
Q14790,130,0,1.9886166770725997,10.253333333333334,56.22177668597425,CPLM025119,Ubiquitination
Q14790,156,0,2.178487690535208,10.247,50.16221241642696,CPLM025119,Ubiquitination
Q14790,161,0,2.308105367338257,10.647368421052631,34.02954388596575,CPLM025119,Ubiquitination
Q14790,169,0,2.064937894989685,9.733529411764708,66.35535905730615,CPLM025119,Ubiquitination
Q14790,173,0,2.1028083667576363,10.708125,61.78733691901648,CPLM025119,Ubiquitination
Q14790,183,0,1.87542158014088,10.386666666666668,61.92713983740894,CPLM025119,Ubiquitination
Q14974,23,0,4.730739092111592,10.651666666666666,53.02583520669788,CPLM025170,Ubiquitination
Q14974,62,0,8.306511187562117,8.858333333333333,30.345145223183756,CPLM025170,Ubiquitination
Q14974,68,0,7.762767466914599,9.883333333333333,65.14886492028093,CPLM025170,Ubiquitination
Q14974,73,0,8.635474614361582,10.385,28.477626561088083,CPLM025170,Ubiquitination
Q14974,191,0,3.0143376420128827,9.93,19.616137253938145,CPLM025170,Ubiquitination
Q14974,206,0,2.123270540420719,10.942,49.107995369144994,CPLM025170,Ubiquitination
Q14974,211,0,2.1670048387266747,10.6,57.78493028869672,CPLM025170,Ubiquitination
Q14974,372,0,1.9646479005060813,9.536,44.74739931611542,CPLM025170,Ubiquitination
Q14974,376,0,1.9409517165007792,10.392,72.7080713519014,CPLM025170,Ubiquitination
Q14974,537,0,2.156974490788256,10.24,32.197921307253985,CPLM025170,Ubiquitination
Q14974,541,0,1.946464101070412,10.46,60.11970958896709,CPLM025170,Ubiquitination
Q14974,549,0,1.992858950783132,11.16,60.049678252730814,CPLM025170,Ubiquitination
Q14974,594,0,1.9571973048582747,10.32,32.88291940543046,CPLM025170,Ubiquitination
Q14974,645,0,1.89338352887009,10.7,57.78750246768184,CPLM025170,Ubiquitination
Q14974,651,0,2.1680357674452164,9.1,29.77218635467749,CPLM025170,Ubiquitination
Q14974,710,0,2.614375714779132,9.62,47.39832101210735,CPLM025170,Ubiquitination
Q14974,729,0,2.108885013861421,10.51,42.26724936078488,CPLM025170,Ubiquitination
Q14974,730,0,1.911318454774848,12.42,40.73032332978648,CPLM025170,Ubiquitination
Q14974,777,0,2.6455684364046665,10.45,30.8945857800194,CPLM025170,Ubiquitination
Q14974,831,0,2.1463038622681605,10.27,48.12782500620968,CPLM025170,Ubiquitination
Q14974,835,0,1.958442715655853,10.6,58.2166571141316,CPLM025170,Ubiquitination
Q14974,859,0,2.4996576893215967,10.15,56.23833731530385,CPLM025170,Ubiquitination
Q14974,867,0,2.102309924606597,9.9,45.70084650654114,CPLM025170,Ubiquitination
Q14974,871,0,1.9325774369358333,11.35,53.7215616256202,CPLM025170,Ubiquitination
Q14974,873,0,2.040531497802858,10.07,48.74279176814988,CPLM025170,Ubiquitination
Q14980,54,0,1.911075850743157,10.35125,59.14478094064936,CPLM025175,Ubiquitination
Q14980,70,0,1.9137788837338456,10.35375,70.62290467792812,CPLM025175,Ubiquitination
Q14980,73,0,1.9093594442611992,10.72375,50.27990596745824,CPLM025175,Ubiquitination
Q14980,153,0,1.941389170591777,10.313333333333333,55.97625976565516,CPLM025175,Ubiquitination
Q15382,19,0,2.630801922903664,8.327333333333334,9.46050375972692,CPLM025424,Ubiquitination
Q15382,91,0,2.2947270146262824,11.748333333333331,40.99935492567359,CPLM025424,Ubiquitination
Q15382,102,0,2.04353919157799,10.076,36.63026893666383,CPLM025424,Ubiquitination
Q15382,120,0,2.483613696837755,9.537,34.86322451628235,CPLM025424,Ubiquitination
Q15382,121,0,2.287434092102315,10.601,29.835409816000205,CPLM025424,Ubiquitination
Q15382,135,0,2.421721419664535,10.493333333333332,43.66407999438724,CPLM025424,Ubiquitination
Q15382,151,0,1.9469527574218548,10.666666666666666,51.21388673715492,CPLM025424,Ubiquitination
Q15382,169,0,2.056143825237101,9.835172413793105,43.7400875787174,CPLM025424,Ubiquitination
Q15404,6,0,2.0155142268802333,11.09,62.50129861977594,CPLM025438,Ubiquitination
Q15404,7,0,1.981900883384508,10.23,45.72584834807596,CPLM025438,Ubiquitination
Q15404,87,0,2.0581907602635856,10.22,38.51504236007704,CPLM025438,Ubiquitination
Q15404,89,0,2.561959398080345,10.31,39.50526581950384,CPLM025438,Ubiquitination
Q15404,158,0,2.380537414956489,9.93,36.75604499837802,CPLM025438,Ubiquitination
Q15404,183,0,2.0240415310218123,9.89,42.74729126323808,CPLM025438,Ubiquitination
Q15404,208,0,1.9083625160866995,10.31,66.41006165438768,CPLM025438,Ubiquitination
Q15404,212,0,2.445859541558292,10.59,50.46153747397477,CPLM025438,Ubiquitination
Q15404,243,0,2.082854330060353,10.68,59.2406526945845,CPLM025438,Ubiquitination
Q16666,143,0,6.2511032617865006,10.54,40.8629410821685,CPLM025727,Ubiquitination
Q4LE39,57,0,1.9981288692190609,10.76421052631579,43.802440970839086,CPLM028131,Ubiquitination
Q4LE39,69,0,2.325201621336821,10.911052631578947,45.73562965546616,CPLM028131,Ubiquitination
Q5SW79,41,0,2.424617792210646,9.53,36.36034067787353,CPLM035056,Ubiquitination
Q5SW79,58,0,3.416842264870952,9.309,22.358387666363807,CPLM035056,Ubiquitination
Q5SW79,111,0,1.9272550679403624,10.22875,56.9854391370048,CPLM035056,Ubiquitination
Q5VVJ2,67,0,2.1355353562303785,10.435,71.46662192745018,CPLM035785,Ubiquitination
Q5VVJ2,79,0,1.8959866333884705,10.375,70.64416115197123,CPLM035785,Ubiquitination
Q6NXG1,43,0,2.1195373351855915,10.23,47.40714037898383,CPLM040413,Ubiquitination
Q6NXG1,307,0,1.919280761172452,10.510000000000002,69.29464912146739,CPLM040413,Ubiquitination
Q6P0N0,60,0,1.8834593423473172,10.3945,69.89980986008834,CPLM040487,Ubiquitination
Q6P1N9,45,0,2.0178150971463813,9.976,50.03105419563194,CPLM040523,Ubiquitination
Q6P1N9,46,0,3.13130608134651,9.47,29.424745842144556,CPLM040523,Ubiquitination
Q6P1N9,58,0,2.355308503940961,10.376,46.16273262145048,CPLM040523,Ubiquitination
Q6P1N9,86,0,1.9156736741623424,10.484,69.0971182108806,CPLM040523,Ubiquitination
Q6P1N9,94,0,2.1384700667597665,10.428,62.39364016652824,CPLM040523,Ubiquitination
Q6P1N9,104,0,1.8884565300574327,10.268,51.93937538314689,CPLM040523,Ubiquitination
Q6P1N9,106,0,2.2789268222325703,10.024,38.975331498720806,CPLM040523,Ubiquitination
Q6P1N9,125,0,2.120870237403823,10.43,50.1581774333625,CPLM040523,Ubiquitination
Q6P1N9,130,0,1.9305457531031,10.166,60.08792059830357,CPLM040523,Ubiquitination
Q6P1N9,134,0,2.1090342973956986,10.446000000000002,23.508891255985944,CPLM040523,Ubiquitination
Q6P1N9,162,0,2.1026212571875025,10.318,56.48629406047312,CPLM040523,Ubiquitination
Q6P1N9,201,0,2.095748029812404,9.688,45.802706103349095,CPLM040523,Ubiquitination
Q6P1N9,210,0,2.0346526606854765,11.228,41.61311741042992,CPLM040523,Ubiquitination
Q6P1N9,216,0,2.9785151791882374,10.472,29.232801075994907,CPLM040523,Ubiquitination
Q6P1N9,229,0,2.0062898572095187,10.624,47.64663118645014,CPLM040523,Ubiquitination
Q6P1N9,236,0,2.079525138414477,10.244,53.40039922663759,CPLM040523,Ubiquitination
Q6P1N9,245,0,2.2944379263245165,10.656,45.79015282270412,CPLM040523,Ubiquitination
Q6P1N9,246,0,1.9302464049508743,10.26,74.19657758612632,CPLM040523,Ubiquitination
Q7Z4S6,45,0,1.983781236133355,10.495,55.65431196850916,CPLM043951,Ubiquitination
Q86T82,68,0,1.93078163140888,10.3975,75.6426215958964,CPLM044791,Ubiquitination
Q9BU19,29,0,2.161011361153487,10.39625,43.00127675743452,,
P08575,138,0,1.978473383456136,10.61,54.66881726052448,,
Q14980,111,0,1.9012348245930728,10.31625,71.95403184642376,,
Q14012,296,0,1.925751223190006,10.6,69.32159809594896,,
Q5VVJ2,59,0,1.917341294048308,10.3355,65.7399583051308,,
Q8TEK3,66,0,1.9263672938163685,10.508301886792454,71.14963887166614,,
P06744,127,0,2.0063501562105093,9.101666666666668,34.20064571776314,,
P98175,38,0,1.90545726549286,10.366315789473685,73.63144295976217,,
Q3T906,152,0,1.9000338817182267,10.35529411764706,69.22440122323754,,
Q9Y217,466,0,1.909854885655234,10.43,78.50110275527402,,
P12259,680,0,2.613957997928655,7.3,10.798832047633212,,
P08174,221,0,2.15186054081735,10.24,33.79849731441104,,
Q96H22,81,0,2.076175503697972,9.0025,36.679828651605,,
P23468,69,0,2.1121427399899133,9.8945,33.83427220075379,,
Q14324,44,0,1.916064687901236,10.758500000000002,65.84333797463417,,
Q13426,145,0,2.3292173340027262,10.25,69.92193681709588,,
Q8WZ42,65,0,1.9053668445232328,10.395,74.01916142734862,,
P09960,433,0,1.956880287487753,10.527863247863248,63.85794500525255,,
Q00796,348,0,2.915533742336301,9.407083333333334,4.501408671665092,,
P48052,272,0,2.3074403482262498,10.8,57.03211305911087,,
Q8WZ42,40,0,2.8830356226802665,9.550760869565217,28.44978606957895,,
Q9Y4P9,33,0,1.904652044778232,10.4165,73.92887625837847,,
P25874,150,0,1.9101567531447208,10.36,77.77004978146054,,
Q9NRR4,63,0,1.9715274974257144,10.355,70.39858187249241,,
P17612,136,0,5.59824846677105,10.085555555555556,69.78230320473114,,
P29374,67,0,1.909387055052165,10.3645,50.04079313285806,,
P05106,170,0,3.90535158859008,10.366666666666667,64.3910238695263,,
P29374,30,0,2.194406901896876,10.69925,50.62119746687026,,
P32926,396,0,2.523733584794496,11.04,50.89380098815464,,
Q04656,32,0,1.9101962268890875,10.493833333333331,51.68985329580473,,
P16035,22,0,3.275583942021332,10.1625,34.0150991776132,,
Q9HCL0,371,0,2.239592626791217,10.445,63.15956863670431,,
P0DOY3,98,0,2.314985449136223,10.36,62.82992230131083,,
P11586,122,0,2.8907017818837244,9.373333333333331,17.064994940451943,,
P49796,55,0,1.948148226062588,10.39,74.63298407561811,,
P55196,8,0,1.9275522917248475,10.301282051282053,65.02007304709338,,
Q15063,5,0,1.9831047515981648,10.46,48.93453990019412,,
Q9Y6U3,68,0,1.934342525567567,10.125,61.51151694681606,,
Q9Y279,752,0,1.9636480850821407,10.42,78.36418167545506,,
Q9H1D9,84,0,2.3044422988770057,9.6885,50.45908801345267,,
P26639,28,0,1.963255081232667,10.715,52.27240383938149,,
Q96KN2,336,0,3.342876843878705,5.2,3.648043569287246,,
Q8TD16,27,0,1.9088298787712816,10.3,63.92812164574305,,
Q16281,6,0,2.121007199334466,9.916666666666666,43.71617807255927,,
Q96PN6,447,0,1.9016984571775808,10.504133333333332,65.95856635718008,,
P08253,10,0,2.039307114505983,10.108333333333333,42.72149311523204,,
Q9ULK4,189,0,1.9377316148367525,10.72,47.085208944299566,,
P37840,176,0,2.014583772315944,10.273636363636363,69.7460790283279,,
P11940,88,0,2.058177296804991,10.533793103448277,32.65669088100289,,
P60174,5,0,2.00546021955197,10.324310344827586,50.94094349731151,,
Q9H2K8,117,0,2.324932217072249,10.32,71.20958074352427,,
P35670,46,0,2.026750674542542,10.3535,68.190053690742,,
P09104,393,0,8.964366479505156,17.0125,5.454091189712285,,
P54652,76,0,2.361984270860768,12.43125,18.20247373782338,,
Q9UDX4,18,0,2.1582396313255963,11.27,52.90283312766358,,
Q969V6,35,0,2.5133620109738404,10.15625,46.30357169273247,,
Q5VST9,16,0,2.0101875995422467,10.465,64.42555815402011,,
P05089,223,0,1.995579193101156,10.213233830845772,58.24743954476083,,
P69905,16,0,2.19644138709838,10.4412285336856,47.17774607932757,,
P09104,59,0,2.358825150440222,9.2425,41.36823639900575,,
Q9H4G4,102,0,2.0568671360776336,9.445,53.90506663400567,,
P09104,306,0,1.9755864651974877,10.666666666666666,50.36834234607218,,
Q9NRY4,179,0,2.0472834650085803,10.175,52.580590806206295,,
Q8WZ42,90,0,2.328443675299656,9.613333333333332,59.10036640180154,,
Q9NXL9,93,0,2.939562740727029,9.865,1.6353298758873864,,
Q969Q1,18,0,1.9695499000108465,10.4615,65.53405963161147,,
Q9NZJ4,61,0,1.9586825706907056,10.3995,66.04927755430785,,
Q9Y2H6,53,0,2.07956659904658,10.9825,53.060416724164575,,
P08603,31,0,13.546074514184497,10.73,55.08600549329024,,
Q09666,12,0,2.0277570761414387,5.55,32.594629192078386,,
Q08554,310,0,1.9042505833469303,10.83,35.05919226635783,,
Q8WXD9,11,0,2.1702180119652392,10.319666666666668,57.37437648875009,,
Q9Y3A5,35,0,2.1965430809543363,10.2265,44.102537518457815,,
Q9Y530,60,0,1.943178311718172,10.2435,37.6343492195207,,
Q99497,132,0,1.970657104255134,10.01233009708738,57.81987377135258,,
Q14315,25,0,2.279728015463794,10.3765,57.43734578650049,,
P17612,223,0,5.286350601453354,11.292222222222222,23.231179555952263,,
P04083,235,0,1.9409916068084871,10.54,75.5211712236502,,
Q9UDX4,216,0,2.1643031684406235,10.13,24.14888276690741,,
P26038,53,0,1.9472168155017324,10.45625,59.869106215611794,,
Q15744,72,0,1.9964161947167425,10.16,48.52388384671849,,
P17612,76,0,5.178721185607452,9.961,29.05891065012636,,
P28482,257,0,1.942504082283126,10.303103448275865,71.75734687510877,,
Q14126,430,0,2.2285171630836613,10.03,43.3843309860621,,
Q58EX2,123,0,1.9198585122921128,10.404736842105264,75.77137909908166,,
Q92823,112,0,1.9339775280818388,10.4245,69.61130202599516,,
P06732,25,0,1.9783767194528807,10.47,75.91531020198181,,
Q7RTP6,89,0,2.081382716399446,10.6595,65.86624051232806,,
P49796,87,0,2.266539111393896,10.65,61.38465878096562,,
Q8NDI1,71,0,2.090324902737485,10.8965,22.79921038427853,,
P37837,48,0,1.957162682858652,10.465,64.71502515562035,,
Q8TEK3,254,0,2.244007282357106,9.885283018867923,34.62516222376171,,
Q9Y279,538,0,1.973702837194672,10.48,86.36477096659706,,
P37837,125,0,2.375059115825686,10.785,42.48501736404856,,
Q99549,13,0,2.219255748192177,11.0975,39.90022292092234,,
P23942,99,0,1.9743670767654389,10.34,64.71258714882146,,
P29374,23,0,2.2422901493468896,10.552499999999998,51.18812404114932,,
Q9ULC4,181,0,2.0370338330882465,10.5625,46.692378962906936,,
Q13426,166,0,2.171026802444862,10.54,45.17453156229442,,
Q9UKE5,254,0,1.893907789310408,10.78,69.52779783876427,,
P54652,30,0,2.208311318603571,9.58375,58.31319563838254,,
P09326,63,0,2.0884589792170787,10.364,52.41912112504265,,
Q9BZ29,193,0,2.121473532129974,10.1,60.3600414269667,,
P06899,23,0,1.9683219821531897,10.323,65.34491121017274,,
Q96C45,176,0,2.021152140459874,10.39,62.52018090062096,,
Q96FV9,14,0,1.982371295760915,10.4165,66.09722283969091,,
Q00341,69,0,2.686296865005624,10.639,40.81791976869791,,
P05106,276,0,10.571280872112563,10.885,45.143947394230175,,
Q13576,5,0,1.9029777376774653,10.335,57.45945147230778,,
Q8IVW4,100,0,2.0899369730995554,10.01,46.22477253137418,,
Q9HCL0,167,0,2.1104015375342384,9.8625,32.38286621227235,,
Q96KN2,188,0,2.0559291240557123,10.575,40.8507510481741,,
P11274,67,0,2.05362373325577,8.946666666666667,24.55287740135887,,
Q9NRY4,36,0,1.9204521529609837,10.684,49.10711834119588,,
P08575,166,0,2.213698313366731,10.653333333333334,37.679367805914325,,
P29401,59,0,2.262234007220435,11.017142857142856,34.90990428212475,,
Q9BZF1,16,0,2.6927708112647326,9.795,50.28215580594714,,
Q9Y600,442,0,3.0240909513639296,8.370000000000001,15.16022168005706,,
Q13464,333,0,2.275808623501797,10.179056603773583,29.57602637140373,,
Q8IWA4,345,0,2.0873235551373166,10.67,36.006775150496864,,
P12955,43,0,1.9119042935114976,10.33125,63.662260276817584,,
Q9H347,26,0,1.9312268290980783,10.076,55.504210925760695,,
Q8WZ42,16,0,1.949988126614947,10.628333333333334,67.69583153353173,,
Q96BM0,7,0,1.9296079143806,10.2905,59.31715538443793,,
P12259,546,0,1.9175743808472496,11.04,61.55371573563693,,
P40189,189,0,7.404704583734761,10.71,53.66185500274027,,
Q03164,7,0,1.8820747135113025,10.444375,74.71606652039772,,
P09467,141,0,2.1443415230355978,10.991489361702127,13.37308889133177,,
Q92772,265,0,2.184616679019607,10.79,46.83073993935879,,
P37840,220,0,1.8996825220270248,10.561818181818182,54.60919839993931,,
Q7Z589,43,0,1.9974456370945248,11.26,60.27325492991129,,
P28482,231,0,1.945109491407136,10.523650793650791,71.50382845127847,,
P51532,13,0,2.0029373205708976,10.573636363636364,76.57473823495224,,
Q15582,16,0,2.028094550238683,10.3695,45.79061424412512,,
P12259,310,0,2.22866801917066,8.31,7.120027050279568,,
Q4G0P3,109,0,1.971697476568833,10.3255,53.32836021634614,,
Q9BZ29,243,0,1.977268952757809,10.56,64.31694282401,,
P10586,9,0,2.282464315711698,10.377,65.41778143352047,,
Q92879,101,0,2.059723567349114,10.267142857142858,32.37264902366458,,
Q6ZU15,16,0,41.4305494691333,10.34,53.04578104755583,,
Q9H227,215,0,1.9234419612985607,10.531,74.2518074394749,,
Q3T906,137,0,2.4952890926972717,9.675882352941176,32.357056835125896,,
Q16798,278,0,2.201653576496829,10.4725,69.86494636286436,,
P98170,60,0,1.907780367856881,10.348,73.51911276533377,,
P52756,72,0,1.997293935970863,10.22,56.69799159043221,,
P07948,34,0,2.164208205132553,10.2605,51.39393108488292,,
P17213,313,0,2.231605690720788,10.543333333333337,67.75958295695317,,
Q9UDX4,109,0,2.269922052379674,10.485,47.69436703232298,,
P11310,164,0,4.0874546866865415,8.501999999999999,0.7413504164002412,,
P42684,95,0,2.0120789676722537,10.8595,56.44793881391437,,
P52799,53,0,2.366350920402419,9.532,30.114037450280925,,
Q14126,306,0,2.0051240468819094,10.65,52.56503010509399,,
P14780,158,0,2.2012254695175493,9.34,28.40214107093933,,
Q8WZ64,16,0,2.9678805191366737,8.6235,28.53225700292168,,
P0DOY3,194,0,1.9014478185201016,10.56,82.92567603369703,,
P50213,25,0,1.9027506795786784,10.445,61.49050754594517,,
Q9H2K8,116,0,2.1517634707005007,10.075,42.21259873858179,,
Q9BU19,61,0,1.9613380970907204,10.609,52.68540873609639,,
P12259,55,0,1.9153773877673703,10.3975,70.82313212220926,,
P52209,50,0,1.894220619596458,10.3,55.42954083162185,,
P07996,81,0,1.9651951924074065,10.525,53.30588146641124,,
Q05193,562,0,1.96921221564583,10.8,51.00997446649052,,
P08575,76,0,2.700689247701829,9.853333333333332,17.543395142577502,,
Q9ULC6,136,0,1.870661443855792,10.09,65.02525743016233,,
Q6UW63,111,0,1.8844962906524063,10.5685,72.59655626642217,,
Q9BZ29,243,0,1.977268952757809,10.56,64.31694282401,,
Q8WZ42,253,0,1.890824682068168,10.8275,51.48529579873247,,
Q14126,379,0,1.9827517753782768,10.39,29.862343518850825,,
Q13882,98,0,1.954207786360252,10.196666666666667,37.71477617311416,,
P12259,1088,0,1.9769671152138792,10.09,55.92434167456224,,
Q6GPH4,39,0,2.090617626750823,10.510666666666667,64.3233067307951,,
Q16798,329,0,1.9038134834304208,10.69625,61.933615281641536,,
Q12830,14,0,2.764348371099654,10.323333333333332,61.428404504189935,,
P49588,142,0,2.0230356100434777,10.09,56.04113692644414,,
P05106,253,0,2.428565284546167,9.656666666666666,50.062794428696286,,
P68036,86,0,1.941123604463881,10.38,61.058162219456605,,
P78417,214,0,4.599454180242892,10.138333333333334,50.0419439593336,,
P22061,179,0,2.235223744234088,10.81,35.956198781266416,,
Q9UDX4,196,0,2.144843284434268,10.475,61.734160963677496,,
P31947,86,0,1.937780478646207,10.63,65.84340778780425,,
Q9NQ38,40,0,2.8961868478760016,10.30156862745098,29.620764925433328,,
P05106,214,0,8.823870787054206,9.841666666666669,42.24776166885557,,
Q96QZ0,92,0,2.0885361803119693,10.352857142857143,35.44366804228623,,
P16233,92,0,2.052016479139251,9.36,43.61353635008026,,
Q8TF39,20,0,1.9786210457318136,10.3275,60.25752078670456,,
Q9Y6U3,184,0,1.888829502479173,10.24,78.96514217014801,,
P69891,120,0,1.885010795632653,10.355,78.44749114939127,,
P25774,61,0,1.9165826559794088,10.42,77.87288239932649,,
P07900,233,0,1.8896767849892728,10.4775,80.01939194235345,,
P29401,351,0,2.2713665070705766,10.026,47.632710004003926,,
Q96PN6,443,0,2.1216244656329724,10.293733333333334,58.20346984263585,,
Q8WZ42,323,0,2.192720957389439,10.03,24.578970073676192,,
P17213,161,0,1.9905985746456276,10.406666666666666,43.935675042613205,,
Q9Y279,137,0,1.9279187028459457,10.27,62.1309179358871,,
P31946,31,0,2.446372155623074,11.207272727272729,35.66676022059967,,
P12259,1454,0,1.87070250252857,9.99,58.95591313542944,,
P14616,40,0,1.934968176072512,10.339,61.17240819979982,,
Q9Y530,48,0,1.9366931410677772,9.678999999999998,42.89732194740108,,
P32780,87,0,1.9660080042295969,11.033684210526316,61.476198429625406,,
P16615,47,0,1.960387312349135,10.44,65.89500408381633,,
Q5VW32,281,0,2.186448102823236,10.36,41.37161729266224,,
Q92794,24,0,1.9711250477673967,10.41,79.97300436332779,,
P23025,66,0,2.5142120113549824,10.57,49.33151314146322,,
Q05193,561,0,1.9634228341250612,10.455,60.82270639505476,,
P13796,101,0,1.930697350099003,10.501052631578949,70.31217980716961,,
Q9ULC6,4,0,1.8774268194150487,10.16,57.19753754727645,,
Q9UKY1,13,0,2.0119729628128686,10.1295,25.47629074785012,,
Q92769,51,0,1.942344797144362,10.430138888888887,40.39670046167799,,
Q16798,324,0,1.950286134126455,9.96375,33.64900168274685,,
P61769,29,0,2.005348185356725,11.12,65.05646064469565,,
P05121,28,0,2.3889909826478606,10.272857142857143,61.11650608302328,,
Q8TF39,20,0,1.9786210457318136,10.3275,60.25752078670456,,
Q9Y6V0,17,0,1.9913230805414424,10.702,55.73081629460877,,
P17612,147,0,6.984832913945744,9.33222222222222,8.582656596682114,,
Q15382,8,0,2.478026204381808,10.341,34.60397549085268,,
Q00796,242,0,2.281100188880479,10.2075,32.789193861059886,,
P37837,164,0,2.2482470663703835,11.335,43.19076306370811,,
Q96RU2,99,0,2.0217586991818437,10.414285714285716,60.31607081728912,,
Q9BZ29,365,0,1.894613884059338,10.42,72.53773812521457,,
P37840,374,0,1.9031432863026092,10.272857142857143,73.22918303331559,,
P19320,136,0,4.558332521380623,10.236,44.57376741714233,,
P09960,224,0,1.959509221216733,10.904260869565215,61.87983240346909,,
Q00341,98,0,1.8828635976690349,10.41,69.12619103289568,,
Q8WUD1,13,0,2.380903497284974,7.84,14.214790459636513,,
Q8NEB9,48,0,1.9239319244913424,10.617,47.08155684283977,,
P12259,120,0,2.0251981221734416,9.705,65.06424099525181,,
Q16798,406,0,2.3868273403966187,10.20125,37.67655618957244,,
P63104,-3,0,1.8842435680922451,10.425,79.1678403461515,,
Q9Y279,897,0,2.1878893512002,10.41,78.67029060963921,,
P25874,137,0,3.722295550646285,10.643333333333333,20.35118266841555,,
Q4G0P3,109,0,1.971697476568833,10.3255,53.32836021634614,,
P04406,106,0,1.9923653463738429,10.375,45.385607318707486,,
P17927,1923,0,2.16309254509453,10.622,55.18308288794774,,
P32322,71,0,2.2416203366393628,9.590185185185184,55.23576777247904,,
Q12959,117,0,2.226306105075841,10.03,41.938003905703965,,
P98175,78,0,2.8487673551211565,9.434,4.864031367028825,,
P30153,441,0,2.183750243163586,10.035,41.47015203724515,,
P08603,1005,0,1.9637290294837253,10.46,68.18031638976204,,
Q9Y279,277,0,1.938325710641806,9.24,49.69276357170257,,
Q5VST9,61,0,2.107333271559954,10.982,51.67024888498171,,
Q96FV9,86,0,1.9337185249294724,10.4095,56.67463908504053,,
Q00341,77,0,1.900344563397508,10.3515,61.55946714093765,,
Q12802,30,0,2.2729603200091346,10.370526315789473,56.184215458969554,,
P61011,55,0,2.0671977195604736,10.03,62.66773758056927,,
Q8IWA4,293,0,1.9697803014194244,10.28,32.738864292293975,,
P0CG04,51,0,2.050875108648029,10.525,64.34952048532926,,
Q00341,87,0,1.910780813376412,10.5795,67.3317247628884,,
Q05193,559,0,1.9324483351028965,10.44,66.06450282495453,,
Q00796,348,0,2.915533742336301,9.407083333333334,4.501408671665092,,
Q9UII4,43,0,2.325346059728989,10.3365,38.53451532579077,,
P49419,214,0,1.9611224813499415,10.43066079295154,72.30267759482226,,
P09467,43,0,2.421379380189779,9.79625,12.726375037074227,,
Q96BM0,12,0,1.927567953180012,10.387,63.77865710275618,,
P12259,899,0,2.7118516399832258,10.24,27.178899793909544,,
P49419,113,0,4.097596972306577,9.941666666666666,3.088512827713515,,
Q9Y600,436,0,1.9911759323054088,10.425,68.18000550298903,,
Q7Z3T8,6,0,1.9701986813081915,10.35,69.55492680032495,,
P46976,17,0,3.227511981086431,9.638285714285717,42.59436302085084,,
P05106,412,0,1.9328233119754832,11.285503875968992,25.05260118898883,,
Q12792,29,0,3.3043458039118576,11.05,19.620587843530725,,
Q96KM6,50,0,1.9191126561387213,10.392,70.34013025042773,,
Q4LE39,61,0,2.2316228629428343,10.32578947368421,65.4491528369368,,
Q9UDX4,122,0,2.847246466501727,9.5,19.44164796197001,,
Q9HB71,116,0,2.4625448121228994,10.7325,45.45136805243028,,
Q03164,63,0,2.203743401019005,11.02375,42.26345326966178,,
Q9HB71,89,0,2.22406941503366,10.2475,53.64950952535936,,
Q9ULH1,100,0,2.7477131616617125,10.3555,44.10585173508274,,
Q9BYV9,98,0,2.022513790300143,9.931666666666668,67.94367974103814,,
P18206,72,0,1.9094633053318169,10.396,64.50782239390054,,
P09467,204,0,2.177446119065024,10.9059375,63.547105276503714,,
P49419,209,0,2.0841503220652497,10.938,61.70634477872384,,
P09467,142,0,1.9233391808299,10.005182291666666,55.855966441028805,,
P22061,179,0,2.235223744234088,10.81,35.956198781266416,,
P49419,65,0,2.035280550632584,10.449912280701756,56.69360372360961,,
P06276,131,0,3.292763736335559,10.23729064039409,31.004777851652747,,
P07451,36,0,1.946128969188324,10.706,61.09014755966098,,
P37840,374,0,1.9031432863026092,10.272857142857143,73.22918303331559,,
P07996,82,0,2.003959515658148,10.43,74.78253697589838,,
Q13464,22,0,1.954623356941648,10.174528301886792,56.18158365367898,,
P05106,172,0,4.18241880012574,9.438333333333334,37.80061910154272,,
P08637,140,0,1.9899289841086327,10.6275,47.34038971632592,,
P32780,62,0,2.1040736260203854,9.90017543859649,46.00232974408605,,
Q8N5Z0,376,0,1.945079736120257,10.285,64.48087159067325,,
P09960,433,0,1.956880287487753,10.527863247863248,63.85794500525255,,
P46379,31,0,2.504989320574011,10.8205,50.49867044464173,,
P48052,359,0,2.455605136186338,11.27,27.11037380415312,,
Q9Y217,449,0,2.283147225131305,10.875,49.37021036347228,,
P13929,228,0,2.097859761308676,10.595,55.20619868305962,,
Q6UW63,103,0,2.047118458340365,10.6295,44.96419211665954,,
Q92820,64,0,2.0488953199876474,10.18,65.22936277787525,,
P07237,107,0,2.377400144439046,10.376,40.02913784821315,,
Q15493,198,0,1.9058027903697317,10.427142857142856,84.95580406137458,,
P15822,50,0,1.923207883301684,10.388,67.57877993641594,,
P29374,27,0,2.038984926687681,11.271,46.23950856441493,,
P54652,254,0,2.051019456791771,11.085,29.63464350131252,,
Q9C0F1,102,0,2.2069440290943976,10.38,67.05454629730224,,
P61011,239,0,1.9409926093669807,10.33,48.357913943161655,,
P12259,774,0,1.9929205243468893,9.88,50.979082138730206,,
P33981,22,0,2.106148666917369,10.3,66.78856139179064,,
Q9NQT8,36,0,2.0823568345339103,10.145,29.768638972972816,,
P05089,150,0,2.136636017845961,10.430149253731344,53.54289591705019,,
P11166,183,0,2.0307600317844767,10.266,66.34341407523871,,
P08253,51,0,2.401198780204681,10.577272727272728,49.54608319248288,,
Q9UKE5,41,0,3.3314705470507024,10.49,32.789391574139216,,
Q9H2K8,260,0,1.982270352698304,10.239999999999998,49.71288939963963,,
Q9BYW2,17,0,2.0239901865277306,10.419,63.25634441665044,,
Q99497,122,0,2.42354925777862,10.667864077669902,46.78323192885125,,
Q4LE39,30,0,2.0362566301444507,11.082631578947368,49.27680912596395,,
Q6IQ55,70,0,1.943611178159072,10.0655,45.936302330943,,
P29401,309,0,2.076602841996585,10.774,68.93733549952206,,
P07195,265,0,2.18979132169372,8.568000000000001,33.48028015854117,,
Q8IVW4,250,0,1.9614010175740293,10.42,69.08401515152124,,
P14151,113,0,3.2369479210519407,10.54,7.361155194750407,,
Q9Y5S2,50,0,1.999988613291016,10.385,71.55063989597961,,
Q96IY4,211,0,1.9290898799024656,11.199285714285711,55.35993725688529,,
Q5FWF4,109,0,2.0398974896899205,10.33,71.8070396714054,,
P32119,80,0,2.4348532533065423,9.744736842105263,40.14054098000681,,
Q9UDX4,64,0,1.9243244630764365,10.505,63.075130152908216,,
Q07817,23,0,2.1162471121957105,9.84765625,38.38769229772063,,
P22303,499,0,1.8990295897751757,10.39,74.32293178815524,,
Q92772,56,0,2.210483627943093,9.595,49.45185904754214,,
Q9ULC6,335,0,2.139560129962029,10.56,62.43152908292748,,
Q00341,86,0,1.9599962055013147,9.884,35.74318243689128,,
Q8IWA4,133,0,1.9036819981791704,10.59,61.467191037969314,,
Q92769,11,0,2.167740363223775,11.036805555555556,43.64453548835468,,
Q7Z589,48,0,2.22426542914126,11.78,59.35669527322647,,
P08575,60,0,2.016896491579673,10.34,55.20600778767268,,
P62942,26,0,1.933454940362804,10.66,58.53677231556301,,
P52799,89,0,2.0402508543820863,10.093,44.80117291036936,,
P07237,134,0,1.9080700062037323,10.497,66.28813186201258,,
P09960,187,0,3.024695064320527,11.120869565217392,29.372613900790835,,
Q8TF39,65,0,1.888707268459162,10.3485,69.51097231935965,,
Q8WZ42,110,0,2.010257042482755,10.4075,64.64375027229202,,
Q9H1D9,77,0,1.96193309112892,10.123,40.77749630697555,,
Q07817,17,0,2.0336806848260616,9.946000000000002,43.72844337387765,,
P54652,164,0,2.536146485617432,10.27625,50.4962667990125,,
P25311,204,0,2.374080999635805,9.823076923076922,41.48675993590866,,
P37840,2,0,1.895833462482272,10.443333333333332,60.59615538594067,,
Q5VST9,48,0,1.9411746883061332,10.42425,73.97485395773761,,
P35658,184,0,2.0790545990423444,10.45,74.60984755472137,,
A0FGR8,69,0,1.8901353285587996,10.422,71.53153181316262,,
Q14126,203,0,2.0932112165081005,10.64,65.37932473969896,,
Q14324,55,0,1.8892696703488696,10.395,75.53765967634303,,
Q08554,483,0,1.9326339012147196,10.345,72.54992815920896,,
P08603,11,0,24.90246740278805,10.61,71.63616648348125,,
Q96KM6,81,0,1.895741845237478,10.395,59.5617594611972,,
P62942,18,0,2.098963105238786,10.3875,74.49287231576037,,
Q96IY4,124,0,1.977472066028018,11.06142857142857,22.94305114916625,,
Q96PN6,110,0,1.914899696910924,10.5044,76.54496085525136,,
Q9UBX1,190,0,2.0757994811097285,9.075,49.09610640444657,,
Q92995,23,0,2.0266363496423176,10.682,36.27644815488407,,
Q00341,8,0,1.8794210936335327,10.403,73.82638343430128,,
P07738,255,0,1.8756738767603136,10.62904761904762,71.35688419489806,,
P12259,899,0,2.7118516399832258,10.24,27.178899793909544,,
Q06187,10,0,2.030128417646317,10.269767441860466,47.21558580046828,,
Q9Y217,291,0,1.950867982299956,10.48,64.42704582904128,,
P08572,187,0,3.599637641471797,7.17,2.000834546178474,,
Q14012,72,0,1.9079723764879724,10.23,50.20906468936596,,
Q9Y217,242,0,1.90463233696744,10.34,76.07886936950933,,
Q86W26,29,0,1.9700369618481144,10.4165,63.98487975301792,,
P30101,76,0,1.9143762147566163,10.405,72.11910945040052,,
P09960,192,0,1.928851883292785,10.095,64.90784040473443,,
Q9H2K8,260,0,1.982270352698304,10.239999999999998,49.71288939963963,,
P16233,96,0,1.896024008913319,9.92,50.63777754934881,,
P12259,320,0,6.169959573292377,8.9,28.293412512694,,
P09467,274,0,2.1674120266989685,9.891170212765957,48.98446480580574,,
P06899,116,0,2.1318193278491586,10.026,34.647643628737576,,
Q9NQC7,85,0,1.9005663357123084,9.9705,55.57191388369173,,
Q14126,318,0,1.9263453876986565,10.318,63.08371062784333,,
P07237,64,0,2.97263767145485,10.142666666666663,27.21477994542281,,
P51687,78,0,2.075105051350945,11.195,28.337427534767723,,
Q9BZ29,398,0,1.9210920188356493,10.16,60.94274141436066,,
P46597,345,0,2.418694124332732,10.26,19.4858838772772,,
P61769,50,0,1.928231067091946,10.548064516129031,71.0423157423239,,
P07237,180,0,1.9007116855044452,10.453,78.36404095828411,,
Q96JM7,86,0,2.191791275456404,10.460555555555556,61.88946254218152,,
Q9UKY1,51,0,2.045170734282094,10.2405,48.601202477997234,,
P37840,138,0,2.01049927733008,10.31,70.29060092999883,,
P68871,6,0,1.9959265055204087,9.258666666666668,53.82721513188968,,
P12259,551,0,1.89764157550912,10.37,61.209842239762736,,
P49588,113,0,2.0594546177735022,10.355,60.31480740149354,,
Q9BS26,101,0,2.0748775551241776,10.74,55.70351389095367,,
P29374,58,0,2.3328978085046934,10.8865,58.62496434808168,,
Q14012,263,0,2.014939618314466,10.695,62.8501790289418,,
P17927,352,0,1.9921277728057327,10.522,51.37380362069969,,
Q92769,59,0,1.9570505639781637,10.597916666666666,41.80881908869704,,
P25311,116,0,2.6726352413484404,11.568461538461538,22.64218072003989,,
Q8WZ42,159,0,1.9865140720539929,10.263333333333334,61.23826928995461,,
Q9BZF1,43,0,1.9626474809779448,10.274,63.83482616140848,,
Q00059,104,0,37.78475867174328,10.26,71.70744136680956,,
Q7KYR7,184,0,2.0990789639502614,10.531428571428572,50.31017535292525,,
Q92772,231,0,1.9281072987399828,10.66,60.22874903398544,,
P30153,132,0,2.197326345786444,11.03,39.21697560615176,,
Q9BZ29,221,0,1.9143108115771743,10.64,70.36297061076704,,
Q96C45,126,0,2.247111925675489,10.34,7.516293148637054,,
P25311,201,0,2.5379616539343326,10.162307692307694,30.751741489051486,,
Q01082,55,0,2.048329452796656,10.35,63.20881146530315,,
P30101,80,0,3.3856563248410323,10.4965,15.704842946495637,,
Q9Y2H6,47,0,1.990705209504745,10.523,73.37149718052322,,
Q7KYR7,120,0,1.9884403231084609,9.937,55.00594287717813,,
Q8WUD1,170,0,2.0529823920642363,10.33,59.637540566488006,,
P08575,29,0,2.151101880616279,11.226666666666668,55.00997458775024,,
P12259,786,0,1.8707651466181463,10.41,65.41833284848103,,
Q93034,374,0,2.03752002869607,10.65,67.11731270052708,,
P23284,172,0,2.0930019241592333,10.9125,41.60141988653382,,
P61011,131,0,2.187767686390296,10.4,54.85065329781273,,
Q13426,148,0,2.8566386902636163,9.06,0.4675409816858059,,
P29374,38,0,1.8878349678502804,10.4955,79.9923660643017,,
Q5VVJ2,55,0,1.9319527995209,10.178,64.922000479122,,
Q14980,38,0,2.07053845684223,9.93125,37.79705344842243,,
Q9UDX4,187,0,2.057074676874729,12.32,22.49529238372102,,
Q16798,338,0,2.9948058398034147,10.35375,31.624862900438817,,
P55795,76,0,2.169765825707449,10.24775,44.94869686539418,,
P09467,201,0,1.9264112641011175,10.714281914893617,54.20437626906296,,
Q9HCL0,206,0,2.1082220895453623,10.8625,50.14319759964187,,
P78417,167,0,7.261720921921487,10.366666666666667,43.27803770753869,,
P62820,13,0,2.455719439444506,9.9725,40.00941780932718,,
Q5VVJ2,32,0,2.193728268488913,10.3035,42.57712493366098,,
P48052,24,0,2.008342407503922,10.481428571428571,70.92391164070956,,
